ISO-10303-21;
HEADER;
FILE_DESCRIPTION (( 'STEP AP214' ),
    '1' );
FILE_NAME ('USB2422-I_MJ.STEP',
    '2024-02-09T12:00:44',
    ( 'LENOVO' ),
    ( '' ),
    'SwSTEP 2.0',
    'SolidWorks 2021',
    '' );
FILE_SCHEMA (( 'AUTOMOTIVE_DESIGN' ));
ENDSEC;

DATA;
#1 = DIRECTION ( 'NONE',  ( 0.000000000000000000, 0.000000000000000000, -1.000000000000000000 ) ) ;
#2 = ADVANCED_FACE ( 'NONE', ( #226 ), #1806, .T. ) ;
#3 = CARTESIAN_POINT ( 'NONE',  ( -1.249999999999999778, 0.2000000000000000111, -1.720000000000000862 ) ) ;
#4 = EDGE_CURVE ( 'NONE', #8354, #4659, #5984, .T. ) ;
#5 = CARTESIAN_POINT ( 'NONE',  ( 1.999999999999999112, 0.6664761515876242992, 0.8700000000000001066 ) ) ;
#6 = ORIENTED_EDGE ( 'NONE', *, *, #3161, .F. ) ;
#7 = FACE_OUTER_BOUND ( 'NONE', #1048, .T. ) ;
#8 = ORIENTED_EDGE ( 'NONE', *, *, #3295, .T. ) ;
#9 = EDGE_CURVE ( 'NONE', #8564, #5717, #3188, .T. ) ;
#10 = ORIENTED_EDGE ( 'NONE', *, *, #488, .F. ) ;
#11 = EDGE_CURVE ( 'NONE', #5734, #7567, #64, .T. ) ;
#12 = VECTOR ( 'NONE', #1876, 1000.000000000000000 ) ;
#13 = DIRECTION ( 'NONE',  ( -0.000000000000000000, -1.000000000000000000, -0.000000000000000000 ) ) ;
#14 = CARTESIAN_POINT ( 'NONE',  ( -1.249999999999999334, 0.2000000000000000111, 1.720000000000000862 ) ) ;
#15 = CARTESIAN_POINT ( 'NONE',  ( 1.719999999999998863, 0.1999999999999999833, 1.370000000000000107 ) ) ;
#16 = CARTESIAN_POINT ( 'NONE',  ( 0.2500000000000006661, 0.2000000000000000111, 1.720000000000000862 ) ) ;
#17 = DIRECTION ( 'NONE',  ( 0.000000000000000000, -1.000000000000000000, 0.000000000000000000 ) ) ;
#18 = VERTEX_POINT ( 'NONE', #8240 ) ;
#19 = LINE ( 'NONE', #5486, #5778 ) ;
#20 = VERTEX_POINT ( 'NONE', #380 ) ;
#21 = EDGE_CURVE ( 'NONE', #8056, #4957, #74, .T. ) ;
#22 = EDGE_CURVE ( 'NONE', #7911, #4474, #497, .T. ) ;
#23 = CYLINDRICAL_SURFACE ( 'NONE', #7637, 0.1199999999999998845 ) ;
#24 = AXIS2_PLACEMENT_3D ( 'NONE', #3065, #5748, #6383 ) ;
#25 = CARTESIAN_POINT ( 'NONE',  ( -0.6299999999999994493, 0.2000000000000000111, 2.000000000000000888 ) ) ;
#26 = CARTESIAN_POINT ( 'NONE',  ( -2.168404344971008868E-16, 0.05000000000000000278, 1.250000000000000000 ) ) ;
#27 = CARTESIAN_POINT ( 'NONE',  ( -1.719999999999998863, 0.1999999999999999833, 0.3700000000000001066 ) ) ;
#28 = EDGE_LOOP ( 'NONE', ( #6224, #4990, #3206, #7649 ) ) ;
#29 = DIRECTION ( 'NONE',  ( 0.000000000000000000, 0.000000000000000000, 1.000000000000000000 ) ) ;
#30 = VERTEX_POINT ( 'NONE', #479 ) ;
#31 = ORIENTED_EDGE ( 'NONE', *, *, #8523, .F. ) ;
#32 = DIRECTION ( 'NONE',  ( 0.000000000000000000, 1.000000000000000000, 0.000000000000000000 ) ) ;
#33 = FACE_OUTER_BOUND ( 'NONE', #8483, .T. ) ;
#34 = EDGE_CURVE ( 'NONE', #3948, #2431, #6321, .T. ) ;
#35 = ORIENTED_EDGE ( 'NONE', *, *, #4867, .F. ) ;
#36 = CIRCLE ( 'NONE', #6130, 0.1199999999999998845 ) ;
#37 = ORIENTED_EDGE ( 'NONE', *, *, #5664, .T. ) ;
#38 = ORIENTED_EDGE ( 'NONE', *, *, #2358, .T. ) ;
#39 = CARTESIAN_POINT ( 'NONE',  ( -0.6299999999999998934, 0.2000000000000000111, -1.720000000000000862 ) ) ;
#40 = UNCERTAINTY_MEASURE_WITH_UNIT (LENGTH_MEASURE( 1.000000000000000082E-05 ), #8321, 'distance_accuracy_value', 'NONE');
#41 = DIRECTION ( 'NONE',  ( 0.000000000000000000, -1.000000000000000000, 0.000000000000000000 ) ) ;
#42 = ADVANCED_FACE ( 'NONE', ( #450 ), #6179, .F. ) ;
#43 = DIRECTION ( 'NONE',  ( 0.000000000000000000, -0.000000000000000000, 1.000000000000000000 ) ) ;
#44 = CARTESIAN_POINT ( 'NONE',  ( 1.719999999999998863, 0.6664761515876242992, 0.1299999999999998934 ) ) ;
#45 = LINE ( 'NONE', #2543, #118 ) ;
#46 = CARTESIAN_POINT ( 'NONE',  ( -1.999999999999999112, 0.1999999999999999833, 1.370000000000000107 ) ) ;
#47 = CARTESIAN_POINT ( 'NONE',  ( -0.3699999999999992184, 0.2000000000000000111, 2.000000000000000888 ) ) ;
#48 = CARTESIAN_POINT ( 'NONE',  ( 0.2500000000000002220, 0.04999999999999999584, -1.720000000000000862 ) ) ;
#49 = CARTESIAN_POINT ( 'NONE',  ( 1.719999999999998863, 0.1999999999999999833, -1.250000000000000222 ) ) ;
#50 = PRESENTATION_LAYER_ASSIGNMENT (  '', '', ( #4801 ) ) ;
#51 = VERTEX_POINT ( 'NONE', #3745 ) ;
#52 = FACE_OUTER_BOUND ( 'NONE', #4074, .T. ) ;
#53 = ORIENTED_EDGE ( 'NONE', *, *, #6533, .T. ) ;
#54 = AXIS2_PLACEMENT_3D ( 'NONE', #6678, #4543, #7393 ) ;
#55 = MECHANICAL_DESIGN_GEOMETRIC_PRESENTATION_REPRESENTATION (  '', ( #6254 ), #3241 ) ;
#56 = LINE ( 'NONE', #7326, #5905 ) ;
#57 = CYLINDRICAL_SURFACE ( 'NONE', #5887, 0.1199999999999998845 ) ;
#58 = AXIS2_PLACEMENT_3D ( 'NONE', #5919, #1199, #5246 ) ;
#59 = PLANE ( 'NONE',  #1454 ) ;
#60 = DIRECTION ( 'NONE',  ( 0.000000000000000000, 1.000000000000000000, 0.000000000000000000 ) ) ;
#61 = CARTESIAN_POINT ( 'NONE',  ( -1.149999999999999911, 3.735533905932738374, -1.150000000000000133 ) ) ;
#62 = DIRECTION ( 'NONE',  ( 0.000000000000000000, 0.000000000000000000, -1.000000000000000000 ) ) ;
#63 = CARTESIAN_POINT ( 'NONE',  ( 1.130000000000000782, 0.1999999999999999833, 2.000000000000000888 ) ) ;
#64 = LINE ( 'NONE', #7670, #5809 ) ;
#65 = LINE ( 'NONE', #154, #2804 ) ;
#66 = ORIENTED_EDGE ( 'NONE', *, *, #937, .T. ) ;
#67 = DIRECTION ( 'NONE',  ( 0.000000000000000000, 0.000000000000000000, -1.000000000000000000 ) ) ;
#68 = ORIENTED_EDGE ( 'NONE', *, *, #5368, .F. ) ;
#69 = FACE_OUTER_BOUND ( 'NONE', #2587, .T. ) ;
#70 = AXIS2_PLACEMENT_3D ( 'NONE', #7253, #95, #1382 ) ;
#71 = EDGE_CURVE ( 'NONE', #6778, #2030, #6134, .T. ) ;
#72 = DIRECTION ( 'NONE',  ( -0.000000000000000000, -1.000000000000000000, -0.000000000000000000 ) ) ;
#73 = DIRECTION ( 'NONE',  ( -0.000000000000000000, -0.000000000000000000, 1.000000000000000000 ) ) ;
#74 = LINE ( 'NONE', #1698, #6207 ) ;
#75 = CARTESIAN_POINT ( 'NONE',  ( -1.636363636363635132, 0.9000000000000000222, -1.803030301363636845 ) ) ;
#76 = VERTEX_POINT ( 'NONE', #7770 ) ;
#77 = DIRECTION ( 'NONE',  ( 1.000000000000000000, 0.000000000000000000, -7.744301232039308793E-16 ) ) ;
#78 = VERTEX_POINT ( 'NONE', #8475 ) ;
#79 = EDGE_CURVE ( 'NONE', #6552, #1304, #6119, .T. ) ;
#80 = VERTEX_POINT ( 'NONE', #7946 ) ;
#81 = PLANE ( 'NONE',  #643 ) ;
#82 = COLOUR_RGB ( '',0.7921568627450980005, 0.8196078431372548767, 0.9333333333333333481 ) ;
#83 = EDGE_CURVE ( 'NONE', #4892, #8280, #3366, .T. ) ;
#84 = ADVANCED_FACE ( 'NONE', ( #6244 ), #6222, .T. ) ;
#85 = VERTEX_POINT ( 'NONE', #8540 ) ;
#86 = VERTEX_POINT ( 'NONE', #7882 ) ;
#87 = CARTESIAN_POINT ( 'NONE',  ( -1.719999999999998863, 0.6664761515876242992, -1.129999999999999893 ) ) ;
#88 = DIRECTION ( 'NONE',  ( 0.000000000000000000, 0.000000000000000000, 1.000000000000000000 ) ) ;
#89 = ORIENTED_EDGE ( 'NONE', *, *, #2245, .F. ) ;
#90 = CARTESIAN_POINT ( 'NONE',  ( 1.719999999999998863, 0.1999999999999999833, 0.7499999999999997780 ) ) ;
#91 = CARTESIAN_POINT ( 'NONE',  ( 1.719999999999998863, 0.6664761515876242992, -0.6299999999999998934 ) ) ;
#92 = DIRECTION ( 'NONE',  ( 0.000000000000000000, 0.000000000000000000, 1.000000000000000000 ) ) ;
#93 = CARTESIAN_POINT ( 'NONE',  ( -1.129999999999999893, 0.6664761515876238551, -2.000000000000000888 ) ) ;
#94 = LINE ( 'NONE', #8558, #5883 ) ;
#95 = DIRECTION ( 'NONE',  ( 7.744301232039308793E-16, 0.000000000000000000, 1.000000000000000000 ) ) ;
#96 = CARTESIAN_POINT ( 'NONE',  ( -0.6299999999999998934, 0.1999999999999999833, -1.720000000000000862 ) ) ;
#97 = FACE_OUTER_BOUND ( 'NONE', #4790, .T. ) ;
#98 = CARTESIAN_POINT ( 'NONE',  ( 1.149999999999999911, 0.2000000000000000944, 1.150000000000000355 ) ) ;
#99 = EDGE_CURVE ( 'NONE', #7175, #2549, #334, .T. ) ;
#100 = EDGE_CURVE ( 'NONE', #6677, #2837, #3318, .T. ) ;
#101 = ORIENTED_EDGE ( 'NONE', *, *, #1705, .F. ) ;
#102 = VERTEX_POINT ( 'NONE', #6067 ) ;
#103 = VERTEX_POINT ( 'NONE', #6706 ) ;
#104 = ADVANCED_FACE ( 'NONE', ( #377 ), #4574, .F. ) ;
#105 = VECTOR ( 'NONE', #7196, 1000.000000000000000 ) ;
#106 = DIRECTION ( 'NONE',  ( -0.000000000000000000, -1.000000000000000000, -0.000000000000000000 ) ) ;
#107 = CARTESIAN_POINT ( 'NONE',  ( -1.249999999999999334, 0.000000000000000000, 1.720000000000000862 ) ) ;
#108 = DIRECTION ( 'NONE',  ( -7.744301232039308793E-16, 0.000000000000000000, 1.000000000000000000 ) ) ;
#109 = CARTESIAN_POINT ( 'NONE',  ( -1.719999999999998863, 0.1999999999999999833, -1.369999999999999662 ) ) ;
#110 = EDGE_CURVE ( 'NONE', #3655, #5421, #589, .T. ) ;
#111 = CARTESIAN_POINT ( 'NONE',  ( -1.636363636363635132, 1.000000000000000000, -1.469696971363636973 ) ) ;
#112 = PLANE ( 'NONE',  #1640 ) ;
#113 = EDGE_CURVE ( 'NONE', #1406, #851, #3260, .T. ) ;
#114 = ORIENTED_EDGE ( 'NONE', *, *, #8383, .T. ) ;
#115 = ORIENTED_EDGE ( 'NONE', *, *, #7693, .T. ) ;
#116 = EDGE_LOOP ( 'NONE', ( #7736, #7325, #857, #1427 ) ) ;
#117 = MECHANICAL_DESIGN_GEOMETRIC_PRESENTATION_REPRESENTATION (  '', ( #5619 ), #6408 ) ;
#118 = VECTOR ( 'NONE', #6434, 1000.000000000000000 ) ;
#119 = ADVANCED_FACE ( 'NONE', ( #3249 ), #1856, .F. ) ;
#120 = PRESENTATION_STYLE_ASSIGNMENT (( #8462 ) ) ;
#121 = DIRECTION ( 'NONE',  ( 0.000000000000000000, 1.000000000000000000, 0.000000000000000000 ) ) ;
#122 = DIRECTION ( 'NONE',  ( -0.000000000000000000, -1.000000000000000000, -0.000000000000000000 ) ) ;
#123 = CARTESIAN_POINT ( 'NONE',  ( 0.7500000000000002220, 0.2000000000000000111, -1.720000000000000862 ) ) ;
#124 = DIRECTION ( 'NONE',  ( 1.000000000000000000, 0.000000000000000000, -7.744301232039308793E-16 ) ) ;
#125 = ORIENTED_EDGE ( 'NONE', *, *, #7793, .F. ) ;
#126 = CARTESIAN_POINT ( 'NONE',  ( 1.060969268789385947E-15, 0.05000000000000000278, -1.370000000000000995 ) ) ;
#127 = ORIENTED_EDGE ( 'NONE', *, *, #6656, .F. ) ;
#128 = DIRECTION ( 'NONE',  ( 0.000000000000000000, -1.000000000000000000, 0.000000000000000000 ) ) ;
#129 = EDGE_CURVE ( 'NONE', #402, #5827, #512, .T. ) ;
#130 = VERTEX_POINT ( 'NONE', #2248 ) ;
#131 = DIRECTION ( 'NONE',  ( 0.000000000000000000, 0.000000000000000000, -1.000000000000000000 ) ) ;
#132 = PLANE ( 'NONE',  #4264 ) ;
#133 = AXIS2_PLACEMENT_3D ( 'NONE', #1678, #4310, #7650 ) ;
#134 = CARTESIAN_POINT ( 'NONE',  ( -1.719999999999998863, 0.1999999999999999833, -0.1299999999999998934 ) ) ;
#135 = DIRECTION ( 'NONE',  ( 1.000000000000000000, 0.000000000000000000, 7.744301232039308793E-16 ) ) ;
#136 = MANIFOLD_SOLID_BREP ( 'LPattern4[1]', #2136 ) ;
#137 = VERTEX_POINT ( 'NONE', #2960 ) ;
#138 = ORIENTED_EDGE ( 'NONE', *, *, #6003, .T. ) ;
#139 = VERTEX_POINT ( 'NONE', #2896 ) ;
#140 = CARTESIAN_POINT ( 'NONE',  ( -1.719999999999998863, 0.1999999999999999833, -0.8699999999999996625 ) ) ;
#141 = DIRECTION ( 'NONE',  ( -0.000000000000000000, -1.000000000000000000, -0.000000000000000000 ) ) ;
#142 = CARTESIAN_POINT ( 'NONE',  ( -0.3699999999999992184, 0.04999999999999999584, 1.720000000000000862 ) ) ;
#143 = ORIENTED_EDGE ( 'NONE', *, *, #2544, .F. ) ;
#144 = CARTESIAN_POINT ( 'NONE',  ( -0.6299999999999994493, 0.2000000000000000111, 2.000000000000000888 ) ) ;
#145 = DIRECTION ( 'NONE',  ( 0.000000000000000000, -1.000000000000000000, 0.000000000000000000 ) ) ;
#146 = FILL_AREA_STYLE_COLOUR ( '', #3602 ) ;
#147 = STYLED_ITEM ( 'NONE', ( #3944 ), #8047 ) ;
#148 = DIRECTION ( 'NONE',  ( -0.000000000000000000, -1.000000000000000000, -0.000000000000000000 ) ) ;
#149 = DIRECTION ( 'NONE',  ( 0.000000000000000000, 0.000000000000000000, 1.000000000000000000 ) ) ;
#150 = LINE ( 'NONE', #6700, #281 ) ;
#151 = MECHANICAL_DESIGN_GEOMETRIC_PRESENTATION_REPRESENTATION (  '', ( #8465 ), #4900 ) ;
#152 = FILL_AREA_STYLE ('',( #2031 ) ) ;
#153 = CARTESIAN_POINT ( 'NONE',  ( 0.7500000000000002220, 0.6664761515876238551, -1.720000000000000862 ) ) ;
#154 = CARTESIAN_POINT ( 'NONE',  ( -1.129999999999999893, 0.2000000000000000111, -2.000000000000000888 ) ) ;
#155 = ADVANCED_FACE ( 'NONE', ( #6348 ), #4219, .T. ) ;
#156 = EDGE_LOOP ( 'NONE', ( #1769, #1942, #1859, #585, #4836, #6838, #6630, #2629 ) ) ;
#157 = AXIS2_PLACEMENT_3D ( 'NONE', #7212, #4548, #1035 ) ;
#158 = VERTEX_POINT ( 'NONE', #6897 ) ;
#159 = AXIS2_PLACEMENT_3D ( 'NONE', #5563, #639, #4023 ) ;
#160 = VERTEX_POINT ( 'NONE', #3648 ) ;
#161 = ADVANCED_FACE ( 'NONE', ( #3427 ), #4946, .T. ) ;
#162 = LINE ( 'NONE', #2303, #386 ) ;
#163 = VECTOR ( 'NONE', #2003, 1000.000000000000000 ) ;
#164 = DIRECTION ( 'NONE',  ( -0.000000000000000000, -1.000000000000000000, -0.000000000000000000 ) ) ;
#165 = DIRECTION ( 'NONE',  ( 0.000000000000000000, 0.000000000000000000, 1.000000000000000000 ) ) ;
#166 = CARTESIAN_POINT ( 'NONE',  ( -1.999999999999999112, 0.6664761515876242992, -1.369999999999999440 ) ) ;
#167 = CARTESIAN_POINT ( 'NONE',  ( -1.369999999999999662, 0.2000000000000000111, -1.720000000000000862 ) ) ;
#168 = CARTESIAN_POINT ( 'NONE',  ( -1.249999999999999778, 0.2000000000000000111, -1.720000000000000862 ) ) ;
#169 = DIRECTION ( 'NONE',  ( -1.000000000000000000, 0.000000000000000000, 0.000000000000000000 ) ) ;
#170 = CLOSED_SHELL ( 'NONE', ( #670, #413, #8311, #7464, #925, #5866 ) ) ;
#171 = CARTESIAN_POINT ( 'NONE',  ( -0.3699999999999992184, 0.000000000000000000, 2.000000000000000888 ) ) ;
#172 = VERTEX_POINT ( 'NONE', #4351 ) ;
#173 = ADVANCED_FACE ( 'NONE', ( #3455 ), #4841, .T. ) ;
#174 = VECTOR ( 'NONE', #1099, 1000.000000000000000 ) ;
#175 = CIRCLE ( 'NONE', #1578, 0.1199999999999998845 ) ;
#176 = EDGE_CURVE ( 'NONE', #5755, #4892, #6148, .T. ) ;
#177 = CARTESIAN_POINT ( 'NONE',  ( -0.6299999999999998934, 0.2000000000000000111, -1.720000000000000862 ) ) ;
#178 = DIRECTION ( 'NONE',  ( -1.000000000000000000, 0.000000000000000000, 7.744301232039308793E-16 ) ) ;
#179 = ORIENTED_EDGE ( 'NONE', *, *, #2338, .T. ) ;
#180 = ORIENTED_EDGE ( 'NONE', *, *, #5790, .F. ) ;
#181 = DIRECTION ( 'NONE',  ( 0.000000000000000000, 1.000000000000000000, 0.000000000000000000 ) ) ;
#182 = ORIENTED_EDGE ( 'NONE', *, *, #5288, .F. ) ;
#183 = DIRECTION ( 'NONE',  ( 0.000000000000000000, -0.000000000000000000, 1.000000000000000000 ) ) ;
#184 = CARTESIAN_POINT ( 'NONE',  ( 0.2500000000000006661, 0.2000000000000000111, 1.720000000000000862 ) ) ;
#185 = ORIENTED_EDGE ( 'NONE', *, *, #565, .T. ) ;
#186 = DIRECTION ( 'NONE',  ( 1.000000000000000000, -0.000000000000000000, -0.000000000000000000 ) ) ;
#187 = EDGE_CURVE ( 'NONE', #6582, #3742, #6234, .T. ) ;
#188 = DIRECTION ( 'NONE',  ( -0.000000000000000000, -1.000000000000000000, -0.000000000000000000 ) ) ;
#189 = FACE_OUTER_BOUND ( 'NONE', #3970, .T. ) ;
#190 = CYLINDRICAL_SURFACE ( 'NONE', #3652, 0.1199999999999998845 ) ;
#191 = ADVANCED_FACE ( 'NONE', ( #477 ), #4589, .F. ) ;
#192 = FACE_OUTER_BOUND ( 'NONE', #3332, .T. ) ;
#193 = ORIENTED_EDGE ( 'NONE', *, *, #3795, .F. ) ;
#194 = ORIENTED_EDGE ( 'NONE', *, *, #7832, .F. ) ;
#195 = VERTEX_POINT ( 'NONE', #446 ) ;
#196 = DIRECTION ( 'NONE',  ( -0.000000000000000000, 1.000000000000000000, -0.000000000000000000 ) ) ;
#197 = EDGE_CURVE ( 'NONE', #3825, #8605, #6357, .T. ) ;
#198 = CARTESIAN_POINT ( 'NONE',  ( -0.6299999999999994493, 0.2000000000000000111, 1.720000000000000862 ) ) ;
#199 = EDGE_LOOP ( 'NONE', ( #6002, #7088, #6765, #6029 ) ) ;
#200 = CARTESIAN_POINT ( 'NONE',  ( 1.999999999999999112, 0.04999999999999969746, -1.129999999999999893 ) ) ;
#201 = DIRECTION ( 'NONE',  ( 0.000000000000000000, -1.000000000000000000, 0.000000000000000000 ) ) ;
#202 = EDGE_CURVE ( 'NONE', #2886, #6257, #607, .T. ) ;
#203 = DIRECTION ( 'NONE',  ( 0.000000000000000000, 1.000000000000000000, 0.000000000000000000 ) ) ;
#204 = SURFACE_STYLE_USAGE ( .BOTH. , #6786 ) ;
#205 = LINE ( 'NONE', #1041, #8161 ) ;
#206 = VECTOR ( 'NONE', #5008, 1000.000000000000000 ) ;
#207 = CARTESIAN_POINT ( 'NONE',  ( -0.7499999999999993339, 0.2000000000000000111, 1.720000000000000862 ) ) ;
#208 = EDGE_CURVE ( 'NONE', #6024, #5570, #3200, .T. ) ;
#209 = FACE_OUTER_BOUND ( 'NONE', #3557, .T. ) ;
#210 = DIRECTION ( 'NONE',  ( -1.000000000000000000, 0.000000000000000000, 0.000000000000000000 ) ) ;
#211 = DIRECTION ( 'NONE',  ( 0.000000000000000000, 0.000000000000000000, -1.000000000000000000 ) ) ;
#212 = CARTESIAN_POINT ( 'NONE',  ( -1.249999999999999778, 0.2000000000000000111, -1.720000000000000862 ) ) ;
#213 = VERTEX_POINT ( 'NONE', #4532 ) ;
#214 = VERTEX_POINT ( 'NONE', #4654 ) ;
#215 = ORIENTED_EDGE ( 'NONE', *, *, #4802, .F. ) ;
#216 = FACE_OUTER_BOUND ( 'NONE', #1831, .T. ) ;
#217 = EDGE_CURVE ( 'NONE', #5973, #6635, #346, .T. ) ;
#218 = DIRECTION ( 'NONE',  ( 0.000000000000000000, 0.000000000000000000, -1.000000000000000000 ) ) ;
#219 =( LENGTH_UNIT ( ) NAMED_UNIT ( * ) SI_UNIT ( .MILLI., .METRE. ) );
#220 = DIRECTION ( 'NONE',  ( -0.000000000000000000, -0.000000000000000000, 1.000000000000000000 ) ) ;
#221 = DIRECTION ( 'NONE',  ( 0.000000000000000000, 0.000000000000000000, -1.000000000000000000 ) ) ;
#222 = DIRECTION ( 'NONE',  ( 0.000000000000000000, -1.000000000000000000, 0.000000000000000000 ) ) ;
#223 = PLANE ( 'NONE',  #7996 ) ;
#224 = AXIS2_PLACEMENT_3D ( 'NONE', #3814, #4600, #7847 ) ;
#225 = ADVANCED_FACE ( 'NONE', ( #362 ), #1138, .F. ) ;
#226 = FACE_OUTER_BOUND ( 'NONE', #5169, .T. ) ;
#227 = CARTESIAN_POINT ( 'NONE',  ( -0.8699999999999996625, 0.6664761515876238551, -2.000000000000000888 ) ) ;
#228 = VERTEX_POINT ( 'NONE', #2485 ) ;
#229 = AXIS2_PLACEMENT_3D ( 'NONE', #7807, #8517, #511 ) ;
#230 = LINE ( 'NONE', #5200, #317 ) ;
#231 = EDGE_CURVE ( 'NONE', #7118, #3937, #6399, .T. ) ;
#232 = CARTESIAN_POINT ( 'NONE',  ( -0.7499999999999997780, 0.1999999999999999833, -1.720000000000000862 ) ) ;
#233 = AXIS2_PLACEMENT_3D ( 'NONE', #5501, #835, #4329 ) ;
#234 = DIRECTION ( 'NONE',  ( -0.000000000000000000, -0.000000000000000000, 1.000000000000000000 ) ) ;
#235 = DIRECTION ( 'NONE',  ( 0.000000000000000000, 0.000000000000000000, 1.000000000000000000 ) ) ;
#236 = EDGE_LOOP ( 'NONE', ( #6468, #8037, #2294, #2613 ) ) ;
#237 = CARTESIAN_POINT ( 'NONE',  ( 1.130000000000000338, 0.6664761515876238551, -1.720000000000000862 ) ) ;
#238 = AXIS2_PLACEMENT_3D ( 'NONE', #5595, #4797, #6241 ) ;
#239 = VERTEX_POINT ( 'NONE', #3229 ) ;
#240 = ADVANCED_FACE ( 'NONE', ( #796 ), #6558, .F. ) ;
#241 = DIRECTION ( 'NONE',  ( 1.000000000000000000, -0.000000000000000000, 0.000000000000000000 ) ) ;
#242 = ORIENTED_EDGE ( 'NONE', *, *, #8391, .T. ) ;
#243 = DIRECTION ( 'NONE',  ( -0.000000000000000000, -1.000000000000000000, -0.000000000000000000 ) ) ;
#244 = DIRECTION ( 'NONE',  ( 0.000000000000000000, 0.000000000000000000, 1.000000000000000000 ) ) ;
#245 = AXIS2_PLACEMENT_3D ( 'NONE', #917, #1731, #1091 ) ;
#246 = VECTOR ( 'NONE', #6282, 1000.000000000000000 ) ;
#247 = AXIS2_PLACEMENT_3D ( 'NONE', #3265, #1749, #7229 ) ;
#248 = VERTEX_POINT ( 'NONE', #8497 ) ;
#249 = EDGE_CURVE ( 'NONE', #2767, #102, #3671, .T. ) ;
#250 = ORIENTED_EDGE ( 'NONE', *, *, #2780, .F. ) ;
#251 = AXIS2_PLACEMENT_3D ( 'NONE', #6448, #6620, #7332 ) ;
#252 =( NAMED_UNIT ( * ) SI_UNIT ( $, .STERADIAN. ) SOLID_ANGLE_UNIT ( ) );
#253 = LINE ( 'NONE', #6559, #6086 ) ;
#254 = CARTESIAN_POINT ( 'NONE',  ( 1.370000000000000551, 0.1999999999999996503, 1.999999999999999112 ) ) ;
#255 =( NAMED_UNIT ( * ) SI_UNIT ( $, .STERADIAN. ) SOLID_ANGLE_UNIT ( ) );
#256 = CARTESIAN_POINT ( 'NONE',  ( 0.1300000000000003375, 0.2000000000000000111, -1.720000000000000862 ) ) ;
#257 = DIRECTION ( 'NONE',  ( 0.000000000000000000, 0.000000000000000000, 1.000000000000000000 ) ) ;
#258 = LINE ( 'NONE', #3880, #3051 ) ;
#259 = DIRECTION ( 'NONE',  ( 0.000000000000000000, -0.000000000000000000, 1.000000000000000000 ) ) ;
#260 = CARTESIAN_POINT ( 'NONE',  ( 0.7500000000000006661, 0.1999999999999999833, 1.720000000000000862 ) ) ;
#261 = DIRECTION ( 'NONE',  ( 0.000000000000000000, 0.000000000000000000, -1.000000000000000000 ) ) ;
#262 = EDGE_CURVE ( 'NONE', #5141, #1520, #826, .T. ) ;
#263 = DIRECTION ( 'NONE',  ( 0.000000000000000000, -1.000000000000000000, 0.000000000000000000 ) ) ;
#264 = CARTESIAN_POINT ( 'NONE',  ( 0.6300000000000007816, 0.2000000000000000111, 2.000000000000000888 ) ) ;
#265 = EDGE_LOOP ( 'NONE', ( #6059, #3019, #5907, #7645 ) ) ;
#266 = EDGE_LOOP ( 'NONE', ( #5552, #2428, #7264, #5192, #2874 ) ) ;
#267 = EDGE_CURVE ( 'NONE', #6311, #4049, #725, .T. ) ;
#268 = ORIENTED_EDGE ( 'NONE', *, *, #2328, .F. ) ;
#269 = VECTOR ( 'NONE', #5180, 1000.000000000000000 ) ;
#270 = CARTESIAN_POINT ( 'NONE',  ( 1.999999999999999112, 0.000000000000000000, 0.6300000000000005596 ) ) ;
#271 = CARTESIAN_POINT ( 'NONE',  ( 1.719999999999998863, 0.000000000000000000, -0.2500000000000002220 ) ) ;
#272 = DIRECTION ( 'NONE',  ( 0.000000000000000000, 0.000000000000000000, -1.000000000000000000 ) ) ;
#273 = CARTESIAN_POINT ( 'NONE',  ( 0.6300000000000003375, 0.2000000000000000111, -1.720000000000000862 ) ) ;
#274 = CARTESIAN_POINT ( 'NONE',  ( 1.370000000000000551, 0.04999999999999969746, 2.000000000000000888 ) ) ;
#275 = PLANE ( 'NONE',  #888 ) ;
#276 =( NAMED_UNIT ( * ) PLANE_ANGLE_UNIT ( ) SI_UNIT ( $, .RADIAN. ) );
#277 = VERTEX_POINT ( 'NONE', #5068 ) ;
#278 = CARTESIAN_POINT ( 'NONE',  ( -1.999999999999999112, 0.6664761515876242992, 0.8700000000000001066 ) ) ;
#279 = EDGE_LOOP ( 'NONE', ( #8286, #5035, #502, #6483 ) ) ;
#280 = VECTOR ( 'NONE', #444, 1000.000000000000000 ) ;
#281 = VECTOR ( 'NONE', #73, 1000.000000000000000 ) ;
#282 = EDGE_CURVE ( 'NONE', #3690, #2413, #3561, .T. ) ;
#283 = EDGE_CURVE ( 'NONE', #7149, #3164, #3518, .T. ) ;
#284 = CARTESIAN_POINT ( 'NONE',  ( 2.000000000000000888, 0.05000000000000000278, 1.999999999999999112 ) ) ;
#285 = EDGE_CURVE ( 'NONE', #4474, #4222, #686, .T. ) ;
#286 = CARTESIAN_POINT ( 'NONE',  ( -1.719999999999998863, 0.1999999999999999833, -0.3699999999999996625 ) ) ;
#287 = ADVANCED_FACE ( 'NONE', ( #768 ), #3622, .F. ) ;
#288 = EDGE_LOOP ( 'NONE', ( #6355, #1042, #1376, #8153 ) ) ;
#289 = DIRECTION ( 'NONE',  ( 0.000000000000000000, -1.000000000000000000, 0.000000000000000000 ) ) ;
#290 = ORIENTED_EDGE ( 'NONE', *, *, #6873, .F. ) ;
#291 = CARTESIAN_POINT ( 'NONE',  ( -1.719999999999998863, 0.6664761515876242992, -0.1299999999999998934 ) ) ;
#292 = DIRECTION ( 'NONE',  ( 0.000000000000000000, 0.000000000000000000, -1.000000000000000000 ) ) ;
#293 = ADVANCED_FACE ( 'NONE', ( #6479, #645 ), #8216, .T. ) ;
#294 = CIRCLE ( 'NONE', #4037, 0.1199999999999998845 ) ;
#295 = LINE ( 'NONE', #3377, #6016 ) ;
#296 = EDGE_CURVE ( 'NONE', #8414, #86, #6539, .T. ) ;
#297 = VERTEX_POINT ( 'NONE', #4858 ) ;
#298 = CLOSED_SHELL ( 'NONE', ( #4409, #5517, #7405, #6379, #6609, #551 ) ) ;
#299 = CARTESIAN_POINT ( 'NONE',  ( -1.129999999999999449, 0.2000000000000000111, 2.000000000000000888 ) ) ;
#300 = ADVANCED_FACE ( 'NONE', ( #6407 ), #6855, .F. ) ;
#301 = PLANE ( 'NONE',  #2491 ) ;
#302 = AXIS2_PLACEMENT_3D ( 'NONE', #1509, #4171, #6191 ) ;
#303 = CARTESIAN_POINT ( 'NONE',  ( -0.7499999999999997780, 0.2000000000000000111, -1.720000000000000862 ) ) ;
#304 = FILL_AREA_STYLE ('',( #2323 ) ) ;
#305 = CARTESIAN_POINT ( 'NONE',  ( -1.249999999999999778, 0.2000000000000000111, -1.720000000000000862 ) ) ;
#306 = CIRCLE ( 'NONE', #6532, 0.1000000000000000472 ) ;
#307 = CARTESIAN_POINT ( 'NONE',  ( 0.3700000000000001066, 0.000000000000000000, -1.720000000000000862 ) ) ;
#308 = CARTESIAN_POINT ( 'NONE',  ( 2.168404344971008868E-16, 0.05000000000000000278, -1.250000000000000000 ) ) ;
#309 = DIRECTION ( 'NONE',  ( 7.744301232039308793E-16, 0.000000000000000000, 1.000000000000000000 ) ) ;
#310 = CARTESIAN_POINT ( 'NONE',  ( -1.719999999999998863, 0.6664761515876242992, -0.6299999999999998934 ) ) ;
#311 = DIRECTION ( 'NONE',  ( 0.000000000000000000, 0.000000000000000000, 1.000000000000000000 ) ) ;
#312 = ORIENTED_EDGE ( 'NONE', *, *, #4197, .F. ) ;
#313 = EDGE_CURVE ( 'NONE', #6945, #1263, #6451, .T. ) ;
#314 = EDGE_LOOP ( 'NONE', ( #4660, #7306, #315, #1770 ) ) ;
#315 = ORIENTED_EDGE ( 'NONE', *, *, #605, .T. ) ;
#316 = VERTEX_POINT ( 'NONE', #5367 ) ;
#317 = VECTOR ( 'NONE', #510, 1000.000000000000000 ) ;
#318 = DIRECTION ( 'NONE',  ( -0.000000000000000000, -1.000000000000000000, -0.000000000000000000 ) ) ;
#319 = CARTESIAN_POINT ( 'NONE',  ( -1.719999999999998863, 0.1999999999999999833, -1.369999999999999440 ) ) ;
#320 = DIRECTION ( 'NONE',  ( 0.000000000000000000, -0.000000000000000000, 1.000000000000000000 ) ) ;
#321 = DIRECTION ( 'NONE',  ( 0.000000000000000000, 1.000000000000000000, 0.000000000000000000 ) ) ;
#322 = CARTESIAN_POINT ( 'NONE',  ( -0.8699999999999996625, 0.2000000000000000111, -1.720000000000000862 ) ) ;
#323 = AXIS2_PLACEMENT_3D ( 'NONE', #753, #811, #7374 ) ;
#324 = VERTEX_POINT ( 'NONE', #2919 ) ;
#325 = ORIENTED_EDGE ( 'NONE', *, *, #998, .F. ) ;
#326 = DIRECTION ( 'NONE',  ( 1.000000000000000000, 0.000000000000000000, -7.744301232039308793E-16 ) ) ;
#327 = UNCERTAINTY_MEASURE_WITH_UNIT (LENGTH_MEASURE( 1.000000000000000082E-05 ), #7766, 'distance_accuracy_value', 'NONE');
#328 = EDGE_LOOP ( 'NONE', ( #8538, #2856, #3180, #3102, #2870, #6072, #5920, #6339, #504, #3074, #6327, #3018, #5975, #3060, #3124, #3278, #5692, #5985, #3473, #383, #3142, #2854, #6141, #6052, #290, #6071, #6498, #5624, #6714, #3111, #3459, #325, #5749, #2682, #6085, #6010, #5589, #5917, #3677, #801, #5634, #3059, #3220, #6238, #3044, #6565, #5666, #8388, #8499, #3409, #5890, #5691, #250, #3445, #3769, #8449, #5516, #2731, #1023, #347, #3126, #8608, #2884, #5610, #215, #3088, #3612, #3016, #6213, #3691, #3269, #101, #622, #8402, #8083, #6829, #5996, #7931, #2183, #5209, #2716, #5834, #463, #498, #6300, #6223, #8179, #8142, #5576, #8375, #6309, #2252, #3234, #193, #5093, #609, #5153, #8116, #2138, #3408, #125, #3006, #6151, #528, #3457, #554 ) ) ;
#329 =( GEOMETRIC_REPRESENTATION_CONTEXT ( 3 ) GLOBAL_UNCERTAINTY_ASSIGNED_CONTEXT ( ( #3297 ) ) GLOBAL_UNIT_ASSIGNED_CONTEXT ( ( #6432, #5862, #1818 ) ) REPRESENTATION_CONTEXT ( 'NONE', 'WORKASPACE' ) );
#330 = FACE_OUTER_BOUND ( 'NONE', #8023, .T. ) ;
#331 = AXIS2_PLACEMENT_3D ( 'NONE', #4143, #4831, #5512 ) ;
#332 = CARTESIAN_POINT ( 'NONE',  ( -1.999999999999999112, 0.6664761515876242992, -1.129999999999999893 ) ) ;
#333 = DIRECTION ( 'NONE',  ( 0.000000000000000000, 1.000000000000000000, 0.000000000000000000 ) ) ;
#334 = LINE ( 'NONE', #3333, #6272 ) ;
#335 = AXIS2_PLACEMENT_3D ( 'NONE', #2166, #2807, #4320 ) ;
#336 =( NAMED_UNIT ( * ) PLANE_ANGLE_UNIT ( ) SI_UNIT ( $, .RADIAN. ) );
#337 = CARTESIAN_POINT ( 'NONE',  ( -1.999999999999999112, 0.6664761515876242992, -1.129999999999999893 ) ) ;
#338 =( GEOMETRIC_REPRESENTATION_CONTEXT ( 3 ) GLOBAL_UNCERTAINTY_ASSIGNED_CONTEXT ( ( #4261 ) ) GLOBAL_UNIT_ASSIGNED_CONTEXT ( ( #6805, #1585, #5559 ) ) REPRESENTATION_CONTEXT ( 'NONE', 'WORKASPACE' ) );
#339 = ORIENTED_EDGE ( 'NONE', *, *, #850, .T. ) ;
#340 = DIRECTION ( 'NONE',  ( -1.000000000000000000, 0.000000000000000000, -0.000000000000000000 ) ) ;
#341 = ORIENTED_EDGE ( 'NONE', *, *, #6591, .F. ) ;
#342 = CARTESIAN_POINT ( 'NONE',  ( 1.719999999999998863, 0.1999999999999999833, -0.8699999999999996625 ) ) ;
#343 = FACE_OUTER_BOUND ( 'NONE', #5544, .T. ) ;
#344 = EDGE_CURVE ( 'NONE', #1111, #4126, #6504, .T. ) ;
#345 = ADVANCED_FACE ( 'NONE', ( #695 ), #8277, .T. ) ;
#346 = LINE ( 'NONE', #4413, #3215 ) ;
#347 = ORIENTED_EDGE ( 'NONE', *, *, #7328, .F. ) ;
#348 = AXIS2_PLACEMENT_3D ( 'NONE', #2561, #7921, #4549 ) ;
#349 =( NAMED_UNIT ( * ) PLANE_ANGLE_UNIT ( ) SI_UNIT ( $, .RADIAN. ) );
#350 = AXIS2_PLACEMENT_3D ( 'NONE', #1184, #5902, #2655 ) ;
#351 = CLOSED_SHELL ( 'NONE', ( #791, #8243, #5735, #119, #3456, #173 ) ) ;
#352 = ORIENTED_EDGE ( 'NONE', *, *, #3904, .F. ) ;
#353 = DIRECTION ( 'NONE',  ( 0.000000000000000000, 0.000000000000000000, -1.000000000000000000 ) ) ;
#354 = DIRECTION ( 'NONE',  ( 1.000000000000000000, -0.000000000000000000, -0.000000000000000000 ) ) ;
#355 = ADVANCED_FACE ( 'NONE', ( #6420 ), #3405, .T. ) ;
#356 = DIRECTION ( 'NONE',  ( 0.000000000000000000, 1.000000000000000000, 0.000000000000000000 ) ) ;
#357 = DIRECTION ( 'NONE',  ( 0.000000000000000000, 1.000000000000000000, 0.000000000000000000 ) ) ;
#358 = SURFACE_STYLE_FILL_AREA ( #8529 ) ;
#359 = CARTESIAN_POINT ( 'NONE',  ( -1.249999999999999334, 0.6664761515876238551, 1.600000000000000977 ) ) ;
#360 = EDGE_CURVE ( 'NONE', #5465, #2286, #806, .T. ) ;
#361 = CARTESIAN_POINT ( 'NONE',  ( 0.8700000000000001066, 0.000000000000000000, -1.720000000000000862 ) ) ;
#362 = FACE_OUTER_BOUND ( 'NONE', #8175, .T. ) ;
#363 = ORIENTED_EDGE ( 'NONE', *, *, #4004, .T. ) ;
#364 = FACE_OUTER_BOUND ( 'NONE', #7580, .T. ) ;
#365 = ADVANCED_FACE ( 'NONE', ( #3607 ), #3577, .T. ) ;
#366 = AXIS2_PLACEMENT_3D ( 'NONE', #7929, #6578, #2632 ) ;
#367 = ORIENTED_EDGE ( 'NONE', *, *, #2681, .T. ) ;
#368 = EDGE_CURVE ( 'NONE', #51, #6856, #709, .T. ) ;
#369 = VECTOR ( 'NONE', #700, 1000.000000000000000 ) ;
#370 = VECTOR ( 'NONE', #2846, 1000.000000000000000 ) ;
#371 = DIRECTION ( 'NONE',  ( 0.000000000000000000, 1.000000000000000000, 0.000000000000000000 ) ) ;
#372 = DIRECTION ( 'NONE',  ( 0.000000000000000000, -0.000000000000000000, 1.000000000000000000 ) ) ;
#373 = CARTESIAN_POINT ( 'NONE',  ( 0.6300000000000003375, 0.2000000000000000111, -2.000000000000000888 ) ) ;
#374 = DIRECTION ( 'NONE',  ( 0.000000000000000000, 1.000000000000000000, 0.000000000000000000 ) ) ;
#375 = DIRECTION ( 'NONE',  ( -0.000000000000000000, -1.000000000000000000, -0.000000000000000000 ) ) ;
#376 = CARTESIAN_POINT ( 'NONE',  ( 1.370000000000000551, 0.000000000000000000, 2.000000000000000888 ) ) ;
#377 = FACE_OUTER_BOUND ( 'NONE', #7553, .T. ) ;
#378 = CARTESIAN_POINT ( 'NONE',  ( 0.3700000000000005507, 0.6664761515876238551, 1.720000000000000862 ) ) ;
#379 = EDGE_LOOP ( 'NONE', ( #3590, #4251, #1543, #6394 ) ) ;
#380 = CARTESIAN_POINT ( 'NONE',  ( -1.719999999999998863, 0.000000000000000000, -0.1299999999999998934 ) ) ;
#381 = EDGE_CURVE ( 'NONE', #6494, #2474, #739, .T. ) ;
#382 = VERTEX_POINT ( 'NONE', #2344 ) ;
#383 = ORIENTED_EDGE ( 'NONE', *, *, #5484, .F. ) ;
#384 = ORIENTED_EDGE ( 'NONE', *, *, #4531, .T. ) ;
#385 = EDGE_CURVE ( 'NONE', #638, #4924, #3695, .T. ) ;
#386 = VECTOR ( 'NONE', #6334, 1000.000000000000000 ) ;
#387 = FACE_OUTER_BOUND ( 'NONE', #3886, .T. ) ;
#388 = CARTESIAN_POINT ( 'NONE',  ( -1.719999999999998863, 0.6664761515876242992, 0.2500000000000004441 ) ) ;
#389 = CARTESIAN_POINT ( 'NONE',  ( -1.129999999999999449, 0.1999999999999999833, 2.000000000000000888 ) ) ;
#390 = CARTESIAN_POINT ( 'NONE',  ( 1.719999999999998863, 0.1999999999999999833, 1.130000000000000338 ) ) ;
#391 = DIRECTION ( 'NONE',  ( 0.000000000000000000, -1.000000000000000000, 0.000000000000000000 ) ) ;
#392 = ORIENTED_EDGE ( 'NONE', *, *, #7443, .T. ) ;
#393 = FACE_OUTER_BOUND ( 'NONE', #5930, .T. ) ;
#394 = ORIENTED_EDGE ( 'NONE', *, *, #3291, .T. ) ;
#395 = PLANE ( 'NONE',  #2306 ) ;
#396 = EDGE_CURVE ( 'NONE', #1757, #5141, #6599, .T. ) ;
#397 = VECTOR ( 'NONE', #3819, 1000.000000000000000 ) ;
#398 = CARTESIAN_POINT ( 'NONE',  ( 1.719999999999998863, 0.1999999999999999833, 0.8700000000000001066 ) ) ;
#399 = EDGE_CURVE ( 'NONE', #4792, #6778, #6385, .T. ) ;
#400 = AXIS2_PLACEMENT_3D ( 'NONE', #7536, #1550, #1012 ) ;
#401 = VECTOR ( 'NONE', #2776, 1000.000000000000000 ) ;
#402 = VERTEX_POINT ( 'NONE', #5675 ) ;
#403 = CARTESIAN_POINT ( 'NONE',  ( 1.719999999999998863, 0.1999999999999999833, -0.1299999999999998934 ) ) ;
#404 = VERTEX_POINT ( 'NONE', #6364 ) ;
#405 = DIRECTION ( 'NONE',  ( 0.000000000000000000, 0.000000000000000000, -1.000000000000000000 ) ) ;
#406 = CARTESIAN_POINT ( 'NONE',  ( 1.250000000000000666, 0.1999999999999999833, 1.600000000000000977 ) ) ;
#407 = DIRECTION ( 'NONE',  ( 7.744301232039308793E-16, -0.000000000000000000, 1.000000000000000000 ) ) ;
#408 = CARTESIAN_POINT ( 'NONE',  ( -1.719999999999998863, 0.6664761515876242992, -1.129999999999999893 ) ) ;
#409 = PLANE ( 'NONE',  #157 ) ;
#410 = DIRECTION ( 'NONE',  ( -1.000000000000000000, 0.000000000000000000, -1.734723475976807094E-16 ) ) ;
#411 = EDGE_CURVE ( 'NONE', #4230, #1908, #3724, .T. ) ;
#412 = DIRECTION ( 'NONE',  ( -1.000000000000000000, 0.000000000000000000, 0.000000000000000000 ) ) ;
#413 = ADVANCED_FACE ( 'NONE', ( #848 ), #671, .T. ) ;
#414 = AXIS2_PLACEMENT_3D ( 'NONE', #2415, #5632, #6883 ) ;
#415 = ORIENTED_EDGE ( 'NONE', *, *, #3161, .T. ) ;
#416 = ADVANCED_FACE ( 'NONE', ( #3749 ), #7053, .T. ) ;
#417 = AXIS2_PLACEMENT_3D ( 'NONE', #5826, #8574, #3184 ) ;
#418 = LINE ( 'NONE', #7897, #369 ) ;
#419 = FACE_OUTER_BOUND ( 'NONE', #4167, .T. ) ;
#420 = DIRECTION ( 'NONE',  ( 1.000000000000000000, -0.000000000000000000, -0.000000000000000000 ) ) ;
#421 = DIRECTION ( 'NONE',  ( -0.000000000000000000, 0.000000000000000000, 1.000000000000000000 ) ) ;
#422 = CARTESIAN_POINT ( 'NONE',  ( -0.7499999999999993339, 0.6664761515876238551, 1.720000000000000862 ) ) ;
#423 = UNCERTAINTY_MEASURE_WITH_UNIT (LENGTH_MEASURE( 1.000000000000000082E-05 ), #8236, 'distance_accuracy_value', 'NONE');
#424 = CARTESIAN_POINT ( 'NONE',  ( -0.1299999999999994771, 0.6664761515876238551, 2.000000000000000888 ) ) ;
#425 = DIRECTION ( 'NONE',  ( 1.000000000000000000, -0.000000000000000000, -0.000000000000000000 ) ) ;
#426 = VECTOR ( 'NONE', #5796, 1000.000000000000000 ) ;
#427 = AXIS2_PLACEMENT_3D ( 'NONE', #6624, #1525, #2625 ) ;
#428 = EDGE_CURVE ( 'NONE', #6757, #4410, #6623, .T. ) ;
#429 = DIRECTION ( 'NONE',  ( 0.000000000000000000, 1.000000000000000000, 0.000000000000000000 ) ) ;
#430 = ORIENTED_EDGE ( 'NONE', *, *, #8496, .F. ) ;
#431 = DIRECTION ( 'NONE',  ( 0.000000000000000000, 1.000000000000000000, 0.000000000000000000 ) ) ;
#432 = ADVANCED_FACE ( 'NONE', ( #861 ), #3515, .T. ) ;
#433 = VERTEX_POINT ( 'NONE', #8168 ) ;
#434 = LINE ( 'NONE', #5384, #3314 ) ;
#435 = CIRCLE ( 'NONE', #711, 0.1199999999999998845 ) ;
#436 = AXIS2_PLACEMENT_3D ( 'NONE', #3682, #321, #2995 ) ;
#437 = AXIS2_PLACEMENT_3D ( 'NONE', #5422, #6198, #211 ) ;
#438 = CARTESIAN_POINT ( 'NONE',  ( 0.8700000000000005507, 0.1999999999999999833, 2.000000000000000888 ) ) ;
#439 = VECTOR ( 'NONE', #292, 1000.000000000000000 ) ;
#440 = DIRECTION ( 'NONE',  ( 0.000000000000000000, 0.000000000000000000, 1.000000000000000000 ) ) ;
#441 = CARTESIAN_POINT ( 'NONE',  ( -1.719999999999998863, 0.1999999999999999833, -0.8699999999999996625 ) ) ;
#442 = DIRECTION ( 'NONE',  ( 0.000000000000000000, 0.000000000000000000, -1.000000000000000000 ) ) ;
#443 = ORIENTED_EDGE ( 'NONE', *, *, #3772, .T. ) ;
#444 = DIRECTION ( 'NONE',  ( 0.000000000000000000, -1.000000000000000000, 0.000000000000000000 ) ) ;
#445 = ORIENTED_EDGE ( 'NONE', *, *, #6299, .T. ) ;
#446 = CARTESIAN_POINT ( 'NONE',  ( -0.6299999999999994493, 0.000000000000000000, 1.720000000000000862 ) ) ;
#447 = FACE_OUTER_BOUND ( 'NONE', #1498, .T. ) ;
#448 = CARTESIAN_POINT ( 'NONE',  ( 1.130000000000000338, 0.000000000000000000, -2.000000000000000888 ) ) ;
#449 = CYLINDRICAL_SURFACE ( 'NONE', #5002, 0.1199999999999998845 ) ;
#450 = FACE_OUTER_BOUND ( 'NONE', #3169, .T. ) ;
#451 = ORIENTED_EDGE ( 'NONE', *, *, #865, .F. ) ;
#452 = CARTESIAN_POINT ( 'NONE',  ( -1.999999999999999112, 1.000000000000000000, -2.000000000000000444 ) ) ;
#453 = CARTESIAN_POINT ( 'NONE',  ( -1.149999999999999911, 0.2000000000000000944, 1.249999999999999778 ) ) ;
#454 = EDGE_CURVE ( 'NONE', #5033, #4294, #3637, .T. ) ;
#455 = CARTESIAN_POINT ( 'NONE',  ( 1.719999999999998863, 0.000000000000000000, -1.370000000000000107 ) ) ;
#456 = DIRECTION ( 'NONE',  ( 0.000000000000000000, 0.000000000000000000, 1.000000000000000000 ) ) ;
#457 = CARTESIAN_POINT ( 'NONE',  ( -1.060969268789385947E-15, 0.05000000000000000278, -1.370000000000000995 ) ) ;
#458 = CARTESIAN_POINT ( 'NONE',  ( 1.250000000000000222, 0.1999999999999999833, -1.720000000000000862 ) ) ;
#459 = FACE_OUTER_BOUND ( 'NONE', #5313, .T. ) ;
#460 = DIRECTION ( 'NONE',  ( 0.000000000000000000, -1.000000000000000000, 0.000000000000000000 ) ) ;
#461 = MANIFOLD_SOLID_BREP ( 'LPattern3[9]', #170 ) ;
#462 = EDGE_CURVE ( 'NONE', #3950, #7331, #955, .T. ) ;
#463 = ORIENTED_EDGE ( 'NONE', *, *, #267, .F. ) ;
#464 = ORIENTED_EDGE ( 'NONE', *, *, #5864, .F. ) ;
#465 = CIRCLE ( 'NONE', #3128, 0.1199999999999998845 ) ;
#466 = CIRCLE ( 'NONE', #1675, 0.1199999999999998845 ) ;
#467 = CARTESIAN_POINT ( 'NONE',  ( -0.6299999999999994493, 0.1999999999999996503, 1.999999999999999556 ) ) ;
#468 = DIRECTION ( 'NONE',  ( -0.000000000000000000, -1.000000000000000000, -0.000000000000000000 ) ) ;
#469 = DIRECTION ( 'NONE',  ( 0.000000000000000000, -1.000000000000000000, 0.000000000000000000 ) ) ;
#470 = EDGE_CURVE ( 'NONE', #3965, #625, #3848, .T. ) ;
#471 = CARTESIAN_POINT ( 'NONE',  ( -1.719999999999998863, 0.000000000000000000, 1.370000000000000107 ) ) ;
#472 = MANIFOLD_SOLID_BREP ( 'LPattern4[4]', #3581 ) ;
#473 = ADVANCED_FACE ( 'NONE', ( #6960 ), #4816, .T. ) ;
#475 = EDGE_CURVE ( 'NONE', #3948, #8280, #6918, .T. ) ;
#474 =( LENGTH_UNIT ( ) NAMED_UNIT ( * ) SI_UNIT ( .MILLI., .METRE. ) );
#476 = DIRECTION ( 'NONE',  ( -1.000000000000000000, 0.000000000000000000, 0.000000000000000000 ) ) ;
#477 = FACE_OUTER_BOUND ( 'NONE', #3484, .T. ) ;
#478 = ORIENTED_EDGE ( 'NONE', *, *, #3527, .T. ) ;
#479 = CARTESIAN_POINT ( 'NONE',  ( -1.999999999999999112, 0.1999999999999999833, 1.370000000000000107 ) ) ;
#480 = ADVANCED_FACE ( 'NONE', ( #6931 ), #1149, .F. ) ;
#481 = CARTESIAN_POINT ( 'NONE',  ( -1.719999999999998863, 0.1999999999999999833, 1.130000000000000338 ) ) ;
#482 = EDGE_CURVE ( 'NONE', #3357, #1038, #4069, .T. ) ;
#483 = DIRECTION ( 'NONE',  ( -0.000000000000000000, -1.000000000000000000, -0.000000000000000000 ) ) ;
#484 = VECTOR ( 'NONE', #904, 1000.000000000000000 ) ;
#485 = SURFACE_SIDE_STYLE ('',( #1447 ) ) ;
#486 = CARTESIAN_POINT ( 'NONE',  ( -1.129999999999999893, 0.05000000000000000278, 0.000000000000000000 ) ) ;
#487 = DIRECTION ( 'NONE',  ( 0.000000000000000000, -1.000000000000000000, 0.000000000000000000 ) ) ;
#488 = EDGE_CURVE ( 'NONE', #30, #4952, #1136, .T. ) ;
#489 = EDGE_LOOP ( 'NONE', ( #1064, #3901, #4807, #1244 ) ) ;
#490 = DIRECTION ( 'NONE',  ( -0.000000000000000000, -1.000000000000000000, -0.000000000000000000 ) ) ;
#491 = ADVANCED_FACE ( 'NONE', ( #3864 ), #929, .F. ) ;
#492 = ORIENTED_EDGE ( 'NONE', *, *, #8479, .T. ) ;
#493 =( NAMED_UNIT ( * ) PLANE_ANGLE_UNIT ( ) SI_UNIT ( $, .RADIAN. ) );
#494 = AXIS2_PLACEMENT_3D ( 'NONE', #8466, #6366, #2348 ) ;
#495 = CIRCLE ( 'NONE', #3526, 0.1000000000000000472 ) ;
#496 = CARTESIAN_POINT ( 'NONE',  ( 1.719999999999998863, 0.1999999999999999833, -0.3699999999999996625 ) ) ;
#497 = LINE ( 'NONE', #2352, #3231 ) ;
#498 = ORIENTED_EDGE ( 'NONE', *, *, #1073, .F. ) ;
#499 = CIRCLE ( 'NONE', #3140, 0.1199999999999998845 ) ;
#500 = CARTESIAN_POINT ( 'NONE',  ( -1.719999999999998863, 0.000000000000000000, 0.6300000000000005596 ) ) ;
#501 = EDGE_CURVE ( 'NONE', #6409, #1369, #3961, .T. ) ;
#502 = ORIENTED_EDGE ( 'NONE', *, *, #2432, .T. ) ;
#503 = CARTESIAN_POINT ( 'NONE',  ( 0.3700000000000005507, 0.04999999999999999584, 1.720000000000000862 ) ) ;
#504 = ORIENTED_EDGE ( 'NONE', *, *, #2681, .F. ) ;
#505 = CARTESIAN_POINT ( 'NONE',  ( -1.249999999999999778, 0.2000000000000000111, -1.720000000000000862 ) ) ;
#506 = CARTESIAN_POINT ( 'NONE',  ( 1.999999999999999112, 0.04999999999999969746, 0.6300000000000005596 ) ) ;
#507 = AXIS2_PLACEMENT_3D ( 'NONE', #6194, #3028, #3721 ) ;
#508 = CIRCLE ( 'NONE', #5424, 0.1199999999999998845 ) ;
#509 = DIRECTION ( 'NONE',  ( 0.000000000000000000, 0.000000000000000000, 1.000000000000000000 ) ) ;
#510 = DIRECTION ( 'NONE',  ( 0.000000000000000000, -1.000000000000000000, 0.000000000000000000 ) ) ;
#511 = DIRECTION ( 'NONE',  ( 0.000000000000000000, 0.000000000000000000, 1.000000000000000000 ) ) ;
#512 = CIRCLE ( 'NONE', #8257, 0.1199999999999998845 ) ;
#513 =( GEOMETRIC_REPRESENTATION_CONTEXT ( 3 ) GLOBAL_UNCERTAINTY_ASSIGNED_CONTEXT ( ( #1691 ) ) GLOBAL_UNIT_ASSIGNED_CONTEXT ( ( #2850, #4172, #6550 ) ) REPRESENTATION_CONTEXT ( 'NONE', 'WORKASPACE' ) );
#514 = ORIENTED_EDGE ( 'NONE', *, *, #5799, .T. ) ;
#515 = ORIENTED_EDGE ( 'NONE', *, *, #6405, .F. ) ;
#516 = ORIENTED_EDGE ( 'NONE', *, *, #6754, .T. ) ;
#517 = CIRCLE ( 'NONE', #6541, 0.1199999999999998845 ) ;
#518 = AXIS2_PLACEMENT_3D ( 'NONE', #5974, #6487, #1194 ) ;
#519 = CARTESIAN_POINT ( 'NONE',  ( 2.000000000000000888, 0.1999999999999996503, 0.1299999999999998934 ) ) ;
#520 = CARTESIAN_POINT ( 'NONE',  ( -0.1299999999999994771, 0.000000000000000000, 1.720000000000000862 ) ) ;
#521 = PLANE ( 'NONE',  #3633 ) ;
#522 = CARTESIAN_POINT ( 'NONE',  ( -1.999999999999999112, 0.1999999999999999833, 0.8700000000000001066 ) ) ;
#523 = AXIS2_PLACEMENT_3D ( 'NONE', #1726, #5653, #6292 ) ;
#524 =( NAMED_UNIT ( * ) PLANE_ANGLE_UNIT ( ) SI_UNIT ( $, .RADIAN. ) );
#525 = SURFACE_SIDE_STYLE ('',( #6752 ) ) ;
#526 = CARTESIAN_POINT ( 'NONE',  ( -1.719999999999998863, 0.1999999999999999833, -0.1299999999999998934 ) ) ;
#527 = DIRECTION ( 'NONE',  ( 1.000000000000000000, 0.000000000000000000, -7.744301232039308793E-16 ) ) ;
#528 = ORIENTED_EDGE ( 'NONE', *, *, #5818, .F. ) ;
#529 = CARTESIAN_POINT ( 'NONE',  ( 1.719999999999998863, 0.6664761515876242992, 1.130000000000000338 ) ) ;
#530 = AXIS2_PLACEMENT_3D ( 'NONE', #2527, #6534, #7234 ) ;
#531 = ORIENTED_EDGE ( 'NONE', *, *, #2078, .T. ) ;
#532 = VERTEX_POINT ( 'NONE', #1110 ) ;
#533 = LINE ( 'NONE', #6278, #566 ) ;
#534 = EDGE_CURVE ( 'NONE', #5962, #7118, #6681, .T. ) ;
#535 = CARTESIAN_POINT ( 'NONE',  ( 1.130000000000000338, 0.2000000000000000111, -1.720000000000000862 ) ) ;
#536 = CARTESIAN_POINT ( 'NONE',  ( 1.719999999999998863, 0.1999999999999999833, 1.249999999999999778 ) ) ;
#537 = ADVANCED_FACE ( 'NONE', ( #942 ), #3737, .F. ) ;
#538 = DIRECTION ( 'NONE',  ( 0.000000000000000000, 0.000000000000000000, -1.000000000000000000 ) ) ;
#539 = DIRECTION ( 'NONE',  ( -1.000000000000000000, 0.000000000000000000, 0.000000000000000000 ) ) ;
#540 = CARTESIAN_POINT ( 'NONE',  ( -1.999999999999999112, 0.000000000000000000, 1.130000000000000560 ) ) ;
#541 = ORIENTED_EDGE ( 'NONE', *, *, #2309, .F. ) ;
#542 = DIRECTION ( 'NONE',  ( 0.000000000000000000, 0.000000000000000000, 1.000000000000000000 ) ) ;
#543 = FACE_OUTER_BOUND ( 'NONE', #2860, .T. ) ;
#544 = VECTOR ( 'NONE', #6387, 1000.000000000000000 ) ;
#545 = DIRECTION ( 'NONE',  ( 0.000000000000000000, 1.000000000000000000, 0.000000000000000000 ) ) ;
#546 = DIRECTION ( 'NONE',  ( 0.000000000000000000, 0.000000000000000000, -1.000000000000000000 ) ) ;
#547 = ORIENTED_EDGE ( 'NONE', *, *, #553, .F. ) ;
#548 = ORIENTED_EDGE ( 'NONE', *, *, #4479, .F. ) ;
#549 = DIRECTION ( 'NONE',  ( -0.000000000000000000, -1.000000000000000000, -0.000000000000000000 ) ) ;
#550 = CARTESIAN_POINT ( 'NONE',  ( -1.249999999999999778, 0.2000000000000000111, -1.720000000000000862 ) ) ;
#551 = ADVANCED_FACE ( 'NONE', ( #1062 ), #4626, .T. ) ;
#552 = VECTOR ( 'NONE', #4795, 1000.000000000000000 ) ;
#553 = EDGE_CURVE ( 'NONE', #4501, #7043, #1103, .T. ) ;
#554 = ORIENTED_EDGE ( 'NONE', *, *, #3395, .F. ) ;
#555 = CIRCLE ( 'NONE', #4398, 0.1199999999999998845 ) ;
#556 = DIRECTION ( 'NONE',  ( 0.000000000000000000, 0.000000000000000000, 1.000000000000000000 ) ) ;
#557 = VECTOR ( 'NONE', #1139, 1000.000000000000000 ) ;
#558 = ADVANCED_FACE ( 'NONE', ( #4019 ), #5159, .F. ) ;
#559 = ORIENTED_EDGE ( 'NONE', *, *, #2405, .T. ) ;
#560 = VERTEX_POINT ( 'NONE', #3897 ) ;
#561 = DIRECTION ( 'NONE',  ( 0.000000000000000000, -0.000000000000000000, 1.000000000000000000 ) ) ;
#562 = CARTESIAN_POINT ( 'NONE',  ( 1.719999999999998863, 0.6664761515876242992, -1.369999999999999662 ) ) ;
#563 = DIRECTION ( 'NONE',  ( -0.000000000000000000, -1.000000000000000000, -0.000000000000000000 ) ) ;
#564 = DIRECTION ( 'NONE',  ( 0.000000000000000000, 1.000000000000000000, 0.000000000000000000 ) ) ;
#565 = EDGE_CURVE ( 'NONE', #8297, #4670, #4030, .T. ) ;
#566 = VECTOR ( 'NONE', #6484, 1000.000000000000000 ) ;
#567 = CARTESIAN_POINT ( 'NONE',  ( 1.130000000000000338, 0.2000000000000000111, -1.720000000000000862 ) ) ;
#568 = CARTESIAN_POINT ( 'NONE',  ( 1.719999999999998863, 0.1999999999999999833, 0.1299999999999998934 ) ) ;
#569 = ORIENTED_EDGE ( 'NONE', *, *, #396, .T. ) ;
#570 = ORIENTED_EDGE ( 'NONE', *, *, #6015, .T. ) ;
#571 = EDGE_CURVE ( 'NONE', #6437, #5766, #3796, .T. ) ;
#572 = EDGE_CURVE ( 'NONE', #7438, #3357, #6854, .T. ) ;
#573 = DIRECTION ( 'NONE',  ( -0.000000000000000000, 1.000000000000000000, -0.000000000000000000 ) ) ;
#574 = CIRCLE ( 'NONE', #4281, 0.1199999999999998845 ) ;
#575 = CARTESIAN_POINT ( 'NONE',  ( -0.8699999999999992184, 0.2000000000000000111, 2.000000000000000888 ) ) ;
#576 = DIRECTION ( 'NONE',  ( -1.000000000000000000, 0.000000000000000000, 0.000000000000000000 ) ) ;
#577 = DIRECTION ( 'NONE',  ( 0.000000000000000000, -1.000000000000000000, 0.000000000000000000 ) ) ;
#578 = ORIENTED_EDGE ( 'NONE', *, *, #3084, .F. ) ;
#579 = CARTESIAN_POINT ( 'NONE',  ( 0.7500000000000006661, 0.1999999999999999833, 1.720000000000000862 ) ) ;
#580 = DIRECTION ( 'NONE',  ( -0.000000000000000000, -0.000000000000000000, 1.000000000000000000 ) ) ;
#581 = COLOUR_RGB ( '',0.7921568627450980005, 0.8196078431372548767, 0.9333333333333333481 ) ;
#582 = VERTEX_POINT ( 'NONE', #6527 ) ;
#583 = DIRECTION ( 'NONE',  ( -7.744301232039308793E-16, 0.000000000000000000, 1.000000000000000000 ) ) ;
#584 = LINE ( 'NONE', #698, #3471 ) ;
#585 = ORIENTED_EDGE ( 'NONE', *, *, #781, .T. ) ;
#586 = EDGE_CURVE ( 'NONE', #3091, #968, #6725, .T. ) ;
#587 = DIRECTION ( 'NONE',  ( -1.000000000000000000, 0.000000000000000000, 0.000000000000000000 ) ) ;
#588 = CARTESIAN_POINT ( 'NONE',  ( 1.250000000000000666, 0.6664761515876238551, 1.720000000000000862 ) ) ;
#589 = LINE ( 'NONE', #742, #401 ) ;
#590 = DIRECTION ( 'NONE',  ( -0.000000000000000000, 0.000000000000000000, 1.000000000000000000 ) ) ;
#591 = DIRECTION ( 'NONE',  ( -0.000000000000000000, -0.000000000000000000, 1.000000000000000000 ) ) ;
#592 = DIRECTION ( 'NONE',  ( 0.000000000000000000, 0.000000000000000000, -1.000000000000000000 ) ) ;
#593 = ORIENTED_EDGE ( 'NONE', *, *, #7733, .F. ) ;
#594 = DIRECTION ( 'NONE',  ( -0.000000000000000000, 0.000000000000000000, -1.000000000000000000 ) ) ;
#595 = VECTOR ( 'NONE', #4260, 1000.000000000000000 ) ;
#596 = LINE ( 'NONE', #603, #557 ) ;
#597 = CARTESIAN_POINT ( 'NONE',  ( -0.2499999999999993616, 0.000000000000000000, 1.720000000000000862 ) ) ;
#598 = CARTESIAN_POINT ( 'NONE',  ( 0.7500000000000002220, 0.1999999999999999833, -1.720000000000000862 ) ) ;
#599 = ORIENTED_EDGE ( 'NONE', *, *, #6478, .T. ) ;
#600 = VERTEX_POINT ( 'NONE', #3959 ) ;
#601 = CARTESIAN_POINT ( 'NONE',  ( 1.999999999999999112, 0.6664761515876242992, 1.370000000000000107 ) ) ;
#602 = AXIS2_PLACEMENT_3D ( 'NONE', #8390, #6304, #6404 ) ;
#603 = CARTESIAN_POINT ( 'NONE',  ( -1.999999999999999112, 0.1999999999999999833, -1.129999999999999893 ) ) ;
#604 = VECTOR ( 'NONE', #1251, 1000.000000000000000 ) ;
#605 = EDGE_CURVE ( 'NONE', #3512, #7193, #1088, .T. ) ;
#606 = ADVANCED_FACE ( 'NONE', ( #964 ), #7478, .F. ) ;
#607 = LINE ( 'NONE', #3351, #6108 ) ;
#608 = AXIS2_PLACEMENT_3D ( 'NONE', #1975, #5420, #1318 ) ;
#609 = ORIENTED_EDGE ( 'NONE', *, *, #2056, .F. ) ;
#610 = FACE_OUTER_BOUND ( 'NONE', #8100, .T. ) ;
#611 = AXIS2_PLACEMENT_3D ( 'NONE', #6346, #915, #7550 ) ;
#612 = DIRECTION ( 'NONE',  ( 0.000000000000000000, 0.000000000000000000, 1.000000000000000000 ) ) ;
#613 = CIRCLE ( 'NONE', #803, 0.1199999999999998845 ) ;
#614 = DIRECTION ( 'NONE',  ( 0.000000000000000000, 1.000000000000000000, 0.000000000000000000 ) ) ;
#615 = DIRECTION ( 'NONE',  ( 0.000000000000000000, -0.000000000000000000, 1.000000000000000000 ) ) ;
#616 = DIRECTION ( 'NONE',  ( -0.000000000000000000, -1.000000000000000000, -0.000000000000000000 ) ) ;
#617 = DIRECTION ( 'NONE',  ( 0.000000000000000000, 1.000000000000000000, 0.000000000000000000 ) ) ;
#618 = AXIS2_PLACEMENT_3D ( 'NONE', #4521, #5689, #5744 ) ;
#619 = CARTESIAN_POINT ( 'NONE',  ( -0.2499999999999993616, 0.6664761515876238551, 1.720000000000000862 ) ) ;
#620 = AXIS2_PLACEMENT_3D ( 'NONE', #1815, #5233, #1654 ) ;
#621 = CARTESIAN_POINT ( 'NONE',  ( 1.719999999999998863, 0.6664761515876242992, -0.6299999999999998934 ) ) ;
#622 = ORIENTED_EDGE ( 'NONE', *, *, #7905, .F. ) ;
#623 = EDGE_CURVE ( 'NONE', #908, #3479, #980, .T. ) ;
#624 = LINE ( 'NONE', #398, #6412 ) ;
#625 = VERTEX_POINT ( 'NONE', #3379 ) ;
#626 = AXIS2_PLACEMENT_3D ( 'NONE', #3243, #3413, #8042 ) ;
#627 = VECTOR ( 'NONE', #2360, 1000.000000000000000 ) ;
#628 = DIRECTION ( 'NONE',  ( 0.000000000000000000, 1.000000000000000000, 0.000000000000000000 ) ) ;
#629 = CARTESIAN_POINT ( 'NONE',  ( 1.719999999999998863, 0.000000000000000000, 0.8700000000000001066 ) ) ;
#630 = AXIS2_PLACEMENT_3D ( 'NONE', #4382, #830, #1463 ) ;
#631 = CARTESIAN_POINT ( 'NONE',  ( -2.865391455854552152E-16, 0.05000000000000000278, -0.3700000000000010503 ) ) ;
#632 = EDGE_LOOP ( 'NONE', ( #4970, #6728, #6543, #787 ) ) ;
#633 = DIRECTION ( 'NONE',  ( -1.000000000000000000, 0.000000000000000000, 7.744301232039308793E-16 ) ) ;
#634 = EDGE_CURVE ( 'NONE', #6497, #1757, #1015, .T. ) ;
#635 = DIRECTION ( 'NONE',  ( 0.000000000000000000, 0.000000000000000000, -1.000000000000000000 ) ) ;
#636 = VECTOR ( 'NONE', #1261, 1000.000000000000000 ) ;
#637 = DIRECTION ( 'NONE',  ( 0.000000000000000000, 0.000000000000000000, 1.000000000000000000 ) ) ;
#638 = VERTEX_POINT ( 'NONE', #3434 ) ;
#639 = DIRECTION ( 'NONE',  ( 0.000000000000000000, 1.000000000000000000, 0.000000000000000000 ) ) ;
#640 = CYLINDRICAL_SURFACE ( 'NONE', #2908, 0.1199999999999998845 ) ;
#641 = VERTEX_POINT ( 'NONE', #6280 ) ;
#642 = FACE_OUTER_BOUND ( 'NONE', #2197, .T. ) ;
#643 = AXIS2_PLACEMENT_3D ( 'NONE', #6416, #3159, #3791 ) ;
#644 = EDGE_CURVE ( 'NONE', #972, #641, #6821, .T. ) ;
#645 = FACE_OUTER_BOUND ( 'NONE', #2314, .T. ) ;
#646 = DIRECTION ( 'NONE',  ( 0.000000000000000000, 1.000000000000000000, 0.000000000000000000 ) ) ;
#647 = DIRECTION ( 'NONE',  ( 0.000000000000000000, -0.000000000000000000, 1.000000000000000000 ) ) ;
#648 = DIRECTION ( 'NONE',  ( 0.000000000000000000, 1.000000000000000000, 0.000000000000000000 ) ) ;
#649 = EDGE_LOOP ( 'NONE', ( #7577, #1792, #1753, #6046 ) ) ;
#650 = CARTESIAN_POINT ( 'NONE',  ( 1.999999999999999112, 0.000000000000000000, 0.8700000000000001066 ) ) ;
#651 = DIRECTION ( 'NONE',  ( -0.000000000000000000, -1.000000000000000000, -0.000000000000000000 ) ) ;
#652 = ORIENTED_EDGE ( 'NONE', *, *, #8118, .F. ) ;
#653 = CARTESIAN_POINT ( 'NONE',  ( -0.6299999999999998934, 0.2000000000000000111, -2.000000000000000888 ) ) ;
#654 = DIRECTION ( 'NONE',  ( -0.000000000000000000, -1.000000000000000000, -0.000000000000000000 ) ) ;
#655 = CARTESIAN_POINT ( 'NONE',  ( -1.719999999999998863, 0.6664761515876242992, 0.7500000000000004441 ) ) ;
#656 = LINE ( 'NONE', #3998, #886 ) ;
#657 = EDGE_CURVE ( 'NONE', #3326, #7620, #4296, .T. ) ;
#658 = EDGE_CURVE ( 'NONE', #3015, #8366, #1413, .T. ) ;
#659 = EDGE_CURVE ( 'NONE', #972, #3655, #1226, .T. ) ;
#660 = VERTEX_POINT ( 'NONE', #75 ) ;
#661 = LINE ( 'NONE', #2284, #3421 ) ;
#662 = DIRECTION ( 'NONE',  ( -1.000000000000000000, 0.000000000000000000, 0.000000000000000000 ) ) ;
#663 = DIRECTION ( 'NONE',  ( 0.000000000000000000, 0.000000000000000000, 1.000000000000000000 ) ) ;
#664 = CARTESIAN_POINT ( 'NONE',  ( 0.7500000000000006661, 0.2000000000000000111, 1.720000000000000862 ) ) ;
#665 = DIRECTION ( 'NONE',  ( 0.000000000000000000, -1.000000000000000000, 0.000000000000000000 ) ) ;
#666 = DIRECTION ( 'NONE',  ( -0.000000000000000000, -1.000000000000000000, -0.000000000000000000 ) ) ;
#667 = CARTESIAN_POINT ( 'NONE',  ( 1.719999999999998863, 0.000000000000000000, 0.1299999999999998934 ) ) ;
#668 = PRESENTATION_STYLE_ASSIGNMENT (( #204 ) ) ;
#669 = CARTESIAN_POINT ( 'NONE',  ( -1.149999999999999911, 0.2000000000000000944, -1.150000000000000133 ) ) ;
#670 = ADVANCED_FACE ( 'NONE', ( #4184 ), #793, .F. ) ;
#671 = CYLINDRICAL_SURFACE ( 'NONE', #5113, 0.1199999999999998845 ) ;
#672 = EDGE_CURVE ( 'NONE', #2076, #6208, #1271, .T. ) ;
#673 = VERTEX_POINT ( 'NONE', #844 ) ;
#674 = CIRCLE ( 'NONE', #1959, 0.1199999999999998845 ) ;
#675 = AXIS2_PLACEMENT_3D ( 'NONE', #1488, #6005, #8068 ) ;
#676 = DIRECTION ( 'NONE',  ( 0.000000000000000000, 1.000000000000000000, 0.000000000000000000 ) ) ;
#677 = LINE ( 'NONE', #4123, #3692 ) ;
#678 = DIRECTION ( 'NONE',  ( 0.000000000000000000, -0.000000000000000000, 1.000000000000000000 ) ) ;
#679 = DIRECTION ( 'NONE',  ( 0.000000000000000000, 0.000000000000000000, -1.000000000000000000 ) ) ;
#680 = DIRECTION ( 'NONE',  ( 0.000000000000000000, 1.000000000000000000, 0.000000000000000000 ) ) ;
#681 = CYLINDRICAL_SURFACE ( 'NONE', #814, 0.1199999999999998845 ) ;
#682 = DIRECTION ( 'NONE',  ( -0.000000000000000000, -0.000000000000000000, 1.000000000000000000 ) ) ;
#683 = PLANE ( 'NONE',  #1084 ) ;
#684 = CARTESIAN_POINT ( 'NONE',  ( 1.719999999999998863, 0.1999999999999999833, 1.129999999999999893 ) ) ;
#685 = DIRECTION ( 'NONE',  ( -1.000000000000000000, 0.000000000000000000, 1.084202172485504681E-16 ) ) ;
#686 = LINE ( 'NONE', #2154, #6584 ) ;
#687 = VERTEX_POINT ( 'NONE', #4146 ) ;
#688 = LINE ( 'NONE', #5417, #3572 ) ;
#689 = FACE_OUTER_BOUND ( 'NONE', #6898, .T. ) ;
#690 = EDGE_CURVE ( 'NONE', #3773, #2075, #7228, .T. ) ;
#691 = FACE_OUTER_BOUND ( 'NONE', #5815, .T. ) ;
#692 = STYLED_ITEM ( 'NONE', ( #1973 ), #2907 ) ;
#693 = CIRCLE ( 'NONE', #8244, 0.1199999999999998845 ) ;
#694 = DIRECTION ( 'NONE',  ( 1.000000000000000000, 0.000000000000000000, 0.000000000000000000 ) ) ;
#695 = FACE_OUTER_BOUND ( 'NONE', #3933, .T. ) ;
#696 = AXIS2_PLACEMENT_3D ( 'NONE', #1033, #407, #5079 ) ;
#697 = CARTESIAN_POINT ( 'NONE',  ( -1.719999999999998863, 0.6664761515876242992, -1.369999999999999440 ) ) ;
#698 = CARTESIAN_POINT ( 'NONE',  ( -0.1299999999999998934, 0.1999999999999999833, -2.000000000000000888 ) ) ;
#699 = VERTEX_POINT ( 'NONE', #1549 ) ;
#700 = DIRECTION ( 'NONE',  ( -1.000000000000000000, 0.000000000000000000, 1.084202172485504434E-16 ) ) ;
#701 = LINE ( 'NONE', #8088, #712 ) ;
#702 = DIRECTION ( 'NONE',  ( -0.000000000000000000, -1.000000000000000000, -0.000000000000000000 ) ) ;
#703 = DIRECTION ( 'NONE',  ( 0.000000000000000000, 0.000000000000000000, -1.000000000000000000 ) ) ;
#704 = DIRECTION ( 'NONE',  ( 0.000000000000000000, 0.000000000000000000, 1.000000000000000000 ) ) ;
#705 = DIRECTION ( 'NONE',  ( 0.000000000000000000, -1.000000000000000000, 0.000000000000000000 ) ) ;
#706 = LINE ( 'NONE', #3877, #3587 ) ;
#707 = LINE ( 'NONE', #408, #3411 ) ;
#708 = AXIS2_PLACEMENT_3D ( 'NONE', #863, #2322, #8384 ) ;
#709 = LINE ( 'NONE', #4107, #6491 ) ;
#710 = ORIENTED_EDGE ( 'NONE', *, *, #1349, .T. ) ;
#711 = AXIS2_PLACEMENT_3D ( 'NONE', #3166, #5176, #7187 ) ;
#712 = VECTOR ( 'NONE', #3498, 1000.000000000000000 ) ;
#713 = AXIS2_PLACEMENT_3D ( 'NONE', #3045, #2226, #1467 ) ;
#714 = EDGE_LOOP ( 'NONE', ( #2808, #35, #548, #2962 ) ) ;
#715 = CARTESIAN_POINT ( 'NONE',  ( 1.719999999999998863, 0.1999999999999999833, 0.8700000000000001066 ) ) ;
#716 = CARTESIAN_POINT ( 'NONE',  ( 1.999999999999999112, 0.04999999999999969746, 1.370000000000000107 ) ) ;
#717 = CARTESIAN_POINT ( 'NONE',  ( 2.000000000000000888, 0.05000000000000000278, -2.000000000000000888 ) ) ;
#718 = PLANE ( 'NONE',  #2826 ) ;
#719 = VECTOR ( 'NONE', #4713, 1000.000000000000000 ) ;
#720 = CARTESIAN_POINT ( 'NONE',  ( 1.719999999999998863, 0.1999999999999999833, 0.6300000000000003375 ) ) ;
#721 = ADVANCED_FACE ( 'NONE', ( #7087 ), #2188, .T. ) ;
#722 = VECTOR ( 'NONE', #4121, 1000.000000000000000 ) ;
#723 = EDGE_CURVE ( 'NONE', #316, #2095, #1384, .T. ) ;
#724 = CARTESIAN_POINT ( 'NONE',  ( 1.370000000000000551, 0.2000000000000000111, 2.000000000000000888 ) ) ;
#725 = CIRCLE ( 'NONE', #3728, 0.1199999999999998845 ) ;
#726 = ORIENTED_EDGE ( 'NONE', *, *, #6166, .F. ) ;
#727 = VECTOR ( 'NONE', #5972, 1000.000000000000000 ) ;
#728 = VECTOR ( 'NONE', #4181, 1000.000000000000000 ) ;
#729 = EDGE_CURVE ( 'NONE', #560, #6833, #7262, .T. ) ;
#730 = PLANE ( 'NONE',  #4505 ) ;
#731 = FACE_OUTER_BOUND ( 'NONE', #3885, .T. ) ;
#732 = CARTESIAN_POINT ( 'NONE',  ( -1.999999999999999112, 0.1999999999999999833, 0.3700000000000001066 ) ) ;
#733 = LINE ( 'NONE', #5495, #748 ) ;
#734 = CARTESIAN_POINT ( 'NONE',  ( 1.250000000000000000, 0.000000000000000000, 1.250000000000000222 ) ) ;
#735 = CARTESIAN_POINT ( 'NONE',  ( -0.3699999999999996625, 0.000000000000000000, -1.720000000000000862 ) ) ;
#736 = EDGE_CURVE ( 'NONE', #3966, #7210, #4359, .T. ) ;
#737 = ADVANCED_FACE ( 'NONE', ( #7109 ), #2953, .T. ) ;
#738 = CARTESIAN_POINT ( 'NONE',  ( -0.6299999999999994493, 0.6664761515876238551, 1.720000000000000862 ) ) ;
#739 = LINE ( 'NONE', #6212, #3505 ) ;
#740 = DIRECTION ( 'NONE',  ( 0.000000000000000000, 0.000000000000000000, 1.000000000000000000 ) ) ;
#741 = ORIENTED_EDGE ( 'NONE', *, *, #7373, .T. ) ;
#742 = CARTESIAN_POINT ( 'NONE',  ( -0.7499999999999993339, 0.2000000000000000111, 1.600000000000000977 ) ) ;
#743 = CIRCLE ( 'NONE', #323, 0.1000000000000000472 ) ;
#744 = AXIS2_PLACEMENT_3D ( 'NONE', #7586, #2775, #902 ) ;
#745 = EDGE_CURVE ( 'NONE', #4913, #6126, #4270, .T. ) ;
#746 = ORIENTED_EDGE ( 'NONE', *, *, #4004, .F. ) ;
#747 = LINE ( 'NONE', #7662, #3649 ) ;
#748 = VECTOR ( 'NONE', #1337, 1000.000000000000000 ) ;
#749 = DIRECTION ( 'NONE',  ( -0.000000000000000000, -1.000000000000000000, -0.000000000000000000 ) ) ;
#750 = DIRECTION ( 'NONE',  ( 0.000000000000000000, 0.000000000000000000, -1.000000000000000000 ) ) ;
#751 = CARTESIAN_POINT ( 'NONE',  ( -0.7499999999999997780, 0.2000000000000000111, -1.720000000000000862 ) ) ;
#752 = CARTESIAN_POINT ( 'NONE',  ( 1.719999999999998863, 0.6664761515876242992, 0.8700000000000001066 ) ) ;
#753 = CARTESIAN_POINT ( 'NONE',  ( -1.150000000000000133, 0.05000000000000012768, -1.150000000000000133 ) ) ;
#754 = ORIENTED_EDGE ( 'NONE', *, *, #2056, .T. ) ;
#755 = CARTESIAN_POINT ( 'NONE',  ( 1.999999999999999112, 0.1999999999999999833, -0.1299999999999998934 ) ) ;
#756 = LINE ( 'NONE', #8146, #3393 ) ;
#757 = FACE_OUTER_BOUND ( 'NONE', #2759, .T. ) ;
#758 = CARTESIAN_POINT ( 'NONE',  ( 1.719999999999998863, 0.6664761515876242992, -0.3699999999999996625 ) ) ;
#759 = DIRECTION ( 'NONE',  ( 0.000000000000000000, 0.000000000000000000, 1.000000000000000000 ) ) ;
#760 = ORIENTED_EDGE ( 'NONE', *, *, #872, .F. ) ;
#761 =( LENGTH_UNIT ( ) NAMED_UNIT ( * ) SI_UNIT ( .MILLI., .METRE. ) );
#762 = EDGE_CURVE ( 'NONE', #4367, #3698, #7183, .T. ) ;
#763 = CARTESIAN_POINT ( 'NONE',  ( -1.249999999999999778, 0.2000000000000000111, -1.720000000000000862 ) ) ;
#764 = CARTESIAN_POINT ( 'NONE',  ( -1.719999999999998863, 0.6664761515876242992, 0.3700000000000001066 ) ) ;
#765 = EDGE_CURVE ( 'NONE', #6996, #8473, #4131, .T. ) ;
#766 = CIRCLE ( 'NONE', #5745, 0.1199999999999998845 ) ;
#767 = FACE_OUTER_BOUND ( 'NONE', #6793, .T. ) ;
#768 = FACE_OUTER_BOUND ( 'NONE', #1809, .T. ) ;
#769 = CLOSED_SHELL ( 'NONE', ( #2636, #7244, #3676, #4862, #5574, #3520 ) ) ;
#770 = FACE_OUTER_BOUND ( 'NONE', #5965, .T. ) ;
#771 = ORIENTED_EDGE ( 'NONE', *, *, #1597, .T. ) ;
#772 = CARTESIAN_POINT ( 'NONE',  ( -1.999999999999999112, 0.1999999999999996503, -0.1299999999999998934 ) ) ;
#773 = PLANE ( 'NONE',  #4907 ) ;
#774 = CARTESIAN_POINT ( 'NONE',  ( -1.719999999999998863, 0.1999999999999999833, -1.129999999999999893 ) ) ;
#775 = DIRECTION ( 'NONE',  ( 0.000000000000000000, 0.000000000000000000, -1.000000000000000000 ) ) ;
#776 = CARTESIAN_POINT ( 'NONE',  ( 0.7500000000000006661, 0.6664761515876238551, 1.600000000000000977 ) ) ;
#777 = EDGE_CURVE ( 'NONE', #7347, #4078, #1332, .T. ) ;
#778 = CARTESIAN_POINT ( 'NONE',  ( -1.719999999999998863, 0.1999999999999999833, 1.250000000000000444 ) ) ;
#779 = LINE ( 'NONE', #7920, #3613 ) ;
#780 = CARTESIAN_POINT ( 'NONE',  ( 1.130000000000000338, 0.1999999999999999833, -1.720000000000000862 ) ) ;
#781 = EDGE_CURVE ( 'NONE', #382, #4071, #1258, .T. ) ;
#782 =( NAMED_UNIT ( * ) SI_UNIT ( $, .STERADIAN. ) SOLID_ANGLE_UNIT ( ) );
#783 = SURFACE_STYLE_FILL_AREA ( #1689 ) ;
#784 = AXIS2_PLACEMENT_3D ( 'NONE', #579, #7479, #4732 ) ;
#785 = EDGE_LOOP ( 'NONE', ( #1112, #1659, #7447, #8135 ) ) ;
#786 = VECTOR ( 'NONE', #2713, 1000.000000000000000 ) ;
#787 = ORIENTED_EDGE ( 'NONE', *, *, #1047, .F. ) ;
#788 = CARTESIAN_POINT ( 'NONE',  ( 0.1300000000000003375, 0.1999999999999996503, -2.000000000000000888 ) ) ;
#789 = DIRECTION ( 'NONE',  ( 0.000000000000000000, 1.000000000000000000, 0.000000000000000000 ) ) ;
#790 = CARTESIAN_POINT ( 'NONE',  ( 1.250000000000000000, 0.000000000000000000, -1.149999999999999689 ) ) ;
#791 = ADVANCED_FACE ( 'NONE', ( #7241 ), #7678, .F. ) ;
#792 = VECTOR ( 'NONE', #5320, 1000.000000000000000 ) ;
#793 = PLANE ( 'NONE',  #4610 ) ;
#794 = EDGE_CURVE ( 'NONE', #1304, #8472, #7201, .T. ) ;
#795 = DIRECTION ( 'NONE',  ( 0.000000000000000000, -1.000000000000000000, 0.000000000000000000 ) ) ;
#796 = FACE_OUTER_BOUND ( 'NONE', #2102, .T. ) ;
#797 = CARTESIAN_POINT ( 'NONE',  ( 0.2500000000000002220, 0.2000000000000000111, -1.720000000000000862 ) ) ;
#798 = VERTEX_POINT ( 'NONE', #7190 ) ;
#799 = AXIS2_PLACEMENT_3D ( 'NONE', #6626, #5499, #7985 ) ;
#800 = ORIENTED_EDGE ( 'NONE', *, *, #1593, .F. ) ;
#801 = ORIENTED_EDGE ( 'NONE', *, *, #3636, .F. ) ;
#802 = VECTOR ( 'NONE', #2558, 1000.000000000000000 ) ;
#803 = AXIS2_PLACEMENT_3D ( 'NONE', #1262, #2610, #3293 ) ;
#804 =( NAMED_UNIT ( * ) PLANE_ANGLE_UNIT ( ) SI_UNIT ( $, .RADIAN. ) );
#805 = ADVANCED_FACE ( 'NONE', ( #7018 ), #2301, .F. ) ;
#806 = LINE ( 'NONE', #8092, #6654 ) ;
#807 = CARTESIAN_POINT ( 'NONE',  ( 0.7500000000000002220, 0.000000000000000000, -1.720000000000000862 ) ) ;
#808 = MANIFOLD_SOLID_BREP ( 'LPattern4[3]', #1598 ) ;
#809 = CARTESIAN_POINT ( 'NONE',  ( -0.8699999999999996625, 0.2000000000000000111, -1.720000000000000862 ) ) ;
#810 = DIRECTION ( 'NONE',  ( 0.000000000000000000, 1.000000000000000000, 0.000000000000000000 ) ) ;
#811 = DIRECTION ( 'NONE',  ( 0.000000000000000000, 1.000000000000000000, 0.000000000000000000 ) ) ;
#812 = ORIENTED_EDGE ( 'NONE', *, *, #5164, .F. ) ;
#813 = PLANE ( 'NONE',  #1569 ) ;
#814 = AXIS2_PLACEMENT_3D ( 'NONE', #4959, #919, #2790 ) ;
#815 = LINE ( 'NONE', #8131, #3743 ) ;
#816 = CARTESIAN_POINT ( 'NONE',  ( 1.999999999999999112, 0.1999999999999999833, 0.8700000000000001066 ) ) ;
#817 = ORIENTED_EDGE ( 'NONE', *, *, #6405, .T. ) ;
#818 = AXIS2_PLACEMENT_3D ( 'NONE', #2065, #678, #7999 ) ;
#819 = DIRECTION ( 'NONE',  ( 0.000000000000000000, -1.000000000000000000, 0.000000000000000000 ) ) ;
#820 = UNCERTAINTY_MEASURE_WITH_UNIT (LENGTH_MEASURE( 1.000000000000000082E-05 ), #474, 'distance_accuracy_value', 'NONE');
#821 = DIRECTION ( 'NONE',  ( 0.000000000000000000, -0.000000000000000000, 1.000000000000000000 ) ) ;
#822 = ORIENTED_EDGE ( 'NONE', *, *, #2723, .T. ) ;
#823 = LINE ( 'NONE', #1888, #802 ) ;
#824 = AXIS2_PLACEMENT_3D ( 'NONE', #2872, #1638, #4323 ) ;
#825 = VECTOR ( 'NONE', #1361, 1000.000000000000000 ) ;
#826 = LINE ( 'NONE', #5978, #3684 ) ;
#827 = EDGE_LOOP ( 'NONE', ( #2661, #2698, #2887, #2781, #5601, #8520, #1433, #384, #5723, #3179, #8519, #5585, #68, #8488, #1587, #2741, #8584, #2985, #2703, #1416, #2940, #1352, #2921, #8348, #5709, #8420, #5824, #2813 ) ) ;
#828 = EDGE_CURVE ( 'NONE', #8297, #2643, #1461, .T. ) ;
#829 = DIRECTION ( 'NONE',  ( 0.000000000000000000, 0.000000000000000000, 1.000000000000000000 ) ) ;
#830 = DIRECTION ( 'NONE',  ( -0.000000000000000000, -1.000000000000000000, 0.000000000000000000 ) ) ;
#831 = DIRECTION ( 'NONE',  ( -1.000000000000000000, -0.000000000000000000, -7.744301232039308793E-16 ) ) ;
#832 = DIRECTION ( 'NONE',  ( -0.000000000000000000, -1.000000000000000000, -0.000000000000000000 ) ) ;
#833 = LINE ( 'NONE', #2106, #3717 ) ;
#834 = CARTESIAN_POINT ( 'NONE',  ( 0.1300000000000003375, 0.05000000000000000278, 0.000000000000000000 ) ) ;
#835 = DIRECTION ( 'NONE',  ( -0.000000000000000000, -1.000000000000000000, -0.000000000000000000 ) ) ;
#836 = CARTESIAN_POINT ( 'NONE',  ( 0.2500000000000006661, 0.04999999999999999584, 1.720000000000000862 ) ) ;
#837 = AXIS2_PLACEMENT_3D ( 'NONE', #1786, #8577, #7922 ) ;
#838 = ORIENTED_EDGE ( 'NONE', *, *, #8405, .T. ) ;
#839 = EDGE_CURVE ( 'NONE', #3698, #5755, #4375, .T. ) ;
#840 = DIRECTION ( 'NONE',  ( 0.000000000000000000, 0.000000000000000000, 1.000000000000000000 ) ) ;
#841 = PLANE ( 'NONE',  #4599 ) ;
#842 = CARTESIAN_POINT ( 'NONE',  ( -1.719999999999998863, 0.6664761515876242992, 1.250000000000000444 ) ) ;
#843 = CYLINDRICAL_SURFACE ( 'NONE', #3232, 0.1199999999999998845 ) ;
#844 = CARTESIAN_POINT ( 'NONE',  ( 0.1300000000000003375, 0.04999999999999969746, -2.000000000000000888 ) ) ;
#845 = ORIENTED_EDGE ( 'NONE', *, *, #7176, .F. ) ;
#846 = CARTESIAN_POINT ( 'NONE',  ( -1.129999999999999449, 0.2000000000000000111, 1.720000000000000862 ) ) ;
#847 = DIRECTION ( 'NONE',  ( -0.000000000000000000, 1.000000000000000000, -0.000000000000000000 ) ) ;
#848 = FACE_OUTER_BOUND ( 'NONE', #8378, .T. ) ;
#849 = CARTESIAN_POINT ( 'NONE',  ( 1.999999999999999112, 0.000000000000000000, -0.3699999999999994404 ) ) ;
#850 = EDGE_CURVE ( 'NONE', #8126, #1428, #1494, .T. ) ;
#851 = VERTEX_POINT ( 'NONE', #8306 ) ;
#852 = SURFACE_STYLE_USAGE ( .BOTH. , #2131 ) ;
#853 = PRESENTATION_STYLE_ASSIGNMENT (( #6544 ) ) ;
#854 = EDGE_CURVE ( 'NONE', #8464, #5134, #7280, .T. ) ;
#855 = ADVANCED_FACE ( 'NONE', ( #4113 ), #1736, .T. ) ;
#856 = LINE ( 'NONE', #4712, #6733 ) ;
#857 = ORIENTED_EDGE ( 'NONE', *, *, #7176, .T. ) ;
#858 = CARTESIAN_POINT ( 'NONE',  ( 2.000000000000000888, 0.1999999999999996503, 1.129999999999999893 ) ) ;
#859 = EDGE_CURVE ( 'NONE', #5802, #6261, #1797, .T. ) ;
#860 = CARTESIAN_POINT ( 'NONE',  ( 1.999999999999999112, 0.000000000000000000, 1.130000000000000560 ) ) ;
#861 = FACE_OUTER_BOUND ( 'NONE', #2718, .T. ) ;
#862 = CARTESIAN_POINT ( 'NONE',  ( 1.999999999999999112, 0.6664761515876242992, -0.3699999999999994404 ) ) ;
#863 = CARTESIAN_POINT ( 'NONE',  ( 1.719999999999998863, 0.000000000000000000, 1.249999999999999778 ) ) ;
#864 = DIRECTION ( 'NONE',  ( -0.000000000000000000, 0.000000000000000000, 1.000000000000000000 ) ) ;
#865 = EDGE_CURVE ( 'NONE', #8564, #8455, #7520, .T. ) ;
#866 = CARTESIAN_POINT ( 'NONE',  ( -1.249999999999999334, 0.2000000000000000111, 1.600000000000000977 ) ) ;
#867 = ORIENTED_EDGE ( 'NONE', *, *, #2984, .T. ) ;
#868 = DIRECTION ( 'NONE',  ( -1.000000000000000000, 0.000000000000000000, 7.744301232039308793E-16 ) ) ;
#869 = VECTOR ( 'NONE', #795, 1000.000000000000000 ) ;
#870 = CARTESIAN_POINT ( 'NONE',  ( 0.8700000000000005507, 0.2000000000000000111, 2.000000000000000888 ) ) ;
#871 = DIRECTION ( 'NONE',  ( 0.000000000000000000, -0.000000000000000000, 1.000000000000000000 ) ) ;
#872 = EDGE_CURVE ( 'NONE', #2795, #1406, #7365, .T. ) ;
#873 = CARTESIAN_POINT ( 'NONE',  ( -1.719999999999998863, 0.6664761515876242992, -0.3699999999999994404 ) ) ;
#874 = DIRECTION ( 'NONE',  ( 0.000000000000000000, -1.000000000000000000, 0.000000000000000000 ) ) ;
#875 = LINE ( 'NONE', #7340, #3770 ) ;
#876 = PRODUCT ( 'USB2422-I_MJ', 'USB2422-I_MJ', '', ( #5047 ) ) ;
#877 = ADVANCED_FACE ( 'NONE', ( #1572 ), #7490, .T. ) ;
#878 = VECTOR ( 'NONE', #2214, 1000.000000000000000 ) ;
#879 = ORIENTED_EDGE ( 'NONE', *, *, #217, .T. ) ;
#880 = EDGE_CURVE ( 'NONE', #2474, #6375, #7708, .T. ) ;
#881 = CARTESIAN_POINT ( 'NONE',  ( 1.250000000000000666, 0.2000000000000000111, 1.720000000000000862 ) ) ;
#882 = DIRECTION ( 'NONE',  ( 0.000000000000000000, 0.000000000000000000, -1.000000000000000000 ) ) ;
#883 = CARTESIAN_POINT ( 'NONE',  ( -0.3699999999999992184, 0.2000000000000000111, 1.720000000000000862 ) ) ;
#884 = CARTESIAN_POINT ( 'NONE',  ( 0.2500000000000006661, 0.2000000000000000111, 1.600000000000000977 ) ) ;
#885 = DIRECTION ( 'NONE',  ( 0.000000000000000000, 0.000000000000000000, 1.000000000000000000 ) ) ;
#886 = VECTOR ( 'NONE', #7459, 1000.000000000000000 ) ;
#887 = DIRECTION ( 'NONE',  ( 0.000000000000000000, 0.000000000000000000, -1.000000000000000000 ) ) ;
#888 = AXIS2_PLACEMENT_3D ( 'NONE', #3468, #4875, #2230 ) ;
#889 = CARTESIAN_POINT ( 'NONE',  ( -1.636363636363635132, 0.9000000000000000222, -1.636363636363636909 ) ) ;
#890 = VERTEX_POINT ( 'NONE', #2478 ) ;
#891 = FILL_AREA_STYLE_COLOUR ( '', #5543 ) ;
#892 = AXIS2_PLACEMENT_3D ( 'NONE', #4370, #4434, #3606 ) ;
#893 = ORIENTED_EDGE ( 'NONE', *, *, #7038, .T. ) ;
#894 = VECTOR ( 'NONE', #3941, 1000.000000000000000 ) ;
#895 = AXIS2_PLACEMENT_3D ( 'NONE', #207, #1513, #871 ) ;
#896 = DIRECTION ( 'NONE',  ( 1.000000000000000000, -0.000000000000000000, -1.084202172485504434E-16 ) ) ;
#897 = CARTESIAN_POINT ( 'NONE',  ( 1.250000000000000000, 0.2000000000000000944, -1.249999999999999778 ) ) ;
#898 = LINE ( 'NONE', #4838, #825 ) ;
#899 = DIRECTION ( 'NONE',  ( 1.000000000000000000, -0.000000000000000000, 0.000000000000000000 ) ) ;
#900 = AXIS2_PLACEMENT_3D ( 'NONE', #90, #1378, #2023 ) ;
#901 = FILL_AREA_STYLE_COLOUR ( '', #7390 ) ;
#902 = DIRECTION ( 'NONE',  ( 0.000000000000000000, -0.000000000000000000, 1.000000000000000000 ) ) ;
#903 = CLOSED_SHELL ( 'NONE', ( #5592, #7022, #4250, #6335, #8362, #4560 ) ) ;
#904 = DIRECTION ( 'NONE',  ( 1.000000000000000000, -0.000000000000000000, -0.000000000000000000 ) ) ;
#905 = AXIS2_PLACEMENT_3D ( 'NONE', #98, #3404, #1852 ) ;
#906 = AXIS2_PLACEMENT_3D ( 'NONE', #6464, #5095, #3780 ) ;
#907 = ORIENTED_EDGE ( 'NONE', *, *, #1078, .F. ) ;
#908 = VERTEX_POINT ( 'NONE', #8364 ) ;
#909 = VECTOR ( 'NONE', #8575, 1000.000000000000000 ) ;
#910 = COLOUR_RGB ( '',0.7921568627450980005, 0.8196078431372548767, 0.9333333333333333481 ) ;
#911 = EDGE_CURVE ( 'NONE', #2965, #8076, #7430, .T. ) ;
#912 = DIRECTION ( 'NONE',  ( -1.000000000000000000, 0.000000000000000000, -0.000000000000000000 ) ) ;
#913 = VECTOR ( 'NONE', #5215, 1000.000000000000000 ) ;
#914 = DIRECTION ( 'NONE',  ( 0.000000000000000000, 0.000000000000000000, 1.000000000000000000 ) ) ;
#915 = DIRECTION ( 'NONE',  ( -0.000000000000000000, -1.000000000000000000, -0.000000000000000000 ) ) ;
#916 = CARTESIAN_POINT ( 'NONE',  ( 1.999999999999999112, 0.1999999999999999833, 0.8700000000000001066 ) ) ;
#917 = CARTESIAN_POINT ( 'NONE',  ( 0.8700000000000001066, 0.6664761515876238551, -1.720000000000000862 ) ) ;
#918 = EDGE_LOOP ( 'NONE', ( #3906, #3254, #415, #363 ) ) ;
#919 = DIRECTION ( 'NONE',  ( 0.000000000000000000, -1.000000000000000000, 0.000000000000000000 ) ) ;
#920 = CARTESIAN_POINT ( 'NONE',  ( 1.999999999999999112, 0.04999999999999969746, -0.6299999999999998934 ) ) ;
#921 = CARTESIAN_POINT ( 'NONE',  ( -1.999999999999999112, 1.000000000000001776, 1.999999999999999556 ) ) ;
#922 = DIRECTION ( 'NONE',  ( 0.000000000000000000, 0.000000000000000000, 1.000000000000000000 ) ) ;
#923 = DIRECTION ( 'NONE',  ( 0.000000000000000000, -0.000000000000000000, 1.000000000000000000 ) ) ;
#924 = LINE ( 'NONE', #8214, #4075 ) ;
#925 = ADVANCED_FACE ( 'NONE', ( #1702 ), #3751, .F. ) ;
#926 = LINE ( 'NONE', #5518, #1069 ) ;
#927 = VERTEX_POINT ( 'NONE', #142 ) ;
#928 = EDGE_CURVE ( 'NONE', #5055, #4230, #4685, .T. ) ;
#929 = CYLINDRICAL_SURFACE ( 'NONE', #2273, 0.1199999999999998845 ) ;
#930 = VERTEX_POINT ( 'NONE', #5473 ) ;
#931 = ADVANCED_FACE ( 'NONE', ( #1595 ), #1253, .F. ) ;
#932 = DIRECTION ( 'NONE',  ( 0.000000000000000000, 0.000000000000000000, 1.000000000000000000 ) ) ;
#933 = CARTESIAN_POINT ( 'NONE',  ( -1.719999999999998863, 0.000000000000000000, -0.3699999999999996625 ) ) ;
#934 = DIRECTION ( 'NONE',  ( 0.000000000000000000, 0.000000000000000000, 1.000000000000000000 ) ) ;
#935 = CARTESIAN_POINT ( 'NONE',  ( -1.369999999999999662, 0.6664761515876238551, -1.720000000000000862 ) ) ;
#936 = CARTESIAN_POINT ( 'NONE',  ( 0.7500000000000006661, 0.04999999999999999584, 1.720000000000000862 ) ) ;
#937 = EDGE_CURVE ( 'NONE', #4928, #103, #4649, .T. ) ;
#938 = CYLINDRICAL_SURFACE ( 'NONE', #2179, 0.1199999999999998845 ) ;
#939 = PLANE ( 'NONE',  #2511 ) ;
#940 = DIRECTION ( 'NONE',  ( 0.000000000000000000, -1.000000000000000000, 0.000000000000000000 ) ) ;
#941 = ADVANCED_FACE ( 'NONE', ( #1745 ), #7448, .T. ) ;
#942 = FACE_OUTER_BOUND ( 'NONE', #7818, .T. ) ;
#943 = EDGE_CURVE ( 'NONE', #7579, #7990, #7533, .T. ) ;
#944 = ORIENTED_EDGE ( 'NONE', *, *, #5800, .F. ) ;
#945 = ORIENTED_EDGE ( 'NONE', *, *, #5581, .T. ) ;
#946 = EDGE_CURVE ( 'NONE', #433, #1365, #4513, .T. ) ;
#947 = EDGE_CURVE ( 'NONE', #7407, #2898, #4662, .T. ) ;
#948 = FACE_OUTER_BOUND ( 'NONE', #5257, .T. ) ;
#949 = EDGE_CURVE ( 'NONE', #3855, #8259, #1787, .T. ) ;
#950 = DIRECTION ( 'NONE',  ( 0.000000000000000000, 0.000000000000000000, 1.000000000000000000 ) ) ;
#951 = CIRCLE ( 'NONE', #427, 0.1199999999999998845 ) ;
#952 = CARTESIAN_POINT ( 'NONE',  ( -1.369999999999999218, 0.2000000000000000111, 2.000000000000000888 ) ) ;
#953 = DIRECTION ( 'NONE',  ( -0.000000000000000000, -1.000000000000000000, -0.000000000000000000 ) ) ;
#954 = DIRECTION ( 'NONE',  ( 0.000000000000000000, -1.000000000000000000, 0.000000000000000000 ) ) ;
#955 = CIRCLE ( 'NONE', #713, 0.1199999999999998845 ) ;
#956 = VERTEX_POINT ( 'NONE', #7494 ) ;
#957 = VERTEX_POINT ( 'NONE', #5357 ) ;
#958 = CLOSED_SHELL ( 'NONE', ( #5994, #3803, #5219, #3580, #3062, #432 ) ) ;
#959 = FACE_OUTER_BOUND ( 'NONE', #5353, .T. ) ;
#960 = LINE ( 'NONE', #5894, #3844 ) ;
#961 = EDGE_CURVE ( 'NONE', #3211, #2812, #7583, .T. ) ;
#962 = VERTEX_POINT ( 'NONE', #2665 ) ;
#963 =( NAMED_UNIT ( * ) SI_UNIT ( $, .STERADIAN. ) SOLID_ANGLE_UNIT ( ) );
#964 = FACE_OUTER_BOUND ( 'NONE', #3528, .T. ) ;
#965 = CARTESIAN_POINT ( 'NONE',  ( -0.3699999999999992184, 0.6664761515876238551, 2.000000000000000888 ) ) ;
#966 = DIRECTION ( 'NONE',  ( 0.000000000000000000, 0.000000000000000000, -1.000000000000000000 ) ) ;
#967 = DIRECTION ( 'NONE',  ( -0.000000000000000000, -1.000000000000000000, -0.000000000000000000 ) ) ;
#968 = VERTEX_POINT ( 'NONE', #2597 ) ;
#969 = SURFACE_STYLE_FILL_AREA ( #2669 ) ;
#970 = DIRECTION ( 'NONE',  ( 0.000000000000000000, -1.000000000000000000, 0.000000000000000000 ) ) ;
#971 = DIRECTION ( 'NONE',  ( 0.000000000000000000, 1.000000000000000000, 0.000000000000000000 ) ) ;
#972 = VERTEX_POINT ( 'NONE', #198 ) ;
#973 = DIRECTION ( 'NONE',  ( -0.000000000000000000, -1.000000000000000000, -0.000000000000000000 ) ) ;
#974 = VERTEX_POINT ( 'NONE', #4168 ) ;
#975 = VECTOR ( 'NONE', #6453, 1000.000000000000000 ) ;
#976 = VECTOR ( 'NONE', #8400, 1000.000000000000000 ) ;
#977 = LINE ( 'NONE', #7482, #3705 ) ;
#978 = ORIENTED_EDGE ( 'NONE', *, *, #8150, .T. ) ;
#979 = EDGE_CURVE ( 'NONE', #5982, #4949, #1760, .T. ) ;
#980 = LINE ( 'NONE', #3480, #6790 ) ;
#981 = ORIENTED_EDGE ( 'NONE', *, *, #6597, .T. ) ;
#982 = AXIS2_PLACEMENT_3D ( 'NONE', #6904, #1439, #5703 ) ;
#983 = EDGE_LOOP ( 'NONE', ( #4300, #4760, #3255, #4677 ) ) ;
#984 = DIRECTION ( 'NONE',  ( 0.000000000000000000, 1.000000000000000000, 0.000000000000000000 ) ) ;
#985 = CARTESIAN_POINT ( 'NONE',  ( 0.7500000000000006661, 0.1999999999999999833, 1.600000000000000977 ) ) ;
#986 = CARTESIAN_POINT ( 'NONE',  ( 0.7500000000000006661, 0.2000000000000000111, 1.600000000000000977 ) ) ;
#987 = DIRECTION ( 'NONE',  ( 1.000000000000000000, -0.000000000000000000, 0.000000000000000000 ) ) ;
#988 = CARTESIAN_POINT ( 'NONE',  ( -0.1299999999999998934, 0.1999999999999999833, -2.000000000000000888 ) ) ;
#989 = ORIENTED_EDGE ( 'NONE', *, *, #3588, .T. ) ;
#990 = ORIENTED_EDGE ( 'NONE', *, *, #8043, .T. ) ;
#991 = DIRECTION ( 'NONE',  ( 0.000000000000000000, 0.000000000000000000, 1.000000000000000000 ) ) ;
#992 = VECTOR ( 'NONE', #4430, 1000.000000000000000 ) ;
#993 = LINE ( 'NONE', #3463, #1008 ) ;
#994 = ADVANCED_FACE ( 'NONE', ( #4843 ), #3279, .F. ) ;
#995 = PLANE ( 'NONE',  #7083 ) ;
#996 = DIRECTION ( 'NONE',  ( 0.000000000000000000, -1.000000000000000000, 0.000000000000000000 ) ) ;
#997 = CARTESIAN_POINT ( 'NONE',  ( -1.369999999999999218, 0.2000000000000000111, 1.720000000000000862 ) ) ;
#998 = EDGE_CURVE ( 'NONE', #6263, #927, #1674, .T. ) ;
#999 = ORIENTED_EDGE ( 'NONE', *, *, #7884, .F. ) ;
#1000 = ADVANCED_FACE ( 'NONE', ( #1718 ), #5415, .F. ) ;
#1001 = AXIS2_PLACEMENT_3D ( 'NONE', #310, #3519, #1589 ) ;
#1002 = ORIENTED_EDGE ( 'NONE', *, *, #8261, .T. ) ;
#1003 = AXIS2_PLACEMENT_3D ( 'NONE', #388, #8249, #4937 ) ;
#1004 = ORIENTED_EDGE ( 'NONE', *, *, #1990, .T. ) ;
#1005 = VERTEX_POINT ( 'NONE', #2847 ) ;
#1006 = EDGE_LOOP ( 'NONE', ( #4656, #4114, #1137, #8371 ) ) ;
#1007 = LINE ( 'NONE', #5603, #1113 ) ;
#1008 = VECTOR ( 'NONE', #4868, 1000.000000000000000 ) ;
#1009 = AXIS2_PLACEMENT_3D ( 'NONE', #5292, #3340, #5969 ) ;
#1010 = LINE ( 'NONE', #3103, #3732 ) ;
#1011 = DIRECTION ( 'NONE',  ( 0.000000000000000000, 0.000000000000000000, 1.000000000000000000 ) ) ;
#1012 = DIRECTION ( 'NONE',  ( 0.000000000000000000, 0.000000000000000000, 1.000000000000000000 ) ) ;
#1013 = AXIS2_PLACEMENT_3D ( 'NONE', #5514, #6177, #2889 ) ;
#1014 = ADVANCED_FACE ( 'NONE', ( #4524 ), #4849, .F. ) ;
#1015 = LINE ( 'NONE', #7535, #3911 ) ;
#1016 = VERTEX_POINT ( 'NONE', #1968 ) ;
#1017 = CARTESIAN_POINT ( 'NONE',  ( 1.999999999999999112, 0.6664761515876242992, -1.129999999999999893 ) ) ;
#1018 = ORIENTED_EDGE ( 'NONE', *, *, #6640, .F. ) ;
#1019 = EDGE_CURVE ( 'NONE', #5567, #1895, #7559, .T. ) ;
#1020 = ORIENTED_EDGE ( 'NONE', *, *, #8158, .T. ) ;
#1021 = UNCERTAINTY_MEASURE_WITH_UNIT (LENGTH_MEASURE( 1.000000000000000082E-05 ), #2788, 'distance_accuracy_value', 'NONE');
#1022 = ORIENTED_EDGE ( 'NONE', *, *, #1278, .T. ) ;
#1023 = ORIENTED_EDGE ( 'NONE', *, *, #586, .F. ) ;
#1024 = LINE ( 'NONE', #5143, #975 ) ;
#1025 = LINE ( 'NONE', #8227, #6969 ) ;
#1026 = VECTOR ( 'NONE', #7360, 1000.000000000000000 ) ;
#1027 = PRESENTATION_LAYER_ASSIGNMENT (  '', '', ( #3055 ) ) ;
#1028 = CARTESIAN_POINT ( 'NONE',  ( 1.719999999999998863, 0.05000000000000002359, -1.129999999999999893 ) ) ;
#1029 = EDGE_CURVE ( 'NONE', #1962, #7011, #1927, .T. ) ;
#1030 = CARTESIAN_POINT ( 'NONE',  ( -0.1299999999999998934, 0.6664761515876238551, -2.000000000000000888 ) ) ;
#1031 = DIRECTION ( 'NONE',  ( -0.000000000000000000, -1.000000000000000000, -0.000000000000000000 ) ) ;
#1032 = CARTESIAN_POINT ( 'NONE',  ( -1.150000000000000133, 0.2000000000000000944, -1.250000000000000222 ) ) ;
#1033 = CARTESIAN_POINT ( 'NONE',  ( -1.719999999999998863, 0.6664761515876242992, -1.369999999999999662 ) ) ;
#1034 = ORIENTED_EDGE ( 'NONE', *, *, #5331, .T. ) ;
#1035 = DIRECTION ( 'NONE',  ( -1.000000000000000000, 0.000000000000000000, -0.000000000000000000 ) ) ;
#1036 = PLANE ( 'NONE',  #5018 ) ;
#1037 = DIRECTION ( 'NONE',  ( -1.000000000000000000, 0.000000000000000000, 0.000000000000000000 ) ) ;
#1038 = VERTEX_POINT ( 'NONE', #3132 ) ;
#1039 = VERTEX_POINT ( 'NONE', #2203 ) ;
#1040 = EDGE_CURVE ( 'NONE', #7567, #4021, #7327, .T. ) ;
#1041 = CARTESIAN_POINT ( 'NONE',  ( 1.250000000000000000, 0.000000000000000000, -1.249999999999999778 ) ) ;
#1042 = ORIENTED_EDGE ( 'NONE', *, *, #4291, .T. ) ;
#1043 = VECTOR ( 'NONE', #1734, 1000.000000000000000 ) ;
#1044 = VECTOR ( 'NONE', #6449, 1000.000000000000000 ) ;
#1045 = LINE ( 'NONE', #7336, #3969 ) ;
#1046 = AXIS2_PLACEMENT_3D ( 'NONE', #5104, #6649, #1855 ) ;
#1047 = EDGE_CURVE ( 'NONE', #8398, #6856, #4675, .T. ) ;
#1048 = EDGE_LOOP ( 'NONE', ( #89, #8567, #2658, #2748 ) ) ;
#1049 = ORIENTED_EDGE ( 'NONE', *, *, #5758, .T. ) ;
#1050 = DIRECTION ( 'NONE',  ( 0.000000000000000000, -1.000000000000000000, 0.000000000000000000 ) ) ;
#1051 = CARTESIAN_POINT ( 'NONE',  ( -1.369999999999999662, 0.1999999999999999833, -2.000000000000000888 ) ) ;
#1052 = DIRECTION ( 'NONE',  ( 0.000000000000000000, 1.000000000000000000, 0.000000000000000000 ) ) ;
#1053 = VERTEX_POINT ( 'NONE', #254 ) ;
#1054 = VERTEX_POINT ( 'NONE', #6345 ) ;
#1055 = DIRECTION ( 'NONE',  ( -0.000000000000000000, -1.000000000000000000, -0.000000000000000000 ) ) ;
#1056 = CIRCLE ( 'NONE', #4625, 0.1199999999999998845 ) ;
#1057 = LINE ( 'NONE', #5785, #3942 ) ;
#1058 = VECTOR ( 'NONE', #635, 1000.000000000000000 ) ;
#1059 = CARTESIAN_POINT ( 'NONE',  ( -1.719999999999998863, 0.000000000000000000, 0.6300000000000003375 ) ) ;
#1060 = DIRECTION ( 'NONE',  ( 0.000000000000000000, 0.000000000000000000, 1.000000000000000000 ) ) ;
#1061 = EDGE_CURVE ( 'NONE', #3855, #1216, #1773, .T. ) ;
#1062 = FACE_OUTER_BOUND ( 'NONE', #7298, .T. ) ;
#1063 = EDGE_CURVE ( 'NONE', #8065, #7236, #4586, .T. ) ;
#1064 = ORIENTED_EDGE ( 'NONE', *, *, #8596, .T. ) ;
#1065 = ORIENTED_EDGE ( 'NONE', *, *, #7750, .T. ) ;
#1066 = CYLINDRICAL_SURFACE ( 'NONE', #8035, 0.1199999999999998845 ) ;
#1067 = CARTESIAN_POINT ( 'NONE',  ( -1.129999999999999449, 0.6664761515876238551, 2.000000000000000888 ) ) ;
#1068 = ADVANCED_FACE ( 'NONE', ( #7477 ), #301, .T. ) ;
#1069 = VECTOR ( 'NONE', #6646, 1000.000000000000000 ) ;
#1070 = DIRECTION ( 'NONE',  ( -1.000000000000000000, 0.000000000000000000, -7.744301232039308793E-16 ) ) ;
#1071 = CARTESIAN_POINT ( 'NONE',  ( 0.3700000000000005507, 0.2000000000000000111, 2.000000000000000888 ) ) ;
#1072 = VECTOR ( 'NONE', #1293, 1000.000000000000000 ) ;
#1073 = EDGE_CURVE ( 'NONE', #4924, #6311, #1661, .T. ) ;
#1074 = ORIENTED_EDGE ( 'NONE', *, *, #2319, .F. ) ;
#1075 = DIRECTION ( 'NONE',  ( -1.000000000000000000, 0.000000000000000000, 0.000000000000000000 ) ) ;
#1076 = ADVANCED_FACE ( 'NONE', ( #4573 ), #5023, .T. ) ;
#1077 = CARTESIAN_POINT ( 'NONE',  ( -1.129999999999999449, 0.2000000000000000111, 2.000000000000000888 ) ) ;
#1078 = EDGE_CURVE ( 'NONE', #7515, #1005, #7465, .T. ) ;
#1079 = ORIENTED_EDGE ( 'NONE', *, *, #6439, .F. ) ;
#1080 = ORIENTED_EDGE ( 'NONE', *, *, #8586, .T. ) ;
#1081 = ORIENTED_EDGE ( 'NONE', *, *, #8072, .T. ) ;
#1082 = ORIENTED_EDGE ( 'NONE', *, *, #6952, .F. ) ;
#1083 = SURFACE_STYLE_FILL_AREA ( #6310 ) ;
#1084 = AXIS2_PLACEMENT_3D ( 'NONE', #7359, #1903, #6592 ) ;
#1085 = CIRCLE ( 'NONE', #1857, 0.1199999999999998845 ) ;
#1086 = CARTESIAN_POINT ( 'NONE',  ( 1.999999999999999112, 0.1999999999999999833, 0.6300000000000005596 ) ) ;
#1087 = ADVANCED_FACE ( 'NONE', ( #7692 ), #5594, .F. ) ;
#1088 = CIRCLE ( 'NONE', #7915, 0.1199999999999998845 ) ;
#1089 = DIRECTION ( 'NONE',  ( -0.000000000000000000, -1.000000000000000000, -0.000000000000000000 ) ) ;
#1090 = CARTESIAN_POINT ( 'NONE',  ( 1.999999999999999112, 0.000000000000000000, -1.369999999999999440 ) ) ;
#1091 = DIRECTION ( 'NONE',  ( 0.000000000000000000, 0.000000000000000000, 1.000000000000000000 ) ) ;
#1092 = VERTEX_POINT ( 'NONE', #5767 ) ;
#1093 = DIRECTION ( 'NONE',  ( -0.000000000000000000, 0.000000000000000000, 1.000000000000000000 ) ) ;
#1094 = CARTESIAN_POINT ( 'NONE',  ( -0.3699999999999992184, 0.6664761515876238551, 1.720000000000000862 ) ) ;
#1095 = DIRECTION ( 'NONE',  ( 1.000000000000000000, -0.000000000000000000, 7.744301232039308793E-16 ) ) ;
#1096 = ORIENTED_EDGE ( 'NONE', *, *, #6299, .F. ) ;
#1097 = EDGE_CURVE ( 'NONE', #3490, #4105, #1558, .T. ) ;
#1098 = FACE_OUTER_BOUND ( 'NONE', #279, .T. ) ;
#1099 = DIRECTION ( 'NONE',  ( 0.000000000000000000, 0.000000000000000000, -1.000000000000000000 ) ) ;
#1100 = ORIENTED_EDGE ( 'NONE', *, *, #3430, .T. ) ;
#1101 = LINE ( 'NONE', #3186, #3843 ) ;
#1102 = LINE ( 'NONE', #3766, #6861 ) ;
#1103 = LINE ( 'NONE', #2460, #3824 ) ;
#1104 = ORIENTED_EDGE ( 'NONE', *, *, #6107, .F. ) ;
#1105 = AXIS2_PLACEMENT_3D ( 'NONE', #1954, #7299, #4149 ) ;
#1106 = CARTESIAN_POINT ( 'NONE',  ( -1.250000000000000000, 0.000000000000000000, -1.250000000000000222 ) ) ;
#1107 = PLANE ( 'NONE',  #6034 ) ;
#1108 = CARTESIAN_POINT ( 'NONE',  ( -1.150000000000000133, 0.05000000000000012768, -1.250000000000000222 ) ) ;
#1109 = LINE ( 'NONE', #1294, #3990 ) ;
#1110 = CARTESIAN_POINT ( 'NONE',  ( -1.150000000000000133, 0.05000000000000000278, -1.250000000000000222 ) ) ;
#1111 = VERTEX_POINT ( 'NONE', #8442 ) ;
#1112 = ORIENTED_EDGE ( 'NONE', *, *, #4502, .F. ) ;
#1113 = VECTOR ( 'NONE', #4174, 1000.000000000000000 ) ;
#1114 = VECTOR ( 'NONE', #4190, 1000.000000000000000 ) ;
#1115 = CARTESIAN_POINT ( 'NONE',  ( 1.250000000000000000, 0.2000000000000000944, -1.249999999999999778 ) ) ;
#1116 = AXIS2_PLACEMENT_3D ( 'NONE', #1399, #2045, #8104 ) ;
#1117 = CYLINDRICAL_SURFACE ( 'NONE', #4887, 0.1199999999999998845 ) ;
#1118 = ORIENTED_EDGE ( 'NONE', *, *, #3325, .F. ) ;
#1119 = CARTESIAN_POINT ( 'NONE',  ( 1.250000000000000222, 0.2000000000000000111, -1.720000000000000862 ) ) ;
#1120 = ORIENTED_EDGE ( 'NONE', *, *, #4802, .T. ) ;
#1121 = STYLED_ITEM ( 'NONE', ( #120 ), #4930 ) ;
#1122 = ORIENTED_EDGE ( 'NONE', *, *, #5484, .T. ) ;
#1123 = AXIS2_PLACEMENT_3D ( 'NONE', #1660, #2310, #1716 ) ;
#1124 = VECTOR ( 'NONE', #6988, 1000.000000000000000 ) ;
#1125 = VERTEX_POINT ( 'NONE', #1669 ) ;
#1126 = ORIENTED_EDGE ( 'NONE', *, *, #4179, .T. ) ;
#1127 = CARTESIAN_POINT ( 'NONE',  ( 0.6300000000000007816, 0.05000000000000000278, 0.000000000000000000 ) ) ;
#1128 = VECTOR ( 'NONE', #7511, 1000.000000000000000 ) ;
#1129 = LINE ( 'NONE', #308, #1252 ) ;
#1130 = DIRECTION ( 'NONE',  ( 0.000000000000000000, -1.000000000000000000, 0.000000000000000000 ) ) ;
#1131 = DIRECTION ( 'NONE',  ( 0.000000000000000000, 0.000000000000000000, -1.000000000000000000 ) ) ;
#1132 = DIRECTION ( 'NONE',  ( 1.000000000000000000, 0.000000000000000000, 0.000000000000000000 ) ) ;
#1133 = FILL_AREA_STYLE ('',( #4468 ) ) ;
#1134 = EDGE_CURVE ( 'NONE', #1577, #3383, #4869, .T. ) ;
#1135 = PLANE ( 'NONE',  #5705 ) ;
#1136 = LINE ( 'NONE', #7295, #6739 ) ;
#1137 = ORIENTED_EDGE ( 'NONE', *, *, #8383, .F. ) ;
#1138 = PLANE ( 'NONE',  #6653 ) ;
#1139 = DIRECTION ( 'NONE',  ( 0.000000000000000000, 0.000000000000000000, 1.000000000000000000 ) ) ;
#1140 = AXIS2_PLACEMENT_3D ( 'NONE', #758, #8148, #1570 ) ;
#1141 = CIRCLE ( 'NONE', #5071, 0.1199999999999998845 ) ;
#1142 = EDGE_LOOP ( 'NONE', ( #4422, #7625, #5712, #1524 ) ) ;
#1143 = ORIENTED_EDGE ( 'NONE', *, *, #4, .F. ) ;
#1144 = EDGE_CURVE ( 'NONE', #8597, #4410, #7783, .T. ) ;
#1145 = VECTOR ( 'NONE', #3150, 1000.000000000000000 ) ;
#1146 = ADVANCED_FACE ( 'NONE', ( #1991 ), #6907, .F. ) ;
#1147 = CIRCLE ( 'NONE', #7301, 0.1199999999999998845 ) ;
#1148 = DIRECTION ( 'NONE',  ( 0.000000000000000000, 1.000000000000000000, 0.000000000000000000 ) ) ;
#1149 = CYLINDRICAL_SURFACE ( 'NONE', #3038, 0.1000000000000000472 ) ;
#1150 = CARTESIAN_POINT ( 'NONE',  ( 1.719999999999998863, 0.6664761515876242992, -0.1299999999999998934 ) ) ;
#1151 = EDGE_CURVE ( 'NONE', #1895, #324, #4908, .T. ) ;
#1152 = CARTESIAN_POINT ( 'NONE',  ( 0.7500000000000006661, 0.2000000000000000111, 1.600000000000000977 ) ) ;
#1153 = CARTESIAN_POINT ( 'NONE',  ( -1.999999999999999112, 0.000000000000000000, -1.369999999999999440 ) ) ;
#1154 = EDGE_LOOP ( 'NONE', ( #7003, #5686, #2724, #1841 ) ) ;
#1155 = ADVANCED_FACE ( 'NONE', ( #4962 ), #3871, .F. ) ;
#1156 = CARTESIAN_POINT ( 'NONE',  ( 0.6300000000000007816, 0.1999999999999999833, 1.720000000000000862 ) ) ;
#1157 = DIRECTION ( 'NONE',  ( -0.000000000000000000, -1.000000000000000000, -0.000000000000000000 ) ) ;
#1158 = DIRECTION ( 'NONE',  ( 1.000000000000000000, -0.000000000000000000, 0.000000000000000000 ) ) ;
#1159 = LINE ( 'NONE', #2287, #6953 ) ;
#1160 = DIRECTION ( 'NONE',  ( -0.000000000000000000, -1.000000000000000000, -0.000000000000000000 ) ) ;
#1161 = VERTEX_POINT ( 'NONE', #5986 ) ;
#1162 = VECTOR ( 'NONE', #8387, 1000.000000000000000 ) ;
#1163 = CYLINDRICAL_SURFACE ( 'NONE', #4490, 0.1000000000000000472 ) ;
#1164 = EDGE_CURVE ( 'NONE', #8398, #6901, #4933, .T. ) ;
#1165 = LINE ( 'NONE', #5481, #1269 ) ;
#1166 = ADVANCED_FACE ( 'NONE', ( #7964 ), #7270, .F. ) ;
#1167 = EDGE_LOOP ( 'NONE', ( #6501, #3651, #4966, #2161 ) ) ;
#1168 = FILL_AREA_STYLE ('',( #2064 ) ) ;
#1169 = DIRECTION ( 'NONE',  ( -0.000000000000000000, -1.000000000000000000, -0.000000000000000000 ) ) ;
#1170 = VECTOR ( 'NONE', #3836, 1000.000000000000000 ) ;
#1171 = CARTESIAN_POINT ( 'NONE',  ( 1.719999999999998863, 0.1999999999999999833, 1.370000000000000107 ) ) ;
#1172 = EDGE_LOOP ( 'NONE', ( #3725, #7132, #6455, #867 ) ) ;
#1173 = EDGE_CURVE ( 'NONE', #7601, #7072, #7743, .T. ) ;
#1174 = ORIENTED_EDGE ( 'NONE', *, *, #3985, .F. ) ;
#1175 = DIRECTION ( 'NONE',  ( 0.000000000000000000, 0.000000000000000000, -1.000000000000000000 ) ) ;
#1176 = FACE_OUTER_BOUND ( 'NONE', #3562, .T. ) ;
#1177 = LINE ( 'NONE', #1583, #6817 ) ;
#1179 = EDGE_CURVE ( 'NONE', #4304, #1092, #7834, .T. ) ;
#1178 = CARTESIAN_POINT ( 'NONE',  ( 1.719999999999998863, 0.6664761515876242992, -1.250000000000000222 ) ) ;
#1180 = CARTESIAN_POINT ( 'NONE',  ( 0.1300000000000003375, 0.1999999999999999833, -2.000000000000000888 ) ) ;
#1181 = FACE_OUTER_BOUND ( 'NONE', #5147, .T. ) ;
#1182 = CARTESIAN_POINT ( 'NONE',  ( 1.719999999999998863, 0.6664761515876242992, 1.370000000000000107 ) ) ;
#1183 = EDGE_CURVE ( 'NONE', #6545, #3694, #2034, .T. ) ;
#1184 = CARTESIAN_POINT ( 'NONE',  ( 1.719999999999998863, 0.6664761515876242992, -0.2500000000000002220 ) ) ;
#1185 = ORIENTED_EDGE ( 'NONE', *, *, #6376, .T. ) ;
#1186 = LINE ( 'NONE', #5043, #1387 ) ;
#1187 = EDGE_LOOP ( 'NONE', ( #760, #8139, #4898, #6563 ) ) ;
#1188 = ORIENTED_EDGE ( 'NONE', *, *, #3811, .F. ) ;
#1189 = DIRECTION ( 'NONE',  ( -0.000000000000000000, -0.000000000000000000, 1.000000000000000000 ) ) ;
#1190 = LINE ( 'NONE', #5010, #1311 ) ;
#1191 = DIRECTION ( 'NONE',  ( -0.000000000000000000, 1.000000000000000000, -0.000000000000000000 ) ) ;
#1192 = CARTESIAN_POINT ( 'NONE',  ( -1.719999999999998863, 0.05000000000000002359, 1.370000000000000107 ) ) ;
#1193 = EDGE_CURVE ( 'NONE', #5626, #3189, #2114, .T. ) ;
#1194 = DIRECTION ( 'NONE',  ( 0.000000000000000000, -0.000000000000000000, 1.000000000000000000 ) ) ;
#1195 = CARTESIAN_POINT ( 'NONE',  ( 1.999999999999999112, 0.1999999999999999833, -0.1299999999999998934 ) ) ;
#1196 = CARTESIAN_POINT ( 'NONE',  ( -1.250000000000000000, 0.2000000000000000944, -1.150000000000000133 ) ) ;
#1197 = SURFACE_STYLE_FILL_AREA ( #4920 ) ;
#1198 = VERTEX_POINT ( 'NONE', #715 ) ;
#1199 = DIRECTION ( 'NONE',  ( 0.000000000000000000, 0.000000000000000000, -1.000000000000000000 ) ) ;
#1200 = DIRECTION ( 'NONE',  ( -0.000000000000000000, -1.000000000000000000, -0.000000000000000000 ) ) ;
#1201 = ORIENTED_EDGE ( 'NONE', *, *, #4618, .F. ) ;
#1202 = VECTOR ( 'NONE', #4147, 1000.000000000000000 ) ;
#1203 = EDGE_LOOP ( 'NONE', ( #2863, #7612, #5804, #2663 ) ) ;
#1204 = VERTEX_POINT ( 'NONE', #503 ) ;
#1205 = PRESENTATION_STYLE_ASSIGNMENT (( #3043 ) ) ;
#1206 = FACE_OUTER_BOUND ( 'NONE', #3217, .T. ) ;
#1207 = FACE_OUTER_BOUND ( 'NONE', #4009, .T. ) ;
#1208 = DIRECTION ( 'NONE',  ( 0.000000000000000000, -0.000000000000000000, 1.000000000000000000 ) ) ;
#1209 = EDGE_CURVE ( 'NONE', #5812, #2799, #4883, .T. ) ;
#1210 = VECTOR ( 'NONE', #538, 1000.000000000000000 ) ;
#1211 = DIRECTION ( 'NONE',  ( -1.000000000000000000, 0.000000000000000000, -0.000000000000000000 ) ) ;
#1212 = CARTESIAN_POINT ( 'NONE',  ( 1.999999999999999112, 0.1999999999999999833, 0.1300000000000005596 ) ) ;
#1213 = ORIENTED_EDGE ( 'NONE', *, *, #5349, .T. ) ;
#1214 = CARTESIAN_POINT ( 'NONE',  ( -0.8699999999999992184, 0.000000000000000000, 2.000000000000000888 ) ) ;
#1215 = CARTESIAN_POINT ( 'NONE',  ( 1.370000000000000107, 0.6664761515876238551, -2.000000000000000888 ) ) ;
#1216 = VERTEX_POINT ( 'NONE', #1830 ) ;
#1217 = CARTESIAN_POINT ( 'NONE',  ( 0.6300000000000003375, 0.1999999999999999833, -2.000000000000000888 ) ) ;
#1218 = AXIS2_PLACEMENT_3D ( 'NONE', #5174, #4691, #1371 ) ;
#1219 = VECTOR ( 'NONE', #5899, 1000.000000000000000 ) ;
#1220 = ORIENTED_EDGE ( 'NONE', *, *, #7542, .T. ) ;
#1221 = DIRECTION ( 'NONE',  ( -1.000000000000000000, -0.000000000000000000, -7.744301232039308793E-16 ) ) ;
#1222 = ORIENTED_EDGE ( 'NONE', *, *, #1179, .F. ) ;
#1223 = LINE ( 'NONE', #6524, #976 ) ;
#1224 = ADVANCED_FACE ( 'NONE', ( #7914 ), #2139, .F. ) ;
#1225 = AXIS2_PLACEMENT_3D ( 'NONE', #2073, #4737, #5519 ) ;
#1226 = CIRCLE ( 'NONE', #6542, 0.1199999999999998845 ) ;
#1227 = ORIENTED_EDGE ( 'NONE', *, *, #6391, .F. ) ;
#1228 = CARTESIAN_POINT ( 'NONE',  ( -1.129999999999999449, 0.000000000000000000, 2.000000000000000888 ) ) ;
#1229 = ORIENTED_EDGE ( 'NONE', *, *, #454, .F. ) ;
#1230 =( GEOMETRIC_REPRESENTATION_CONTEXT ( 3 ) GLOBAL_UNCERTAINTY_ASSIGNED_CONTEXT ( ( #6583 ) ) GLOBAL_UNIT_ASSIGNED_CONTEXT ( ( #3384, #2651, #3327 ) ) REPRESENTATION_CONTEXT ( 'NONE', 'WORKASPACE' ) );
#1231 = DIRECTION ( 'NONE',  ( 0.000000000000000000, 1.000000000000000000, 0.000000000000000000 ) ) ;
#1232 = CARTESIAN_POINT ( 'NONE',  ( 0.3700000000000005507, 0.05000000000000000278, 0.000000000000000000 ) ) ;
#1233 = CARTESIAN_POINT ( 'NONE',  ( 0.1300000000000003375, 0.000000000000000000, -1.720000000000000862 ) ) ;
#1234 = LINE ( 'NONE', #3154, #1323 ) ;
#1235 = CARTESIAN_POINT ( 'NONE',  ( -1.149999999999999911, 3.735533905932738374, 1.149999999999999467 ) ) ;
#1236 = AXIS2_PLACEMENT_3D ( 'NONE', #2787, #4796, #2727 ) ;
#1237 = VECTOR ( 'NONE', #4667, 1000.000000000000000 ) ;
#1238 = FACE_OUTER_BOUND ( 'NONE', #3977, .T. ) ;
#1239 = VECTOR ( 'NONE', #1446, 1000.000000000000000 ) ;
#1240 = CARTESIAN_POINT ( 'NONE',  ( 1.999999999999999112, 0.6664761515876242992, 0.1300000000000005596 ) ) ;
#1241 = AXIS2_PLACEMENT_3D ( 'NONE', #6779, #3396, #7493 ) ;
#1242 = AXIS2_PLACEMENT_3D ( 'NONE', #7727, #2536, #3223 ) ;
#1243 = ADVANCED_FACE ( 'NONE', ( #7755 ), #6209, .T. ) ;
#1244 = ORIENTED_EDGE ( 'NONE', *, *, #3701, .T. ) ;
#1245 = FACE_OUTER_BOUND ( 'NONE', #2316, .T. ) ;
#1246 = ORIENTED_EDGE ( 'NONE', *, *, #4542, .T. ) ;
#1247 = ORIENTED_EDGE ( 'NONE', *, *, #6511, .F. ) ;
#1248 = EDGE_CURVE ( 'NONE', #5828, #6858, #5083, .T. ) ;
#1249 = LINE ( 'NONE', #1799, #4402 ) ;
#1250 = LINE ( 'NONE', #7849, #3967 ) ;
#1251 = DIRECTION ( 'NONE',  ( 0.000000000000000000, 0.000000000000000000, -1.000000000000000000 ) ) ;
#1252 = VECTOR ( 'NONE', #410, 1000.000000000000000 ) ;
#1253 = PLANE ( 'NONE',  #3349 ) ;
#1254 = CARTESIAN_POINT ( 'NONE',  ( 0.1300000000000007816, 0.1999999999999999833, 1.720000000000000862 ) ) ;
#1255 = CARTESIAN_POINT ( 'NONE',  ( -1.369999999999999218, 0.04999999999999999584, 1.720000000000000862 ) ) ;
#1256 = CARTESIAN_POINT ( 'NONE',  ( 0.1300000000000007816, 0.6664761515876238551, 2.000000000000000888 ) ) ;
#1257 = CARTESIAN_POINT ( 'NONE',  ( 1.370000000000000107, 0.000000000000000000, -1.720000000000000862 ) ) ;
#1258 = CIRCLE ( 'NONE', #6150, 0.1000000000000000472 ) ;
#1259 = AXIS2_PLACEMENT_3D ( 'NONE', #797, #8193, #740 ) ;
#1260 = VERTEX_POINT ( 'NONE', #1633 ) ;
#1261 = DIRECTION ( 'NONE',  ( -0.000000000000000000, -1.000000000000000000, -0.000000000000000000 ) ) ;
#1262 = CARTESIAN_POINT ( 'NONE',  ( -1.719999999999998863, 0.05000000000000002359, 1.250000000000000444 ) ) ;
#1263 = VERTEX_POINT ( 'NONE', #6152 ) ;
#1264 = LINE ( 'NONE', #424, #4187 ) ;
#1265 = ORIENTED_EDGE ( 'NONE', *, *, #1183, .T. ) ;
#1266 = FACE_OUTER_BOUND ( 'NONE', #8191, .T. ) ;
#1267 = EDGE_CURVE ( 'NONE', #2549, #3183, #4894, .T. ) ;
#1268 = CIRCLE ( 'NONE', #5202, 0.1199999999999998845 ) ;
#1269 = VECTOR ( 'NONE', #6136, 1000.000000000000000 ) ;
#1270 = CARTESIAN_POINT ( 'NONE',  ( -0.2499999999999997780, 0.2000000000000000111, -1.720000000000000862 ) ) ;
#1271 = LINE ( 'NONE', #8253, #7165 ) ;
#1272 = CARTESIAN_POINT ( 'NONE',  ( 1.719999999999998863, 0.05000000000000002359, -1.250000000000000222 ) ) ;
#1273 = EDGE_CURVE ( 'NONE', #2774, #3007, #7933, .T. ) ;
#1274 = CARTESIAN_POINT ( 'NONE',  ( -1.129999999999999449, 0.6664761515876238551, 1.720000000000000862 ) ) ;
#1275 = VERTEX_POINT ( 'NONE', #270 ) ;
#1276 = CARTESIAN_POINT ( 'NONE',  ( 0.6300000000000007816, 0.000000000000000000, 1.720000000000000862 ) ) ;
#1277 = LINE ( 'NONE', #7032, #4169 ) ;
#1278 = EDGE_CURVE ( 'NONE', #7648, #7011, #2159, .T. ) ;
#1279 = VERTEX_POINT ( 'NONE', #3511 ) ;
#1280 = CARTESIAN_POINT ( 'NONE',  ( -1.150000000000000133, 0.000000000000000000, -1.250000000000000222 ) ) ;
#1281 = CARTESIAN_POINT ( 'NONE',  ( -0.3699999999999992184, 0.2000000000000000111, 1.720000000000000862 ) ) ;
#1282 = LINE ( 'NONE', #7938, #1390 ) ;
#1283 = VERTEX_POINT ( 'NONE', #4188 ) ;
#1284 = EDGE_CURVE ( 'NONE', #7142, #2656, #4917, .T. ) ;
#1285 = ORIENTED_EDGE ( 'NONE', *, *, #5846, .F. ) ;
#1286 = EDGE_CURVE ( 'NONE', #5141, #1561, #2016, .T. ) ;
#1287 = DIRECTION ( 'NONE',  ( 0.000000000000000000, -1.000000000000000000, 0.000000000000000000 ) ) ;
#1288 = EDGE_LOOP ( 'NONE', ( #1074, #1500, #981, #7024 ) ) ;
#1289 = CARTESIAN_POINT ( 'NONE',  ( 1.719999999999998863, 0.1999999999999999833, -0.3700000000000001066 ) ) ;
#1290 = DIRECTION ( 'NONE',  ( 0.000000000000000000, 0.000000000000000000, 1.000000000000000000 ) ) ;
#1291 = DIRECTION ( 'NONE',  ( -1.000000000000000000, 0.000000000000000000, 0.000000000000000000 ) ) ;
#1292 = VECTOR ( 'NONE', #128, 1000.000000000000000 ) ;
#1293 = DIRECTION ( 'NONE',  ( 1.000000000000000000, 0.000000000000000000, -7.744301232039308793E-16 ) ) ;
#1294 = CARTESIAN_POINT ( 'NONE',  ( 2.000000000000000888, 0.05000000000000000278, 1.999999999999999112 ) ) ;
#1295 = VECTOR ( 'NONE', #7615, 1000.000000000000000 ) ;
#1296 = VECTOR ( 'NONE', #4079, 1000.000000000000000 ) ;
#1297 = ADVANCED_FACE ( 'NONE', ( #7796 ), #7809, .F. ) ;
#1298 = FILL_AREA_STYLE_COLOUR ( '', #6707 ) ;
#1299 = CARTESIAN_POINT ( 'NONE',  ( -0.3699999999999992184, 0.04999999999999969746, 2.000000000000000888 ) ) ;
#1300 = CIRCLE ( 'NONE', #1650, 0.1199999999999998845 ) ;
#1301 = ORIENTED_EDGE ( 'NONE', *, *, #8301, .F. ) ;
#1302 = CARTESIAN_POINT ( 'NONE',  ( -1.999999999999999112, 0.1999999999999999833, 1.130000000000000560 ) ) ;
#1303 = CARTESIAN_POINT ( 'NONE',  ( 1.250000000000000666, 0.000000000000000000, 1.720000000000000862 ) ) ;
#1304 = VERTEX_POINT ( 'NONE', #2278 ) ;
#1305 = EDGE_CURVE ( 'NONE', #3378, #3855, #7824, .T. ) ;
#1306 = LINE ( 'NONE', #1951, #4204 ) ;
#1307 = EDGE_LOOP ( 'NONE', ( #2097, #4335, #5939, #7684 ) ) ;
#1308 = CYLINDRICAL_SURFACE ( 'NONE', #6760, 0.1199999999999998845 ) ;
#1309 = CIRCLE ( 'NONE', #2268, 0.1199999999999998845 ) ;
#1310 = FILL_AREA_STYLE ('',( #5232 ) ) ;
#1311 = VECTOR ( 'NONE', #7440, 1000.000000000000000 ) ;
#1312 = EDGE_LOOP ( 'NONE', ( #2743, #1656, #4717, #1185 ) ) ;
#1313 = PRESENTATION_LAYER_ASSIGNMENT (  '', '', ( #3703 ) ) ;
#1314 = CARTESIAN_POINT ( 'NONE',  ( -0.6299999999999998934, 0.000000000000000000, -2.000000000000000888 ) ) ;
#1315 = CARTESIAN_POINT ( 'NONE',  ( -1.719999999999998863, 0.6664761515876242992, 1.370000000000000107 ) ) ;
#1316 = CARTESIAN_POINT ( 'NONE',  ( 1.719999999999998863, 0.6664761515876242992, 1.249999999999999778 ) ) ;
#1317 = DIRECTION ( 'NONE',  ( 0.000000000000000000, 0.000000000000000000, -1.000000000000000000 ) ) ;
#1318 = DIRECTION ( 'NONE',  ( 0.000000000000000000, 0.000000000000000000, -1.000000000000000000 ) ) ;
#1319 = ORIENTED_EDGE ( 'NONE', *, *, #8197, .F. ) ;
#1320 = DIRECTION ( 'NONE',  ( 0.000000000000000000, -1.000000000000000000, 0.000000000000000000 ) ) ;
#1321 = DIRECTION ( 'NONE',  ( 0.000000000000000000, 1.000000000000000000, 0.000000000000000000 ) ) ;
#1322 = ORIENTED_EDGE ( 'NONE', *, *, #5888, .T. ) ;
#1323 = VECTOR ( 'NONE', #1175, 1000.000000000000000 ) ;
#1324 = ORIENTED_EDGE ( 'NONE', *, *, #5765, .F. ) ;
#1325 = EDGE_CURVE ( 'NONE', #8280, #1161, #4857, .T. ) ;
#1326 = VECTOR ( 'NONE', #3203, 1000.000000000000000 ) ;
#1327 = FACE_OUTER_BOUND ( 'NONE', #8288, .T. ) ;
#1328 = AXIS2_PLACEMENT_3D ( 'NONE', #47, #4699, #703 ) ;
#1329 = LINE ( 'NONE', #7321, #4209 ) ;
#1330 = EDGE_LOOP ( 'NONE', ( #5347, #1096, #7389, #5508 ) ) ;
#1331 = AXIS2_PLACEMENT_3D ( 'NONE', #1747, #6983, #2342 ) ;
#1332 = LINE ( 'NONE', #5633, #7069 ) ;
#1333 = DIRECTION ( 'NONE',  ( 0.000000000000000000, 0.000000000000000000, 1.000000000000000000 ) ) ;
#1334 = DIRECTION ( 'NONE',  ( 0.000000000000000000, 0.000000000000000000, 1.000000000000000000 ) ) ;
#1335 = DIRECTION ( 'NONE',  ( 0.000000000000000000, 0.000000000000000000, -1.000000000000000000 ) ) ;
#1336 = ORIENTED_EDGE ( 'NONE', *, *, #8181, .T. ) ;
#1337 = DIRECTION ( 'NONE',  ( 0.000000000000000000, -1.000000000000000000, 0.000000000000000000 ) ) ;
#1338 = PLANE ( 'NONE',  #5224 ) ;
#1339 = DIRECTION ( 'NONE',  ( 0.000000000000000000, 0.000000000000000000, -1.000000000000000000 ) ) ;
#1340 = AXIS2_PLACEMENT_3D ( 'NONE', #5987, #7979, #1335 ) ;
#1341 = ORIENTED_EDGE ( 'NONE', *, *, #6921, .T. ) ;
#1342 = CARTESIAN_POINT ( 'NONE',  ( -1.249999999999999334, 0.000000000000000000, 1.600000000000000977 ) ) ;
#1343 = AXIS2_PLACEMENT_3D ( 'NONE', #7937, #3954, #6410 ) ;
#1344 = EDGE_LOOP ( 'NONE', ( #8052, #2472, #2196, #8255 ) ) ;
#1345 = CARTESIAN_POINT ( 'NONE',  ( -1.719999999999998863, 0.6664761515876242992, 0.1300000000000003375 ) ) ;
#1346 = PRESENTATION_STYLE_ASSIGNMENT (( #6699 ) ) ;
#1347 = VECTOR ( 'NONE', #149, 1000.000000000000000 ) ;
#1348 = ORIENTED_EDGE ( 'NONE', *, *, #4735, .F. ) ;
#1349 = EDGE_CURVE ( 'NONE', #3963, #2321, #2071, .T. ) ;
#1350 = AXIS2_PLACEMENT_3D ( 'NONE', #7129, #7008, #1131 ) ;
#1351 = ORIENTED_EDGE ( 'NONE', *, *, #22, .F. ) ;
#1352 = ORIENTED_EDGE ( 'NONE', *, *, #1878, .T. ) ;
#1353 = DIRECTION ( 'NONE',  ( -1.000000000000000000, 0.000000000000000000, -7.744301232039308793E-16 ) ) ;
#1354 = CARTESIAN_POINT ( 'NONE',  ( 1.999999999999999112, 0.000000000000000000, -1.129999999999999893 ) ) ;
#1355 = ADVANCED_FACE ( 'NONE', ( #4977 ), #8399, .F. ) ;
#1356 = LINE ( 'NONE', #3482, #4117 ) ;
#1357 = DIRECTION ( 'NONE',  ( -0.000000000000000000, -1.000000000000000000, -0.000000000000000000 ) ) ;
#1358 = ORIENTED_EDGE ( 'NONE', *, *, #3701, .F. ) ;
#1359 = EDGE_CURVE ( 'NONE', #2886, #7189, #4996, .T. ) ;
#1360 = LINE ( 'NONE', #6211, #4369 ) ;
#1361 = DIRECTION ( 'NONE',  ( 1.000000000000000000, -0.000000000000000000, 7.744301232039308793E-16 ) ) ;
#1362 = DIRECTION ( 'NONE',  ( 0.000000000000000000, 0.000000000000000000, -1.000000000000000000 ) ) ;
#1363 = VECTOR ( 'NONE', #546, 1000.000000000000000 ) ;
#1364 = ORIENTED_EDGE ( 'NONE', *, *, #8007, .F. ) ;
#1365 = VERTEX_POINT ( 'NONE', #4443 ) ;
#1366 = EDGE_CURVE ( 'NONE', #8076, #5269, #5015, .T. ) ;
#1367 = ORIENTED_EDGE ( 'NONE', *, *, #1061, .F. ) ;
#1368 = VECTOR ( 'NONE', #4017, 1000.000000000000000 ) ;
#1369 = VERTEX_POINT ( 'NONE', #8589 ) ;
#1370 = AXIS2_PLACEMENT_3D ( 'NONE', #7130, #594, #2670 ) ;
#1371 = DIRECTION ( 'NONE',  ( 0.000000000000000000, 0.000000000000000000, -1.000000000000000000 ) ) ;
#1372 = EDGE_CURVE ( 'NONE', #1577, #7438, #7883, .T. ) ;
#1373 = ADVANCED_FACE ( 'NONE', ( #2019 ), #6523, .F. ) ;
#1374 = LINE ( 'NONE', #2028, #7147 ) ;
#1375 = CARTESIAN_POINT ( 'NONE',  ( -1.999999999999999112, 0.6664761515876242992, 0.8700000000000001066 ) ) ;
#1376 = ORIENTED_EDGE ( 'NONE', *, *, #5195, .T. ) ;
#1377 = ORIENTED_EDGE ( 'NONE', *, *, #7126, .F. ) ;
#1378 = DIRECTION ( 'NONE',  ( 0.000000000000000000, 1.000000000000000000, 0.000000000000000000 ) ) ;
#1379 = CARTESIAN_POINT ( 'NONE',  ( -0.3699999999999996625, 0.2000000000000000111, -1.720000000000000862 ) ) ;
#1380 = DIRECTION ( 'NONE',  ( -0.000000000000000000, 0.000000000000000000, -1.000000000000000000 ) ) ;
#1381 = CARTESIAN_POINT ( 'NONE',  ( -0.7499999999999997780, 0.04999999999999999584, -1.720000000000000862 ) ) ;
#1382 = DIRECTION ( 'NONE',  ( 1.000000000000000000, 0.000000000000000000, -7.744301232039308793E-16 ) ) ;
#1383 = DIRECTION ( 'NONE',  ( 0.000000000000000000, 0.000000000000000000, 1.000000000000000000 ) ) ;
#1384 = LINE ( 'NONE', #126, #4228 ) ;
#1385 = DIRECTION ( 'NONE',  ( -1.000000000000000000, 0.000000000000000000, 0.000000000000000000 ) ) ;
#1386 = ORIENTED_EDGE ( 'NONE', *, *, #8140, .T. ) ;
#1387 = VECTOR ( 'NONE', #7715, 1000.000000000000000 ) ;
#1388 = ORIENTED_EDGE ( 'NONE', *, *, #7825, .T. ) ;
#1389 = EDGE_CURVE ( 'NONE', #8381, #2905, #7757, .T. ) ;
#1390 = VECTOR ( 'NONE', #3736, 1000.000000000000000 ) ;
#1391 = EDGE_CURVE ( 'NONE', #8504, #3015, #1983, .T. ) ;
#1392 = LINE ( 'NONE', #7037, #4092 ) ;
#1393 = ORIENTED_EDGE ( 'NONE', *, *, #3476, .T. ) ;
#1394 = ORIENTED_EDGE ( 'NONE', *, *, #1517, .F. ) ;
#1395 = EDGE_CURVE ( 'NONE', #4294, #560, #5044, .T. ) ;
#1396 = DIRECTION ( 'NONE',  ( 1.000000000000000000, -0.000000000000000000, 0.000000000000000000 ) ) ;
#1397 = CARTESIAN_POINT ( 'NONE',  ( -1.999999999999999112, 0.6664761515876242992, 0.6300000000000005596 ) ) ;
#1398 = VERTEX_POINT ( 'NONE', #7870 ) ;
#1399 = CARTESIAN_POINT ( 'NONE',  ( 0.6300000000000007816, 0.6664761515876238551, 2.000000000000000888 ) ) ;
#1400 = CARTESIAN_POINT ( 'NONE',  ( 1.999999999999999112, 0.000000000000000000, -0.6299999999999998934 ) ) ;
#1401 = CARTESIAN_POINT ( 'NONE',  ( -0.6299999999999994493, 0.1999999999999999833, 2.000000000000000888 ) ) ;
#1402 = ORIENTED_EDGE ( 'NONE', *, *, #6569, .T. ) ;
#1403 = DIRECTION ( 'NONE',  ( -0.000000000000000000, -1.000000000000000000, -0.000000000000000000 ) ) ;
#1404 = PLANE ( 'NONE',  #2920 ) ;
#1405 = LINE ( 'NONE', #6062, #1420 ) ;
#1406 = VERTEX_POINT ( 'NONE', #519 ) ;
#1407 = FACE_OUTER_BOUND ( 'NONE', #5193, .T. ) ;
#1408 = EDGE_CURVE ( 'NONE', #8396, #382, #2160, .T. ) ;
#1409 = LINE ( 'NONE', #1621, #4326 ) ;
#1410 = ORIENTED_EDGE ( 'NONE', *, *, #399, .F. ) ;
#1411 = ORIENTED_EDGE ( 'NONE', *, *, #5700, .T. ) ;
#1412 = EDGE_CURVE ( 'NONE', #4929, #2612, #2246, .T. ) ;
#1413 = LINE ( 'NONE', #4016, #7214 ) ;
#1414 = ORIENTED_EDGE ( 'NONE', *, *, #7256, .T. ) ;
#1415 = LINE ( 'NONE', #5259, #7623 ) ;
#1416 = ORIENTED_EDGE ( 'NONE', *, *, #7328, .T. ) ;
#1417 = CARTESIAN_POINT ( 'NONE',  ( -1.999999999999999112, 0.6664761515876242992, -0.3699999999999994404 ) ) ;
#1418 = CARTESIAN_POINT ( 'NONE',  ( -1.999999999999999112, 0.1999999999999999833, -1.369999999999999440 ) ) ;
#1419 = CARTESIAN_POINT ( 'NONE',  ( 1.999999999999999112, 0.1999999999999999833, -0.1299999999999998934 ) ) ;
#1420 = VECTOR ( 'NONE', #633, 1000.000000000000000 ) ;
#1421 = DIRECTION ( 'NONE',  ( 0.000000000000000000, 0.000000000000000000, -1.000000000000000000 ) ) ;
#1422 = ORIENTED_EDGE ( 'NONE', *, *, #3757, .F. ) ;
#1423 = PLANE ( 'NONE',  #6941 ) ;
#1424 = VECTOR ( 'NONE', #4978, 1000.000000000000000 ) ;
#1425 = DIRECTION ( 'NONE',  ( 1.734723475976807094E-16, 0.000000000000000000, -1.000000000000000000 ) ) ;
#1426 = FACE_OUTER_BOUND ( 'NONE', #8545, .T. ) ;
#1427 = ORIENTED_EDGE ( 'NONE', *, *, #5736, .T. ) ;
#1428 = VERTEX_POINT ( 'NONE', #4500 ) ;
#1429 = DIRECTION ( 'NONE',  ( 0.000000000000000000, 0.000000000000000000, -1.000000000000000000 ) ) ;
#1430 = EDGE_CURVE ( 'NONE', #5645, #8463, #4886, .T. ) ;
#1431 = VECTOR ( 'NONE', #3167, 1000.000000000000000 ) ;
#1432 = ORIENTED_EDGE ( 'NONE', *, *, #6982, .F. ) ;
#1433 = ORIENTED_EDGE ( 'NONE', *, *, #6800, .T. ) ;
#1434 = AXIS2_PLACEMENT_3D ( 'NONE', #5060, #5743, #3221 ) ;
#1435 = ADVANCED_FACE ( 'NONE', ( #2008 ), #6359, .F. ) ;
#1436 = VECTOR ( 'NONE', #2480, 1000.000000000000000 ) ;
#1437 = ORIENTED_EDGE ( 'NONE', *, *, #6139, .T. ) ;
#1438 = LINE ( 'NONE', #1108, #7219 ) ;
#1439 = DIRECTION ( 'NONE',  ( -0.000000000000000000, -1.000000000000000000, -0.000000000000000000 ) ) ;
#1440 = LINE ( 'NONE', #7530, #4342 ) ;
#1441 = ORIENTED_EDGE ( 'NONE', *, *, #946, .T. ) ;
#1442 = VERTEX_POINT ( 'NONE', #1289 ) ;
#1443 = CARTESIAN_POINT ( 'NONE',  ( -1.999999999999999112, 0.6664761515876242992, 0.8700000000000001066 ) ) ;
#1444 = ADVANCED_FACE ( 'NONE', ( #2191 ), #2176, .F. ) ;
#1445 = CARTESIAN_POINT ( 'NONE',  ( -0.7499999999999993339, 0.000000000000000000, 1.720000000000000862 ) ) ;
#1446 = DIRECTION ( 'NONE',  ( 1.000000000000000000, -0.000000000000000000, 0.000000000000000000 ) ) ;
#1447 = SURFACE_STYLE_FILL_AREA ( #5859 ) ;
#1448 =( NAMED_UNIT ( * ) SI_UNIT ( $, .STERADIAN. ) SOLID_ANGLE_UNIT ( ) );
#1449 = EDGE_LOOP ( 'NONE', ( #2624, #2939, #7345, #8266 ) ) ;
#1450 = CARTESIAN_POINT ( 'NONE',  ( -1.249999999999999778, 0.2000000000000000111, -1.720000000000000862 ) ) ;
#1451 = FACE_OUTER_BOUND ( 'NONE', #7748, .T. ) ;
#1452 = VERTEX_POINT ( 'NONE', #1946 ) ;
#1453 = LINE ( 'NONE', #3584, #4637 ) ;
#1454 = AXIS2_PLACEMENT_3D ( 'NONE', #2379, #1211, #3082 ) ;
#1455 = EDGE_LOOP ( 'NONE', ( #5863, #6944, #7223, #7260 ) ) ;
#1456 = LINE ( 'NONE', #1232, #7237 ) ;
#1457 = ADVANCED_FACE ( 'NONE', ( #2074 ), #3831, .F. ) ;
#1458 = EDGE_LOOP ( 'NONE', ( #4404, #7908, #4277, #4373 ) ) ;
#1459 = AXIS2_PLACEMENT_3D ( 'NONE', #3579, #7779, #4280 ) ;
#1460 = AXIS2_PLACEMENT_3D ( 'NONE', #8004, #6762, #6825 ) ;
#1461 = LINE ( 'NONE', #7833, #1480 ) ;
#1462 = DIRECTION ( 'NONE',  ( 0.000000000000000000, 1.000000000000000000, 0.000000000000000000 ) ) ;
#1463 = DIRECTION ( 'NONE',  ( 0.000000000000000000, 0.000000000000000000, -1.000000000000000000 ) ) ;
#1464 = ORIENTED_EDGE ( 'NONE', *, *, #1273, .F. ) ;
#1465 = PLANE ( 'NONE',  #3026 ) ;
#1466 = LINE ( 'NONE', #3552, #1516 ) ;
#1467 = DIRECTION ( 'NONE',  ( 0.000000000000000000, 0.000000000000000000, 1.000000000000000000 ) ) ;
#1468 = DIRECTION ( 'NONE',  ( 1.000000000000000000, -0.000000000000000000, 0.000000000000000000 ) ) ;
#1469 = CARTESIAN_POINT ( 'NONE',  ( 0.2500000000000006661, 0.1999999999999999833, 1.720000000000000862 ) ) ;
#1470 = EDGE_LOOP ( 'NONE', ( #5606, #4743, #4086, #944 ) ) ;
#1471 = DIRECTION ( 'NONE',  ( 0.000000000000000000, 0.000000000000000000, -1.000000000000000000 ) ) ;
#1472 = DIRECTION ( 'NONE',  ( 1.000000000000000000, 0.000000000000000000, 0.000000000000000000 ) ) ;
#1473 = VECTOR ( 'NONE', #7781, 1000.000000000000000 ) ;
#1474 = EDGE_CURVE ( 'NONE', #2030, #4304, #7826, .T. ) ;
#1475 = CARTESIAN_POINT ( 'NONE',  ( 1.370000000000000551, 0.1999999999999999833, 1.720000000000000862 ) ) ;
#1476 = VECTOR ( 'NONE', #6155, 1000.000000000000000 ) ;
#1477 = VECTOR ( 'NONE', #3431, 1000.000000000000000 ) ;
#1478 = FACE_OUTER_BOUND ( 'NONE', #4400, .T. ) ;
#1479 = VERTEX_POINT ( 'NONE', #5948 ) ;
#1480 = VECTOR ( 'NONE', #5061, 1000.000000000000000 ) ;
#1481 = EDGE_CURVE ( 'NONE', #8354, #8057, #2116, .T. ) ;
#1482 = ORIENTED_EDGE ( 'NONE', *, *, #6378, .T. ) ;
#1483 = DIRECTION ( 'NONE',  ( -1.000000000000000000, -0.000000000000000000, -7.744301232039308793E-16 ) ) ;
#1484 = ORIENTED_EDGE ( 'NONE', *, *, #6670, .T. ) ;
#1485 = DIRECTION ( 'NONE',  ( 0.000000000000000000, 1.000000000000000000, 0.000000000000000000 ) ) ;
#1486 = LINE ( 'NONE', #6662, #4380 ) ;
#1487 = ORIENTED_EDGE ( 'NONE', *, *, #7667, .T. ) ;
#1488 = CARTESIAN_POINT ( 'NONE',  ( -1.249999999999999778, 0.2000000000000000111, -1.720000000000000862 ) ) ;
#1489 = EDGE_CURVE ( 'NONE', #6358, #3338, #7735, .T. ) ;
#1490 = VECTOR ( 'NONE', #7871, 1000.000000000000000 ) ;
#1491 = DIRECTION ( 'NONE',  ( 0.000000000000000000, 0.000000000000000000, -1.000000000000000000 ) ) ;
#1492 = VECTOR ( 'NONE', #5440, 1000.000000000000000 ) ;
#1493 = CLOSED_SHELL ( 'NONE', ( #6120, #5091, #1732, #5373, #606, #7948, #6966 ) ) ;
#1494 = LINE ( 'NONE', #2418, #4392 ) ;
#1495 = ORIENTED_EDGE ( 'NONE', *, *, #3177, .F. ) ;
#1496 = VECTOR ( 'NONE', #7094, 1000.000000000000000 ) ;
#1497 = EDGE_CURVE ( 'NONE', #2643, #2295, #4997, .T. ) ;
#1498 = EDGE_LOOP ( 'NONE', ( #6137, #2586, #2108, #2124, #6051 ) ) ;
#1499 = LINE ( 'NONE', #44, #7576 ) ;
#1500 = ORIENTED_EDGE ( 'NONE', *, *, #7508, .T. ) ;
#1501 = LINE ( 'NONE', #3834, #7103 ) ;
#1502 = CARTESIAN_POINT ( 'NONE',  ( 0.7500000000000006661, 0.04999999999999999584, 1.600000000000000977 ) ) ;
#1503 = LINE ( 'NONE', #629, #1521 ) ;
#1504 = CARTESIAN_POINT ( 'NONE',  ( -0.6299999999999994493, 0.2000000000000000111, 2.000000000000000888 ) ) ;
#1505 = CIRCLE ( 'NONE', #233, 0.1199999999999998845 ) ;
#1506 = DIRECTION ( 'NONE',  ( 0.000000000000000000, 1.000000000000000000, 0.000000000000000000 ) ) ;
#1507 = ORIENTED_EDGE ( 'NONE', *, *, #6480, .T. ) ;
#1508 = EDGE_CURVE ( 'NONE', #5951, #6795, #4895, .T. ) ;
#1509 = CARTESIAN_POINT ( 'NONE',  ( -1.719999999999998863, 0.6664761515876242992, 0.8700000000000001066 ) ) ;
#1510 = FILL_AREA_STYLE_COLOUR ( '', #3841 ) ;
#1511 = DIRECTION ( 'NONE',  ( 0.000000000000000000, 1.000000000000000000, 0.000000000000000000 ) ) ;
#1512 = DIRECTION ( 'NONE',  ( -0.000000000000000000, -1.000000000000000000, -0.000000000000000000 ) ) ;
#1513 = DIRECTION ( 'NONE',  ( 0.000000000000000000, 1.000000000000000000, 0.000000000000000000 ) ) ;
#1514 = CARTESIAN_POINT ( 'NONE',  ( 0.7500000000000006661, 0.2000000000000000111, 1.720000000000000862 ) ) ;
#1515 = VERTEX_POINT ( 'NONE', #6639 ) ;
#1516 = VECTOR ( 'NONE', #6848, 1000.000000000000000 ) ;
#1517 = EDGE_CURVE ( 'NONE', #4357, #1962, #4965, .T. ) ;
#1518 = EDGE_CURVE ( 'NONE', #2286, #4877, #7949, .T. ) ;
#1519 = ADVANCED_FACE ( 'NONE', ( #7968 ), #3429, .F. ) ;
#1520 = VERTEX_POINT ( 'NONE', #5336 ) ;
#1521 = VECTOR ( 'NONE', #3320, 1000.000000000000000 ) ;
#1522 = ORIENTED_EDGE ( 'NONE', *, *, #475, .T. ) ;
#1523 = VECTOR ( 'NONE', #289, 1000.000000000000000 ) ;
#1524 = ORIENTED_EDGE ( 'NONE', *, *, #949, .T. ) ;
#1525 = DIRECTION ( 'NONE',  ( 0.000000000000000000, 1.000000000000000000, 0.000000000000000000 ) ) ;
#1526 = DIRECTION ( 'NONE',  ( 0.000000000000000000, -0.000000000000000000, 1.000000000000000000 ) ) ;
#1527 = DIRECTION ( 'NONE',  ( 1.000000000000000000, -0.000000000000000000, 0.000000000000000000 ) ) ;
#1528 = EDGE_CURVE ( 'NONE', #7806, #3123, #5058, .T. ) ;
#1529 = CARTESIAN_POINT ( 'NONE',  ( 1.999999999999999112, 0.6664761515876242992, -1.129999999999999893 ) ) ;
#1530 = VERTEX_POINT ( 'NONE', #4726 ) ;
#1531 = CARTESIAN_POINT ( 'NONE',  ( -1.719999999999998863, 0.1999999999999999833, -1.129999999999999893 ) ) ;
#1532 = EDGE_CURVE ( 'NONE', #6097, #8473, #7837, .T. ) ;
#1533 = LINE ( 'NONE', #8308, #1653 ) ;
#1534 = EDGE_LOOP ( 'NONE', ( #8222, #2575, #1122, #6274 ) ) ;
#1535 = DIRECTION ( 'NONE',  ( -0.000000000000000000, 0.000000000000000000, 1.000000000000000000 ) ) ;
#1536 = LINE ( 'NONE', #883, #7079 ) ;
#1537 = FACE_OUTER_BOUND ( 'NONE', #5568, .T. ) ;
#1538 = ADVANCED_FACE ( 'NONE', ( #4911 ), #2515, .T. ) ;
#1539 = MANIFOLD_SOLID_BREP ( 'Boss-Extrude3[1]', #6040 ) ;
#1540 = CIRCLE ( 'NONE', #8013, 0.1666666649999999361 ) ;
#1541 = ORIENTED_EDGE ( 'NONE', *, *, #34, .F. ) ;
#1542 = AXIS2_PLACEMENT_3D ( 'NONE', #91, #4695, #7191 ) ;
#1543 = ORIENTED_EDGE ( 'NONE', *, *, #1721, .T. ) ;
#1544 = VECTOR ( 'NONE', #7917, 1000.000000000000000 ) ;
#1545 = DIRECTION ( 'NONE',  ( -0.000000000000000000, -1.000000000000000000, -0.000000000000000000 ) ) ;
#1546 = EDGE_LOOP ( 'NONE', ( #4202, #4638, #3923, #1495 ) ) ;
#1547 = DIRECTION ( 'NONE',  ( -0.000000000000000000, -1.000000000000000000, -0.000000000000000000 ) ) ;
#1548 = VECTOR ( 'NONE', #5005, 1000.000000000000000 ) ;
#1549 = CARTESIAN_POINT ( 'NONE',  ( -1.999999999999999112, 0.1999999999999999833, 0.1300000000000005596 ) ) ;
#1550 = DIRECTION ( 'NONE',  ( -0.000000000000000000, -1.000000000000000000, -0.000000000000000000 ) ) ;
#1551 = EDGE_CURVE ( 'NONE', #5872, #687, #8033, .T. ) ;
#1552 = CARTESIAN_POINT ( 'NONE',  ( -1.129999999999999893, 0.000000000000000000, -2.000000000000000888 ) ) ;
#1553 = CARTESIAN_POINT ( 'NONE',  ( 1.149999999999999911, 3.735533905932738374, 1.250000000000000222 ) ) ;
#1554 = VECTOR ( 'NONE', #6973, 1000.000000000000000 ) ;
#1555 = ORIENTED_EDGE ( 'NONE', *, *, #6270, .F. ) ;
#1556 = ORIENTED_EDGE ( 'NONE', *, *, #839, .T. ) ;
#1557 = CARTESIAN_POINT ( 'NONE',  ( 1.999999999999999112, 0.6664761515876242992, -0.6299999999999998934 ) ) ;
#1558 = LINE ( 'NONE', #1613, #7898 ) ;
#1559 = AXIS2_PLACEMENT_3D ( 'NONE', #5165, #4511, #2525 ) ;
#1560 = ORIENTED_EDGE ( 'NONE', *, *, #7361, .T. ) ;
#1561 = VERTEX_POINT ( 'NONE', #1228 ) ;
#1562 = FILL_AREA_STYLE ('',( #6840 ) ) ;
#1563 = FACE_OUTER_BOUND ( 'NONE', #7124, .T. ) ;
#1564 = CARTESIAN_POINT ( 'NONE',  ( 1.370000000000000107, 0.2000000000000000111, -2.000000000000000888 ) ) ;
#1565 = ORIENTED_EDGE ( 'NONE', *, *, #5307, .F. ) ;
#1566 = CARTESIAN_POINT ( 'NONE',  ( 1.719999999999998863, 0.000000000000000000, 0.2499999999999997780 ) ) ;
#1567 = DIRECTION ( 'NONE',  ( 0.000000000000000000, -1.000000000000000000, 0.000000000000000000 ) ) ;
#1568 = CARTESIAN_POINT ( 'NONE',  ( -1.636363636363635132, 0.9000000000000000222, -1.469696971363636973 ) ) ;
#1569 = AXIS2_PLACEMENT_3D ( 'NONE', #2208, #8089, #7552 ) ;
#1570 = DIRECTION ( 'NONE',  ( 1.000000000000000000, 0.000000000000000000, 7.744301232039308793E-16 ) ) ;
#1571 = CARTESIAN_POINT ( 'NONE',  ( -0.1299999999999998934, 0.2000000000000000111, -2.000000000000000888 ) ) ;
#1572 = FACE_OUTER_BOUND ( 'NONE', #2483, .T. ) ;
#1573 = AXIS2_PLACEMENT_3D ( 'NONE', #3281, #2598, #3915 ) ;
#1574 = DIRECTION ( 'NONE',  ( 0.000000000000000000, 1.000000000000000000, 0.000000000000000000 ) ) ;
#1575 = FACE_OUTER_BOUND ( 'NONE', #1816, .T. ) ;
#1576 = DIRECTION ( 'NONE',  ( 0.000000000000000000, 1.000000000000000000, 0.000000000000000000 ) ) ;
#1577 = VERTEX_POINT ( 'NONE', #1845 ) ;
#1578 = AXIS2_PLACEMENT_3D ( 'NONE', #6642, #680, #235 ) ;
#1579 = ORIENTED_EDGE ( 'NONE', *, *, #5164, .T. ) ;
#1580 = ORIENTED_EDGE ( 'NONE', *, *, #5046, .T. ) ;
#1581 = VECTOR ( 'NONE', #6547, 1000.000000000000000 ) ;
#1582 = EDGE_CURVE ( 'NONE', #6545, #5823, #7918, .T. ) ;
#1583 = CARTESIAN_POINT ( 'NONE',  ( -0.3699999999999996625, 0.05000000000000000278, 0.000000000000000000 ) ) ;
#1584 = DIRECTION ( 'NONE',  ( 0.000000000000000000, 0.000000000000000000, -1.000000000000000000 ) ) ;
#1585 =( NAMED_UNIT ( * ) PLANE_ANGLE_UNIT ( ) SI_UNIT ( $, .RADIAN. ) );
#1586 = DIRECTION ( 'NONE',  ( 1.000000000000000000, 0.000000000000000000, -0.000000000000000000 ) ) ;
#1587 = ORIENTED_EDGE ( 'NONE', *, *, #3574, .T. ) ;
#1588 = DIRECTION ( 'NONE',  ( -1.000000000000000000, 0.000000000000000000, -7.744301232039308793E-16 ) ) ;
#1589 = DIRECTION ( 'NONE',  ( -1.000000000000000000, 0.000000000000000000, -0.000000000000000000 ) ) ;
#1590 = ADVANCED_FACE ( 'NONE', ( #2233 ), #7812, .T. ) ;
#1591 = CARTESIAN_POINT ( 'NONE',  ( 0.8700000000000005507, 0.2000000000000000111, 1.720000000000000862 ) ) ;
#1592 = FACE_OUTER_BOUND ( 'NONE', #1344, .T. ) ;
#1593 = EDGE_CURVE ( 'NONE', #6342, #6323, #2142, .T. ) ;
#1594 = ORIENTED_EDGE ( 'NONE', *, *, #1412, .T. ) ;
#1595 = FACE_OUTER_BOUND ( 'NONE', #8579, .T. ) ;
#1596 = VECTOR ( 'NONE', #8386, 1000.000000000000000 ) ;
#1597 = EDGE_CURVE ( 'NONE', #1908, #6814, #4935, .T. ) ;
#1598 = CLOSED_SHELL ( 'NONE', ( #3474, #8010, #1355, #2553, #6396, #5445 ) ) ;
#1599 = CARTESIAN_POINT ( 'NONE',  ( -8.751060392204411037E-16, 0.05000000000000000278, 1.129999999999999005 ) ) ;
#1600 = PLANE ( 'NONE',  #5546 ) ;
#1601 = EDGE_LOOP ( 'NONE', ( #6771, #5231, #4405, #3706 ) ) ;
#1602 = DIRECTION ( 'NONE',  ( 0.000000000000000000, -0.000000000000000000, 1.000000000000000000 ) ) ;
#1603 = VECTOR ( 'NONE', #7631, 1000.000000000000000 ) ;
#1604 = ADVANCED_FACE ( 'NONE', ( #1955 ), #2000, .T. ) ;
#1605 = ORIENTED_EDGE ( 'NONE', *, *, #3734, .F. ) ;
#1606 = CARTESIAN_POINT ( 'NONE',  ( 1.999999999999999112, 0.04999999999999969746, -0.8699999999999994404 ) ) ;
#1607 = EDGE_CURVE ( 'NONE', #2709, #4557, #4948, .T. ) ;
#1608 = VECTOR ( 'NONE', #1089, 1000.000000000000000 ) ;
#1609 = VERTEX_POINT ( 'NONE', #6462 ) ;
#1610 = DIRECTION ( 'NONE',  ( -0.000000000000000000, -1.000000000000000000, -0.000000000000000000 ) ) ;
#1611 = EDGE_CURVE ( 'NONE', #660, #7407, #7747, .T. ) ;
#1612 = VECTOR ( 'NONE', #694, 1000.000000000000000 ) ;
#1613 = CARTESIAN_POINT ( 'NONE',  ( -1.719999999999998863, 0.1999999999999999833, -1.369999999999999662 ) ) ;
#1614 = ORIENTED_EDGE ( 'NONE', *, *, #7279, .T. ) ;
#1615 = EDGE_LOOP ( 'NONE', ( #2357, #2101, #817, #5065 ) ) ;
#1616 = DIRECTION ( 'NONE',  ( 1.000000000000000000, -0.000000000000000000, -1.084202172485504434E-16 ) ) ;
#1617 = EDGE_CURVE ( 'NONE', #1561, #130, #7810, .T. ) ;
#1618 = CARTESIAN_POINT ( 'NONE',  ( 1.719999999999998863, 0.1999999999999999833, -0.1299999999999998934 ) ) ;
#1619 = PLANE ( 'NONE',  #2732 ) ;
#1620 = ADVANCED_FACE ( 'NONE', ( #2482 ), #730, .F. ) ;
#1621 = CARTESIAN_POINT ( 'NONE',  ( -1.369999999999999662, 0.6664761515876238551, -1.720000000000000862 ) ) ;
#1622 = VECTOR ( 'NONE', #3853, 1000.000000000000000 ) ;
#1623 = DIRECTION ( 'NONE',  ( 1.000000000000000000, 0.000000000000000000, -7.744301232039308793E-16 ) ) ;
#1624 = LINE ( 'NONE', #3716, #1596 ) ;
#1625 = CARTESIAN_POINT ( 'NONE',  ( 1.250000000000000666, 0.04999999999999999584, 1.720000000000000862 ) ) ;
#1626 = CARTESIAN_POINT ( 'NONE',  ( -1.719999999999998863, 0.05000000000000002359, 0.3700000000000001066 ) ) ;
#1627 = FACE_OUTER_BOUND ( 'NONE', #827, .T. ) ;
#1628 = ORIENTED_EDGE ( 'NONE', *, *, #1134, .T. ) ;
#1629 = LINE ( 'NONE', #1599, #1711 ) ;
#1630 = ORIENTED_EDGE ( 'NONE', *, *, #7759, .F. ) ;
#1631 = EDGE_CURVE ( 'NONE', #6692, #6637, #2435, .T. ) ;
#1632 = EDGE_CURVE ( 'NONE', #2421, #5510, #5203, .T. ) ;
#1633 = CARTESIAN_POINT ( 'NONE',  ( 1.719999999999998863, 0.000000000000000000, 0.8700000000000001066 ) ) ;
#1634 = CARTESIAN_POINT ( 'NONE',  ( -1.999999999999999112, 0.1999999999999999833, -1.129999999999999893 ) ) ;
#1635 =( NAMED_UNIT ( * ) PLANE_ANGLE_UNIT ( ) SI_UNIT ( $, .RADIAN. ) );
#1636 = LINE ( 'NONE', #4363, #1496 ) ;
#1637 =( NAMED_UNIT ( * ) PLANE_ANGLE_UNIT ( ) SI_UNIT ( $, .RADIAN. ) );
#1638 = DIRECTION ( 'NONE',  ( 0.000000000000000000, 1.000000000000000000, 0.000000000000000000 ) ) ;
#1639 = CARTESIAN_POINT ( 'NONE',  ( 1.370000000000000107, 0.2000000000000000111, -1.720000000000000862 ) ) ;
#1640 = AXIS2_PLACEMENT_3D ( 'NONE', #4608, #6628, #3946 ) ;
#1641 = FACE_OUTER_BOUND ( 'NONE', #5133, .T. ) ;
#1642 = ORIENTED_EDGE ( 'NONE', *, *, #3177, .T. ) ;
#1643 = SURFACE_STYLE_USAGE ( .BOTH. , #5621 ) ;
#1644 = LINE ( 'NONE', #3262, #7627 ) ;
#1645 = FACE_OUTER_BOUND ( 'NONE', #2875, .T. ) ;
#1646 = ORIENTED_EDGE ( 'NONE', *, *, #3761, .T. ) ;
#1647 = EDGE_LOOP ( 'NONE', ( #352, #6159, #3661, #3237 ) ) ;
#1648 = EDGE_CURVE ( 'NONE', #2673, #6833, #8093, .T. ) ;
#1649 = LINE ( 'NONE', #6450, #4561 ) ;
#1650 = AXIS2_PLACEMENT_3D ( 'NONE', #260, #4239, #3601 ) ;
#1651 = CARTESIAN_POINT ( 'NONE',  ( -1.719999999999998863, 0.000000000000000000, -0.1299999999999998934 ) ) ;
#1652 = CARTESIAN_POINT ( 'NONE',  ( -0.7499999999999993339, 0.1999999999999999833, 1.600000000000000977 ) ) ;
#1653 = VECTOR ( 'NONE', #5575, 1000.000000000000000 ) ;
#1654 = DIRECTION ( 'NONE',  ( 0.000000000000000000, 0.000000000000000000, -1.000000000000000000 ) ) ;
#1655 = STYLED_ITEM ( 'NONE', ( #1346 ), #2560 ) ;
#1656 = ORIENTED_EDGE ( 'NONE', *, *, #2213, .F. ) ;
#1657 = CARTESIAN_POINT ( 'NONE',  ( 0.8700000000000005507, 0.6664761515876238551, 2.000000000000000888 ) ) ;
#1658 = DIRECTION ( 'NONE',  ( 0.000000000000000000, 0.000000000000000000, 1.000000000000000000 ) ) ;
#1659 = ORIENTED_EDGE ( 'NONE', *, *, #2948, .T. ) ;
#1660 = CARTESIAN_POINT ( 'NONE',  ( -1.249999999999999334, 0.2000000000000000111, 1.720000000000000862 ) ) ;
#1661 = LINE ( 'NONE', #3023, #4708 ) ;
#1662 = VECTOR ( 'NONE', #1567, 1000.000000000000000 ) ;
#1663 = FACE_OUTER_BOUND ( 'NONE', #7523, .T. ) ;
#1664 = ORIENTED_EDGE ( 'NONE', *, *, #4336, .T. ) ;
#1665 = EDGE_CURVE ( 'NONE', #4416, #3762, #5412, .T. ) ;
#1666 = LINE ( 'NONE', #2241, #7578 ) ;
#1667 = ADVANCED_FACE ( 'NONE', ( #8119 ), #5470, .T. ) ;
#1668 = CIRCLE ( 'NONE', #4022, 0.1199999999999998845 ) ;
#1669 = CARTESIAN_POINT ( 'NONE',  ( 0.6300000000000003375, 0.1999999999999999833, -1.720000000000000862 ) ) ;
#1670 = ORIENTED_EDGE ( 'NONE', *, *, #7141, .T. ) ;
#1671 = CARTESIAN_POINT ( 'NONE',  ( -1.719999999999998863, 0.05000000000000002359, -0.1299999999999998934 ) ) ;
#1672 = DIRECTION ( 'NONE',  ( 0.000000000000000000, 0.000000000000000000, 1.000000000000000000 ) ) ;
#1673 = CARTESIAN_POINT ( 'NONE',  ( 0.7500000000000006661, 0.6664761515876238551, 1.720000000000000862 ) ) ;
#1674 = LINE ( 'NONE', #2020, #4598 ) ;
#1675 = AXIS2_PLACEMENT_3D ( 'NONE', #7127, #4462, #5116 ) ;
#1676 = AXIS2_PLACEMENT_3D ( 'NONE', #4122, #3619, #165 ) ;
#1677 = LINE ( 'NONE', #3938, #7185 ) ;
#1678 = CARTESIAN_POINT ( 'NONE',  ( 1.719999999999998863, 0.05000000000000002359, 1.249999999999999778 ) ) ;
#1679 = DIRECTION ( 'NONE',  ( 1.000000000000000000, -0.000000000000000000, 1.734723475976807094E-16 ) ) ;
#1680 = ORIENTED_EDGE ( 'NONE', *, *, #7775, .T. ) ;
#1681 = EDGE_CURVE ( 'NONE', #2774, #6097, #2409, .T. ) ;
#1682 = LINE ( 'NONE', #5291, #1778 ) ;
#1683 = ORIENTED_EDGE ( 'NONE', *, *, #6276, .T. ) ;
#1684 = VERTEX_POINT ( 'NONE', #788 ) ;
#1685 = VECTOR ( 'NONE', #1130, 1000.000000000000000 ) ;
#1686 = CARTESIAN_POINT ( 'NONE',  ( 0.1300000000000007816, 0.000000000000000000, 2.000000000000000888 ) ) ;
#1687 = PLANE ( 'NONE',  #8355 ) ;
#1688 = AXIS2_PLACEMENT_3D ( 'NONE', #7404, #3422, #7281 ) ;
#1689 = FILL_AREA_STYLE ('',( #7616 ) ) ;
#1690 = CARTESIAN_POINT ( 'NONE',  ( 1.999999999999999112, 0.04999999999999969746, 0.8700000000000001066 ) ) ;
#1691 = UNCERTAINTY_MEASURE_WITH_UNIT (LENGTH_MEASURE( 1.000000000000000082E-05 ), #2850, 'distance_accuracy_value', 'NONE');
#1692 = DIRECTION ( 'NONE',  ( 1.000000000000000000, -0.000000000000000000, -1.084202172485504434E-16 ) ) ;
#1693 = FILL_AREA_STYLE ('',( #5958 ) ) ;
#1694 = CARTESIAN_POINT ( 'NONE',  ( 1.719999999999998863, 0.6664761515876242992, -0.8699999999999996625 ) ) ;
#1695 = LINE ( 'NONE', #6604, #1706 ) ;
#1696 = EDGE_LOOP ( 'NONE', ( #7182, #6939, #7919, #3462 ) ) ;
#1697 = CARTESIAN_POINT ( 'NONE',  ( 1.719999999999998863, 0.6664761515876242992, -1.129999999999999893 ) ) ;
#1698 = CARTESIAN_POINT ( 'NONE',  ( 1.719999999999998863, 0.000000000000000000, -1.129999999999999893 ) ) ;
#1699 = SHAPE_DEFINITION_REPRESENTATION ( #3668, #3547 ) ;
#1700 = ORIENTED_EDGE ( 'NONE', *, *, #4055, .F. ) ;
#1701 = VERTEX_POINT ( 'NONE', #5747 ) ;
#1702 = FACE_OUTER_BOUND ( 'NONE', #1167, .T. ) ;
#1703 = COLOUR_RGB ( '',0.7921568627450980005, 0.8196078431372548767, 0.9333333333333333481 ) ;
#1704 = DIRECTION ( 'NONE',  ( 1.000000000000000000, -0.000000000000000000, -0.000000000000000000 ) ) ;
#1705 = EDGE_CURVE ( 'NONE', #1452, #6257, #2451, .T. ) ;
#1706 = VECTOR ( 'NONE', #4647, 1000.000000000000000 ) ;
#1707 = CARTESIAN_POINT ( 'NONE',  ( -1.719999999999998863, 0.6664761515876242992, -0.8699999999999994404 ) ) ;
#1708 = ORIENTED_EDGE ( 'NONE', *, *, #4909, .T. ) ;
#1709 = DIRECTION ( 'NONE',  ( 1.000000000000000000, 0.000000000000000000, 7.744301232039308793E-16 ) ) ;
#1710 = PLANE ( 'NONE',  #24 ) ;
#1711 = VECTOR ( 'NONE', #7071, 1000.000000000000000 ) ;
#1712 = CYLINDRICAL_SURFACE ( 'NONE', #2158, 0.1000000000000000472 ) ;
#1713 = ORIENTED_EDGE ( 'NONE', *, *, #6392, .T. ) ;
#1714 = ORIENTED_EDGE ( 'NONE', *, *, #4446, .T. ) ;
#1715 = DIRECTION ( 'NONE',  ( 0.000000000000000000, 0.000000000000000000, -1.000000000000000000 ) ) ;
#1716 = DIRECTION ( 'NONE',  ( 0.000000000000000000, -0.000000000000000000, 1.000000000000000000 ) ) ;
#1717 = DIRECTION ( 'NONE',  ( 0.000000000000000000, 0.000000000000000000, 1.000000000000000000 ) ) ;
#1718 = FACE_OUTER_BOUND ( 'NONE', #2779, .T. ) ;
#1719 = EDGE_CURVE ( 'NONE', #5945, #4459, #8105, .T. ) ;
#1720 = ADVANCED_FACE ( 'NONE', ( #8075 ), #5389, .F. ) ;
#1721 = EDGE_CURVE ( 'NONE', #2090, #2063, #5308, .T. ) ;
#1722 = VERTEX_POINT ( 'NONE', #3699 ) ;
#1723 = EDGE_CURVE ( 'NONE', #7239, #5982, #5401, .T. ) ;
#1724 = CARTESIAN_POINT ( 'NONE',  ( 0.8700000000000005507, 0.000000000000000000, 1.720000000000000862 ) ) ;
#1725 = LINE ( 'NONE', #284, #4731 ) ;
#1726 = CARTESIAN_POINT ( 'NONE',  ( 1.719999999999998863, 0.1999999999999999833, 0.7499999999999997780 ) ) ;
#1727 = ORIENTED_EDGE ( 'NONE', *, *, #3022, .T. ) ;
#1728 = ORIENTED_EDGE ( 'NONE', *, *, #7358, .F. ) ;
#1729 = CARTESIAN_POINT ( 'NONE',  ( -1.719999999999998863, 0.1999999999999999833, 1.250000000000000444 ) ) ;
#1730 = DIRECTION ( 'NONE',  ( 0.000000000000000000, 1.000000000000000000, 0.000000000000000000 ) ) ;
#1731 = DIRECTION ( 'NONE',  ( -1.000000000000000000, 0.000000000000000000, 0.000000000000000000 ) ) ;
#1732 = ADVANCED_FACE ( 'NONE', ( #5280 ), #2555, .T. ) ;
#1733 = DIRECTION ( 'NONE',  ( 0.000000000000000000, -1.000000000000000000, 0.000000000000000000 ) ) ;
#1734 = DIRECTION ( 'NONE',  ( 0.000000000000000000, 0.000000000000000000, -1.000000000000000000 ) ) ;
#1735 = PLANE ( 'NONE',  #5737 ) ;
#1736 = CYLINDRICAL_SURFACE ( 'NONE', #1242, 0.1199999999999998845 ) ;
#1737 = DIRECTION ( 'NONE',  ( 0.000000000000000000, 0.000000000000000000, 1.000000000000000000 ) ) ;
#1738 = LINE ( 'NONE', #1443, #4951 ) ;
#1739 = ORIENTED_EDGE ( 'NONE', *, *, #7884, .T. ) ;
#1740 = EDGE_CURVE ( 'NONE', #3479, #5999, #8278, .T. ) ;
#1741 = FACE_OUTER_BOUND ( 'NONE', #7562, .T. ) ;
#1742 = ADVANCED_FACE ( 'NONE', ( #5459 ), #8229, .F. ) ;
#1743 = VERTEX_POINT ( 'NONE', #2419 ) ;
#1744 = ORIENTED_EDGE ( 'NONE', *, *, #8200, .F. ) ;
#1745 = FACE_OUTER_BOUND ( 'NONE', #7787, .T. ) ;
#1746 = CARTESIAN_POINT ( 'NONE',  ( 2.000000000000000888, 1.000000000000000000, -2.000000000000000888 ) ) ;
#1747 = CARTESIAN_POINT ( 'NONE',  ( 0.3700000000000001066, 0.2000000000000000111, -1.720000000000000862 ) ) ;
#1748 = DIRECTION ( 'NONE',  ( 0.000000000000000000, 0.000000000000000000, -1.000000000000000000 ) ) ;
#1749 = DIRECTION ( 'NONE',  ( 1.000000000000000000, -0.000000000000000000, 0.000000000000000000 ) ) ;
#1750 = CARTESIAN_POINT ( 'NONE',  ( -1.719999999999998863, 0.05000000000000002359, -0.6299999999999998934 ) ) ;
#1751 = AXIS2_PLACEMENT_3D ( 'NONE', #6792, #1576, #5423 ) ;
#1752 = VECTOR ( 'NONE', #5262, 1000.000000000000000 ) ;
#1753 = ORIENTED_EDGE ( 'NONE', *, *, #2800, .T. ) ;
#1754 = DIRECTION ( 'NONE',  ( 0.000000000000000000, 0.000000000000000000, -1.000000000000000000 ) ) ;
#1755 = LINE ( 'NONE', #7957, #4506 ) ;
#1756 = EDGE_CURVE ( 'NONE', #7347, #930, #8292, .T. ) ;
#1757 = VERTEX_POINT ( 'NONE', #7529 ) ;
#1758 = ORIENTED_EDGE ( 'NONE', *, *, #5611, .T. ) ;
#1759 =( GEOMETRIC_REPRESENTATION_CONTEXT ( 3 ) GLOBAL_UNCERTAINTY_ASSIGNED_CONTEXT ( ( #423 ) ) GLOBAL_UNIT_ASSIGNED_CONTEXT ( ( #8236, #276, #6266 ) ) REPRESENTATION_CONTEXT ( 'NONE', 'WORKASPACE' ) );
#1760 = LINE ( 'NONE', #7315, #4497 ) ;
#1761 = AXIS2_PLACEMENT_3D ( 'NONE', #2043, #1462, #6803 ) ;
#1762 = SURFACE_STYLE_FILL_AREA ( #152 ) ;
#1763 = CARTESIAN_POINT ( 'NONE',  ( -1.999999999999999112, 0.000000000000000000, 0.1300000000000005596 ) ) ;
#1764 = DIRECTION ( 'NONE',  ( 0.000000000000000000, 0.000000000000000000, 1.000000000000000000 ) ) ;
#1765 = VECTOR ( 'NONE', #4002, 1000.000000000000000 ) ;
#1766 = ORIENTED_EDGE ( 'NONE', *, *, #3398, .T. ) ;
#1767 = STYLED_ITEM ( 'NONE', ( #7310 ), #808 ) ;
#1768 = VECTOR ( 'NONE', #5354, 1000.000000000000000 ) ;
#1769 = ORIENTED_EDGE ( 'NONE', *, *, #729, .T. ) ;
#1770 = ORIENTED_EDGE ( 'NONE', *, *, #2297, .F. ) ;
#1771 = DIRECTION ( 'NONE',  ( 0.000000000000000000, -1.000000000000000000, 0.000000000000000000 ) ) ;
#1772 = CARTESIAN_POINT ( 'NONE',  ( 0.2500000000000002220, 0.1999999999999999833, -1.720000000000000862 ) ) ;
#1773 = LINE ( 'NONE', #1564, #4439 ) ;
#1774 = AXIS2_PLACEMENT_3D ( 'NONE', #5554, #6865, #7563 ) ;
#1775 = VECTOR ( 'NONE', #145, 1000.000000000000000 ) ;
#1776 = ORIENTED_EDGE ( 'NONE', *, *, #8482, .F. ) ;
#1777 = CARTESIAN_POINT ( 'NONE',  ( 1.719999999999998863, 0.05000000000000002359, 0.2499999999999997780 ) ) ;
#1778 = VECTOR ( 'NONE', #5908, 1000.000000000000000 ) ;
#1779 = EDGE_CURVE ( 'NONE', #8455, #6437, #8134, .T. ) ;
#1780 = DIRECTION ( 'NONE',  ( -0.000000000000000000, 1.000000000000000000, -0.000000000000000000 ) ) ;
#1781 = ORIENTED_EDGE ( 'NONE', *, *, #113, .F. ) ;
#1782 = ORIENTED_EDGE ( 'NONE', *, *, #2958, .T. ) ;
#1783 = CARTESIAN_POINT ( 'NONE',  ( -1.719999999999998863, 0.6664761515876242992, 1.370000000000000107 ) ) ;
#1784 = DIRECTION ( 'NONE',  ( -0.000000000000000000, -1.000000000000000000, -0.000000000000000000 ) ) ;
#1785 = CLOSED_SHELL ( 'NONE', ( #6815, #7731, #3870, #6442, #1373, #7797 ) ) ;
#1786 = CARTESIAN_POINT ( 'NONE',  ( 1.719999999999998863, 0.6664761515876242992, 0.8700000000000001066 ) ) ;
#1787 = LINE ( 'NONE', #4749, #7546 ) ;
#1788 = EDGE_CURVE ( 'NONE', #4457, #8294, #2354, .T. ) ;
#1789 = CARTESIAN_POINT ( 'NONE',  ( 1.719999999999998863, 0.6664761515876242992, 1.370000000000000107 ) ) ;
#1790 = ADVANCED_FACE ( 'NONE', ( #8152 ), #4076, .T. ) ;
#1791 = LINE ( 'NONE', #752, #4702 ) ;
#1792 = ORIENTED_EDGE ( 'NONE', *, *, #5148, .F. ) ;
#1793 = AXIS2_PLACEMENT_3D ( 'NONE', #4942, #5750, #340 ) ;
#1794 = ORIENTED_EDGE ( 'NONE', *, *, #4674, .F. ) ;
#1795 = VERTEX_POINT ( 'NONE', #5454 ) ;
#1796 = ADVANCED_FACE ( 'NONE', ( #8166 ), #5426, .T. ) ;
#1797 = LINE ( 'NONE', #5690, #1685 ) ;
#1798 = CARTESIAN_POINT ( 'NONE',  ( 1.130000000000000782, 0.1999999999999999833, 1.720000000000000862 ) ) ;
#1799 = CARTESIAN_POINT ( 'NONE',  ( 0.3700000000000001066, 0.2000000000000000111, -1.720000000000000862 ) ) ;
#1800 = VECTOR ( 'NONE', #7850, 1000.000000000000000 ) ;
#1801 = CARTESIAN_POINT ( 'NONE',  ( -1.250000000000000000, 3.735533905932738374, -1.250000000000000222 ) ) ;
#1802 = EDGE_CURVE ( 'NONE', #2076, #7792, #8195, .T. ) ;
#1803 =( NAMED_UNIT ( * ) PLANE_ANGLE_UNIT ( ) SI_UNIT ( $, .RADIAN. ) );
#1804 = FACE_OUTER_BOUND ( 'NONE', #3521, .T. ) ;
#1805 = ORIENTED_EDGE ( 'NONE', *, *, #1305, .F. ) ;
#1806 = PLANE ( 'NONE',  #2617 ) ;
#1807 = EDGE_CURVE ( 'NONE', #2612, #3337, #5326, .T. ) ;
#1808 = ADVANCED_FACE ( 'NONE', ( #8182 ), #5371, .F. ) ;
#1809 = EDGE_LOOP ( 'NONE', ( #1713, #8098, #4746, #1977 ) ) ;
#1810 = ORIENTED_EDGE ( 'NONE', *, *, #794, .T. ) ;
#1811 = EDGE_CURVE ( 'NONE', #7398, #1515, #8314, .T. ) ;
#1812 = EDGE_CURVE ( 'NONE', #8366, #4450, #2542, .T. ) ;
#1813 = CARTESIAN_POINT ( 'NONE',  ( 1.719999999999998863, 0.6664761515876242992, 1.129999999999999893 ) ) ;
#1814 = CARTESIAN_POINT ( 'NONE',  ( 1.719999999999998863, 0.05000000000000002359, -0.3700000000000001066 ) ) ;
#1815 = CARTESIAN_POINT ( 'NONE',  ( -1.636363636363635132, 1.000000000000000000, -1.636363636363636909 ) ) ;
#1816 = EDGE_LOOP ( 'NONE', ( #1907, #8005, #7941, #8066 ) ) ;
#1817 = DIRECTION ( 'NONE',  ( 1.000000000000000000, -0.000000000000000000, -0.000000000000000000 ) ) ;
#1818 =( NAMED_UNIT ( * ) SI_UNIT ( $, .STERADIAN. ) SOLID_ANGLE_UNIT ( ) );
#1819 = VECTOR ( 'NONE', #2185, 1000.000000000000000 ) ;
#1820 = CARTESIAN_POINT ( 'NONE',  ( -1.369999999999999662, 0.2000000000000000111, -1.720000000000000862 ) ) ;
#1821 = ORIENTED_EDGE ( 'NONE', *, *, #979, .T. ) ;
#1822 = ORIENTED_EDGE ( 'NONE', *, *, #1723, .T. ) ;
#1823 = SURFACE_STYLE_USAGE ( .BOTH. , #8495 ) ;
#1824 = DIRECTION ( 'NONE',  ( 1.000000000000000000, 0.000000000000000000, -1.084202172485504681E-16 ) ) ;
#1825 = DIRECTION ( 'NONE',  ( 0.000000000000000000, 0.000000000000000000, -1.000000000000000000 ) ) ;
#1826 = EDGE_CURVE ( 'NONE', #4844, #3368, #8357, .T. ) ;
#1827 = AXIS2_PLACEMENT_3D ( 'NONE', #5201, #1730, #4362 ) ;
#1828 = VERTEX_POINT ( 'NONE', #1970 ) ;
#1829 = VECTOR ( 'NONE', #3696, 1000.000000000000000 ) ;
#1830 = CARTESIAN_POINT ( 'NONE',  ( 1.130000000000000338, 0.1999999999999996503, -2.000000000000000888 ) ) ;
#1831 = EDGE_LOOP ( 'NONE', ( #6822, #5742, #710, #5287 ) ) ;
#1832 = ORIENTED_EDGE ( 'NONE', *, *, #7015, .F. ) ;
#1833 = PLANE ( 'NONE',  #7303 ) ;
#1834 = CARTESIAN_POINT ( 'NONE',  ( -1.249999999999999334, 0.2000000000000000111, 1.720000000000000862 ) ) ;
#1835 = CARTESIAN_POINT ( 'NONE',  ( -0.1299999999999994771, 0.04999999999999999584, 1.720000000000000862 ) ) ;
#1836 = DIRECTION ( 'NONE',  ( 1.000000000000000000, 0.000000000000000000, -7.744301232039308793E-16 ) ) ;
#1837 = CARTESIAN_POINT ( 'NONE',  ( 1.130000000000000782, 0.6664761515876238551, 1.720000000000000862 ) ) ;
#1838 = EDGE_CURVE ( 'NONE', #2286, #5951, #2256, .T. ) ;
#1839 = CYLINDRICAL_SURFACE ( 'NONE', #1340, 0.1199999999999998845 ) ;
#1840 =( GEOMETRIC_REPRESENTATION_CONTEXT ( 3 ) GLOBAL_UNCERTAINTY_ASSIGNED_CONTEXT ( ( #8433 ) ) GLOBAL_UNIT_ASSIGNED_CONTEXT ( ( #5531, #804, #252 ) ) REPRESENTATION_CONTEXT ( 'NONE', 'WORKASPACE' ) );
#1841 = ORIENTED_EDGE ( 'NONE', *, *, #5877, .T. ) ;
#1842 = LINE ( 'NONE', #332, #4639 ) ;
#1843 = ORIENTED_EDGE ( 'NONE', *, *, #1838, .T. ) ;
#1844 = ORIENTED_EDGE ( 'NONE', *, *, #3385, .T. ) ;
#1845 = CARTESIAN_POINT ( 'NONE',  ( -1.149999999999999911, 0.05000000000000000278, 1.249999999999999778 ) ) ;
#1846 = CARTESIAN_POINT ( 'NONE',  ( -1.719999999999998863, 0.000000000000000000, 0.2500000000000004441 ) ) ;
#1847 = PLANE ( 'NONE',  #3610 ) ;
#1848 = CARTESIAN_POINT ( 'NONE',  ( 1.149999999999999911, 3.735533905932738374, 1.150000000000000355 ) ) ;
#1849 = DIRECTION ( 'NONE',  ( 0.000000000000000000, 1.000000000000000000, 0.000000000000000000 ) ) ;
#1850 = CARTESIAN_POINT ( 'NONE',  ( 1.370000000000000551, 0.1999999999999999833, 2.000000000000000888 ) ) ;
#1851 = ADVANCED_FACE ( 'NONE', ( #5311 ), #8552, .F. ) ;
#1852 = DIRECTION ( 'NONE',  ( 0.000000000000000000, 0.000000000000000000, 1.000000000000000000 ) ) ;
#1853 = AXIS2_PLACEMENT_3D ( 'NONE', #7455, #1988, #6318 ) ;
#1854 = ORIENTED_EDGE ( 'NONE', *, *, #5084, .T. ) ;
#1855 = DIRECTION ( 'NONE',  ( 1.000000000000000000, 0.000000000000000000, 7.744301232039308793E-16 ) ) ;
#1856 = PLANE ( 'NONE',  #530 ) ;
#1857 = AXIS2_PLACEMENT_3D ( 'NONE', #5317, #7334, #1334 ) ;
#1858 = LINE ( 'NONE', #1127, #1768 ) ;
#1859 = ORIENTED_EDGE ( 'NONE', *, *, #1408, .T. ) ;
#1860 = ORIENTED_EDGE ( 'NONE', *, *, #83, .F. ) ;
#1861 = ADVANCED_FACE ( 'NONE', ( #5359 ), #6548, .T. ) ;
#1862 = AXIS2_PLACEMENT_3D ( 'NONE', #5042, #8401, #7815 ) ;
#1863 = AXIS2_PLACEMENT_3D ( 'NONE', #3205, #1849, #5842 ) ;
#1864 = VECTOR ( 'NONE', #1886, 1000.000000000000000 ) ;
#1865 = CARTESIAN_POINT ( 'NONE',  ( 1.719999999999998863, 0.1999999999999999833, 0.1299999999999998934 ) ) ;
#1866 = ORIENTED_EDGE ( 'NONE', *, *, #6471, .T. ) ;
#1867 = DIRECTION ( 'NONE',  ( 0.000000000000000000, 0.000000000000000000, -1.000000000000000000 ) ) ;
#1868 = CARTESIAN_POINT ( 'NONE',  ( 1.370000000000000551, 0.1999999999999999833, 2.000000000000000888 ) ) ;
#1869 = DIRECTION ( 'NONE',  ( 0.000000000000000000, 0.000000000000000000, -1.000000000000000000 ) ) ;
#1870 = EDGE_CURVE ( 'NONE', #2695, #1198, #8060, .T. ) ;
#1871 = FACE_OUTER_BOUND ( 'NONE', #7304, .T. ) ;
#1872 = CARTESIAN_POINT ( 'NONE',  ( 2.000000000000000888, 0.1999999999999996503, -0.3700000000000001066 ) ) ;
#1873 = ADVANCED_FACE ( 'NONE', ( #5284 ), #7247, .T. ) ;
#1874 = ORIENTED_EDGE ( 'NONE', *, *, #6921, .F. ) ;
#1875 = EDGE_LOOP ( 'NONE', ( #8358, #4643, #3252, #5564 ) ) ;
#1876 = DIRECTION ( 'NONE',  ( -0.000000000000000000, -0.000000000000000000, 1.000000000000000000 ) ) ;
#1877 = MANIFOLD_SOLID_BREP ( 'LPattern4[5]', #1785 ) ;
#1878 = EDGE_CURVE ( 'NONE', #78, #2222, #2325, .T. ) ;
#1879 = VERTEX_POINT ( 'NONE', #2848 ) ;
#1880 = CARTESIAN_POINT ( 'NONE',  ( -0.6299999999999998934, 0.04999999999999999584, -1.720000000000000862 ) ) ;
#1881 = SURFACE_STYLE_FILL_AREA ( #6777 ) ;
#1882 = ORIENTED_EDGE ( 'NONE', *, *, #7652, .F. ) ;
#1883 = ORIENTED_EDGE ( 'NONE', *, *, #6308, .F. ) ;
#1884 = EDGE_CURVE ( 'NONE', #927, #76, #5131, .T. ) ;
#1885 = PLANE ( 'NONE',  #3131 ) ;
#1886 = DIRECTION ( 'NONE',  ( -0.000000000000000000, -1.000000000000000000, -0.000000000000000000 ) ) ;
#1887 = DIRECTION ( 'NONE',  ( -0.000000000000000000, -1.000000000000000000, -0.000000000000000000 ) ) ;
#1888 = CARTESIAN_POINT ( 'NONE',  ( 1.250000000000000000, 0.2000000000000000944, 1.250000000000000222 ) ) ;
#1889 = PLANE ( 'NONE',  #2614 ) ;
#1890 = DIRECTION ( 'NONE',  ( 0.000000000000000000, 0.000000000000000000, -1.000000000000000000 ) ) ;
#1891 = DIRECTION ( 'NONE',  ( 1.000000000000000000, 0.000000000000000000, 0.000000000000000000 ) ) ;
#1892 = CARTESIAN_POINT ( 'NONE',  ( -1.719999999999998863, 0.05000000000000002359, 0.6300000000000005596 ) ) ;
#1893 = AXIS2_PLACEMENT_3D ( 'NONE', #621, #67, #6631 ) ;
#1894 = UNCERTAINTY_MEASURE_WITH_UNIT (LENGTH_MEASURE( 1.000000000000000082E-05 ), #4066, 'distance_accuracy_value', 'NONE');
#1895 = VERTEX_POINT ( 'NONE', #2145 ) ;
#1896 = ORIENTED_EDGE ( 'NONE', *, *, #3012, .T. ) ;
#1897 = ORIENTED_EDGE ( 'NONE', *, *, #3564, .T. ) ;
#1898 =( NAMED_UNIT ( * ) PLANE_ANGLE_UNIT ( ) SI_UNIT ( $, .RADIAN. ) );
#1899 = CARTESIAN_POINT ( 'NONE',  ( 1.719999999999998863, 0.6664761515876242992, 0.2499999999999997780 ) ) ;
#1900 = DIRECTION ( 'NONE',  ( 0.000000000000000000, 0.000000000000000000, 1.000000000000000000 ) ) ;
#1901 = DIRECTION ( 'NONE',  ( 0.000000000000000000, 0.000000000000000000, -1.000000000000000000 ) ) ;
#1902 = DIRECTION ( 'NONE',  ( 0.000000000000000000, -0.000000000000000000, 1.000000000000000000 ) ) ;
#1903 = DIRECTION ( 'NONE',  ( 0.000000000000000000, 0.000000000000000000, -1.000000000000000000 ) ) ;
#1904 = EDGE_CURVE ( 'NONE', #4356, #8464, #2426, .T. ) ;
#1905 = EDGE_LOOP ( 'NONE', ( #2022, #1336, #2144, #4376 ) ) ;
#1906 = DIRECTION ( 'NONE',  ( 0.000000000000000000, 1.000000000000000000, 0.000000000000000000 ) ) ;
#1907 = ORIENTED_EDGE ( 'NONE', *, *, #5391, .F. ) ;
#1908 = VERTEX_POINT ( 'NONE', #6293 ) ;
#1909 = VECTOR ( 'NONE', #6381, 1000.000000000000000 ) ;
#1910 = DIRECTION ( 'NONE',  ( 0.000000000000000000, 0.000000000000000000, -1.000000000000000000 ) ) ;
#1911 = EDGE_CURVE ( 'NONE', #3041, #1275, #2441, .T. ) ;
#1912 = ADVANCED_FACE ( 'NONE', ( #8265 ), #8050, .F. ) ;
#1913 = DIRECTION ( 'NONE',  ( 0.000000000000000000, -0.000000000000000000, 1.000000000000000000 ) ) ;
#1914 = ORIENTED_EDGE ( 'NONE', *, *, #2917, .T. ) ;
#1915 = EDGE_CURVE ( 'NONE', #2063, #8056, #2276, .T. ) ;
#1916 = CARTESIAN_POINT ( 'NONE',  ( 0.3700000000000001066, 0.1999999999999999833, -2.000000000000000888 ) ) ;
#1917 = CARTESIAN_POINT ( 'NONE',  ( -1.999999999999999112, 0.000000000000000000, -1.129999999999999893 ) ) ;
#1918 = VECTOR ( 'NONE', #749, 1000.000000000000000 ) ;
#1919 = CARTESIAN_POINT ( 'NONE',  ( -0.3699999999999992184, 0.6664761515876238551, 2.000000000000000888 ) ) ;
#1920 = DIRECTION ( 'NONE',  ( 0.000000000000000000, 0.000000000000000000, 1.000000000000000000 ) ) ;
#1921 = ORIENTED_EDGE ( 'NONE', *, *, #3980, .F. ) ;
#1922 = ORIENTED_EDGE ( 'NONE', *, *, #283, .F. ) ;
#1923 = DIRECTION ( 'NONE',  ( -1.000000000000000000, 0.000000000000000000, -0.000000000000000000 ) ) ;
#1924 = DIRECTION ( 'NONE',  ( 1.084202172485504681E-16, -0.000000000000000000, 1.000000000000000000 ) ) ;
#1925 = AXIS2_PLACEMENT_3D ( 'NONE', #7076, #3643, #1602 ) ;
#1926 = DIRECTION ( 'NONE',  ( 0.000000000000000000, 0.000000000000000000, 1.000000000000000000 ) ) ;
#1927 = LINE ( 'NONE', #3658, #7572 ) ;
#1928 = ORIENTED_EDGE ( 'NONE', *, *, #6594, .F. ) ;
#1929 = SURFACE_STYLE_FILL_AREA ( #4794 ) ;
#1930 = ADVANCED_FACE ( 'NONE', ( #8199 ), #7028, .F. ) ;
#1931 = EDGE_CURVE ( 'NONE', #4877, #2855, #5376, .T. ) ;
#1932 = FACE_OUTER_BOUND ( 'NONE', #288, .T. ) ;
#1933 = CARTESIAN_POINT ( 'NONE',  ( -0.1299999999999994771, 0.1999999999999999833, 2.000000000000000888 ) ) ;
#1934 = ORIENTED_EDGE ( 'NONE', *, *, #1366, .T. ) ;
#1935 = CARTESIAN_POINT ( 'NONE',  ( 1.999999999999999112, 0.04999999999999969746, -1.369999999999999440 ) ) ;
#1936 = CARTESIAN_POINT ( 'NONE',  ( 1.719999999999998863, 0.000000000000000000, 1.370000000000000107 ) ) ;
#1937 = DIRECTION ( 'NONE',  ( -1.000000000000000000, 0.000000000000000000, 0.000000000000000000 ) ) ;
#1938 =( LENGTH_UNIT ( ) NAMED_UNIT ( * ) SI_UNIT ( .MILLI., .METRE. ) );
#1939 = VECTOR ( 'NONE', #2619, 1000.000000000000000 ) ;
#1940 = AXIS2_PLACEMENT_3D ( 'NONE', #1772, #2425, #6436 ) ;
#1941 = ORIENTED_EDGE ( 'NONE', *, *, #3084, .T. ) ;
#1942 = ORIENTED_EDGE ( 'NONE', *, *, #4674, .T. ) ;
#1943 = ORIENTED_EDGE ( 'NONE', *, *, #4756, .T. ) ;
#1944 = CARTESIAN_POINT ( 'NONE',  ( 1.999999999999999112, 0.1999999999999999833, -1.129999999999999893 ) ) ;
#1945 = AXIS2_PLACEMENT_3D ( 'NONE', #3962, #6827, #183 ) ;
#1946 = CARTESIAN_POINT ( 'NONE',  ( -1.129999999999999893, 0.05000000000000000278, -2.000000000000000444 ) ) ;
#1947 = DIRECTION ( 'NONE',  ( -0.000000000000000000, 0.000000000000000000, 1.000000000000000000 ) ) ;
#1948 = CARTESIAN_POINT ( 'NONE',  ( 0.8700000000000005507, 0.6664761515876238551, 2.000000000000000888 ) ) ;
#1949 = CARTESIAN_POINT ( 'NONE',  ( -0.2499999999999997780, 0.000000000000000000, -1.720000000000000862 ) ) ;
#1950 = PRESENTATION_LAYER_ASSIGNMENT (  '', '', ( #8465 ) ) ;
#1951 = CARTESIAN_POINT ( 'NONE',  ( 1.370000000000000551, 0.6664761515876238551, 1.720000000000000862 ) ) ;
#1952 = VECTOR ( 'NONE', #2642, 1000.000000000000000 ) ;
#1953 = SURFACE_STYLE_USAGE ( .BOTH. , #6006 ) ;
#1954 = CARTESIAN_POINT ( 'NONE',  ( -1.719999999999998863, 0.1999999999999999833, 0.2500000000000004441 ) ) ;
#1955 = FACE_OUTER_BOUND ( 'NONE', #1615, .T. ) ;
#1956 = ORIENTED_EDGE ( 'NONE', *, *, #8197, .T. ) ;
#1957 = DIRECTION ( 'NONE',  ( 0.000000000000000000, 0.000000000000000000, 1.000000000000000000 ) ) ;
#1958 = DIRECTION ( 'NONE',  ( 0.000000000000000000, 1.000000000000000000, 0.000000000000000000 ) ) ;
#1959 = AXIS2_PLACEMENT_3D ( 'NONE', #5477, #648, #92 ) ;
#1960 = LINE ( 'NONE', #3595, #5087 ) ;
#1961 = FACE_OUTER_BOUND ( 'NONE', #3493, .T. ) ;
#1962 = VERTEX_POINT ( 'NONE', #3659 ) ;
#1963 = ORIENTED_EDGE ( 'NONE', *, *, #2986, .F. ) ;
#1964 = VECTOR ( 'NONE', #5315, 1000.000000000000000 ) ;
#1965 = CARTESIAN_POINT ( 'NONE',  ( -0.8699999999999992184, 0.000000000000000000, 1.720000000000000862 ) ) ;
#1966 = SURFACE_SIDE_STYLE ('',( #3543 ) ) ;
#1967 = VECTOR ( 'NONE', #573, 1000.000000000000000 ) ;
#1968 = CARTESIAN_POINT ( 'NONE',  ( -1.250000000000000000, 0.05000000000000000278, 1.149999999999999467 ) ) ;
#1969 = VERTEX_POINT ( 'NONE', #200 ) ;
#1970 = CARTESIAN_POINT ( 'NONE',  ( 1.719999999999998863, 0.000000000000000000, 0.3700000000000001066 ) ) ;
#1971 = CARTESIAN_POINT ( 'NONE',  ( -1.999999999999999112, 0.05000000000000000278, -2.000000000000000444 ) ) ;
#1972 = CARTESIAN_POINT ( 'NONE',  ( -1.150000000000000133, 0.2000000000000000944, -1.150000000000000133 ) ) ;
#1973 = PRESENTATION_STYLE_ASSIGNMENT (( #5472 ) ) ;
#1974 = PLANE ( 'NONE',  #4297 ) ;
#1975 = CARTESIAN_POINT ( 'NONE',  ( 1.719999999999998863, 0.6664761515876242992, 0.7499999999999997780 ) ) ;
#1976 = CYLINDRICAL_SURFACE ( 'NONE', #2234, 0.1199999999999998845 ) ;
#1977 = ORIENTED_EDGE ( 'NONE', *, *, #6591, .T. ) ;
#1978 = VERTEX_POINT ( 'NONE', #809 ) ;
#1979 = CARTESIAN_POINT ( 'NONE',  ( -0.1299999999999994771, 0.000000000000000000, 2.000000000000000888 ) ) ;
#1980 = VECTOR ( 'NONE', #7613, 1000.000000000000000 ) ;
#1981 = EDGE_CURVE ( 'NONE', #103, #4501, #2411, .T. ) ;
#1982 = ADVANCED_FACE ( 'NONE', ( #5249 ), #4170, .F. ) ;
#1983 = LINE ( 'NONE', #1746, #7901 ) ;
#1984 = ORIENTED_EDGE ( 'NONE', *, *, #6258, .F. ) ;
#1985 = ORIENTED_EDGE ( 'NONE', *, *, #7547, .F. ) ;
#1986 = ORIENTED_EDGE ( 'NONE', *, *, #360, .T. ) ;
#1987 = DIRECTION ( 'NONE',  ( 0.000000000000000000, 1.000000000000000000, 0.000000000000000000 ) ) ;
#1988 = DIRECTION ( 'NONE',  ( 0.000000000000000000, 0.000000000000000000, -1.000000000000000000 ) ) ;
#1989 = CARTESIAN_POINT ( 'NONE',  ( -1.369999999999999218, 0.6664761515876238551, 2.000000000000000888 ) ) ;
#1990 = EDGE_CURVE ( 'NONE', #8504, #6035, #5234, .T. ) ;
#1991 = FACE_OUTER_BOUND ( 'NONE', #5833, .T. ) ;
#1992 = VECTOR ( 'NONE', #3261, 1000.000000000000000 ) ;
#1993 = EDGE_LOOP ( 'NONE', ( #2746, #8450, #1727, #7830 ) ) ;
#1994 = VECTOR ( 'NONE', #2906, 1000.000000000000000 ) ;
#1995 = FACE_OUTER_BOUND ( 'NONE', #6055, .T. ) ;
#1996 = ORIENTED_EDGE ( 'NONE', *, *, #1078, .T. ) ;
#1997 = ORIENTED_EDGE ( 'NONE', *, *, #6873, .T. ) ;
#1998 = EDGE_CURVE ( 'NONE', #2768, #3822, #5328, .T. ) ;
#1999 = EDGE_CURVE ( 'NONE', #8156, #1701, #5267, .T. ) ;
#2000 = PLANE ( 'NONE',  #6047 ) ;
#2001 = CARTESIAN_POINT ( 'NONE',  ( 1.999999999999999112, 0.6664761515876242992, 0.3700000000000001066 ) ) ;
#2002 = FILL_AREA_STYLE_COLOUR ( '', #7160 ) ;
#2003 = DIRECTION ( 'NONE',  ( 0.000000000000000000, 0.000000000000000000, -1.000000000000000000 ) ) ;
#2004 = DIRECTION ( 'NONE',  ( 0.000000000000000000, 0.000000000000000000, 1.000000000000000000 ) ) ;
#2005 = VECTOR ( 'NONE', #164, 1000.000000000000000 ) ;
#2006 = PLANE ( 'NONE',  #1945 ) ;
#2007 = DIRECTION ( 'NONE',  ( -0.000000000000000000, 1.000000000000000000, -0.000000000000000000 ) ) ;
#2008 = FACE_OUTER_BOUND ( 'NONE', #3107, .T. ) ;
#2009 = EDGE_LOOP ( 'NONE', ( #6607, #3794, #5130, #2192 ) ) ;
#2010 = CARTESIAN_POINT ( 'NONE',  ( -1.249999999999999778, 0.6664761515876238551, -1.720000000000000862 ) ) ;
#2011 = FACE_OUTER_BOUND ( 'NONE', #8322, .T. ) ;
#2012 = VECTOR ( 'NONE', #5235, 1000.000000000000000 ) ;
#2013 = ORIENTED_EDGE ( 'NONE', *, *, #4932, .F. ) ;
#2014 = ORIENTED_EDGE ( 'NONE', *, *, #3478, .F. ) ;
#2015 = EDGE_CURVE ( 'NONE', #4792, #76, #8172, .T. ) ;
#2016 = LINE ( 'NONE', #8290, #7848 ) ;
#2017 = DIRECTION ( 'NONE',  ( -0.000000000000000000, -1.000000000000000000, -0.000000000000000000 ) ) ;
#2018 = DIRECTION ( 'NONE',  ( -0.000000000000000000, -1.000000000000000000, -0.000000000000000000 ) ) ;
#2019 = FACE_OUTER_BOUND ( 'NONE', #2135, .T. ) ;
#2020 = CARTESIAN_POINT ( 'NONE',  ( -0.3699999999999992184, 0.05000000000000000278, 0.000000000000000000 ) ) ;
#2021 = AXIS2_PLACEMENT_3D ( 'NONE', #8553, #3283, #647 ) ;
#2022 = ORIENTED_EDGE ( 'NONE', *, *, #4248, .F. ) ;
#2023 = DIRECTION ( 'NONE',  ( 0.000000000000000000, 0.000000000000000000, 1.000000000000000000 ) ) ;
#2024 = CARTESIAN_POINT ( 'NONE',  ( 1.999999999999999112, 0.1999999999999999833, -1.369999999999999440 ) ) ;
#2025 = CARTESIAN_POINT ( 'NONE',  ( -1.719999999999998863, 0.000000000000000000, 1.250000000000000444 ) ) ;
#2026 = FACE_OUTER_BOUND ( 'NONE', #2820, .T. ) ;
#2027 = CARTESIAN_POINT ( 'NONE',  ( -0.8699999999999992184, 0.6664761515876238551, 2.000000000000000888 ) ) ;
#2028 = CARTESIAN_POINT ( 'NONE',  ( 1.719999999999998863, 0.6664761515876242992, -1.370000000000000107 ) ) ;
#2029 = ORIENTED_EDGE ( 'NONE', *, *, #5814, .F. ) ;
#2030 = VERTEX_POINT ( 'NONE', #6502 ) ;
#2031 = FILL_AREA_STYLE_COLOUR ( '', #1703 ) ;
#2032 = CARTESIAN_POINT ( 'NONE',  ( 1.719999999999998863, 0.6664761515876242992, -1.369999999999999662 ) ) ;
#2033 = ADVANCED_FACE ( 'NONE', ( #5105 ), #59, .T. ) ;
#2034 = CIRCLE ( 'NONE', #626, 0.1199999999999998845 ) ;
#2035 = EDGE_CURVE ( 'NONE', #2633, #6183, #5167, .T. ) ;
#2036 = VECTOR ( 'NONE', #122, 1000.000000000000000 ) ;
#2037 = ORIENTED_EDGE ( 'NONE', *, *, #3968, .F. ) ;
#2038 = AXIS2_PLACEMENT_3D ( 'NONE', #8590, #2458, #7051 ) ;
#2039 = LINE ( 'NONE', #2259, #2058 ) ;
#2040 = DIRECTION ( 'NONE',  ( 0.000000000000000000, 0.000000000000000000, 1.000000000000000000 ) ) ;
#2041 = ORIENTED_EDGE ( 'NONE', *, *, #6341, .T. ) ;
#2042 = ORIENTED_EDGE ( 'NONE', *, *, #7988, .F. ) ;
#2043 = CARTESIAN_POINT ( 'NONE',  ( -0.2499999999999993616, 0.1999999999999999833, 1.720000000000000862 ) ) ;
#2044 = PLANE ( 'NONE',  #3614 ) ;
#2045 = DIRECTION ( 'NONE',  ( 1.000000000000000000, -0.000000000000000000, 0.000000000000000000 ) ) ;
#2046 = CARTESIAN_POINT ( 'NONE',  ( -1.999999999999999112, 0.04999999999999969746, -0.3699999999999994404 ) ) ;
#2047 = SURFACE_STYLE_FILL_AREA ( #7607 ) ;
#2048 = DIRECTION ( 'NONE',  ( 0.000000000000000000, -0.000000000000000000, 1.000000000000000000 ) ) ;
#2049 = AXIS2_PLACEMENT_3D ( 'NONE', #2557, #4805, #4178 ) ;
#2050 = CARTESIAN_POINT ( 'NONE',  ( 0.6300000000000003375, 0.04999999999999969746, -2.000000000000000888 ) ) ;
#2051 = CARTESIAN_POINT ( 'NONE',  ( -1.369999999999999218, 0.2000000000000000111, 1.720000000000000862 ) ) ;
#2052 = CARTESIAN_POINT ( 'NONE',  ( 1.719999999999998863, 0.6664761515876242992, 0.6299999999999998934 ) ) ;
#2053 = VECTOR ( 'NONE', #3615, 1000.000000000000000 ) ;
#2054 = ADVANCED_FACE ( 'NONE', ( #5118 ), #1885, .T. ) ;
#2055 = ORIENTED_EDGE ( 'NONE', *, *, #5487, .T. ) ;
#2056 = EDGE_CURVE ( 'NONE', #3099, #316, #8001, .T. ) ;
#2057 = LINE ( 'NONE', #5764, #7803 ) ;
#2058 = VECTOR ( 'NONE', #8272, 1000.000000000000000 ) ;
#2059 = ORIENTED_EDGE ( 'NONE', *, *, #344, .T. ) ;
#2060 = ORIENTED_EDGE ( 'NONE', *, *, #2621, .T. ) ;
#2061 = AXIS2_PLACEMENT_3D ( 'NONE', #7107, #5156, #2456 ) ;
#2062 = LINE ( 'NONE', #2052, #2107 ) ;
#2063 = VERTEX_POINT ( 'NONE', #455 ) ;
#2064 = FILL_AREA_STYLE_COLOUR ( '', #8015 ) ;
#2065 = CARTESIAN_POINT ( 'NONE',  ( 0.8700000000000001066, 0.6664761515876238551, -2.000000000000000888 ) ) ;
#2066 = DIRECTION ( 'NONE',  ( 0.000000000000000000, 0.000000000000000000, -1.000000000000000000 ) ) ;
#2067 = CARTESIAN_POINT ( 'NONE',  ( -1.719999999999998863, 0.1999999999999999833, 0.6300000000000005596 ) ) ;
#2068 = AXIS2_PLACEMENT_3D ( 'NONE', #6060, #5456, #8186 ) ;
#2069 = DIRECTION ( 'NONE',  ( 1.000000000000000000, -0.000000000000000000, 7.744301232039308793E-16 ) ) ;
#2070 = CARTESIAN_POINT ( 'NONE',  ( 2.000000000000000888, 0.05000000000000000278, 1.999999999999999112 ) ) ;
#2071 = LINE ( 'NONE', #1686, #2081 ) ;
#2072 = AXIS2_PLACEMENT_3D ( 'NONE', #1303, #1958, #4740 ) ;
#2073 = CARTESIAN_POINT ( 'NONE',  ( -1.719999999999998863, 0.6664761515876242992, -0.7499999999999995559 ) ) ;
#2074 = FACE_OUTER_BOUND ( 'NONE', #2330, .T. ) ;
#2075 = VERTEX_POINT ( 'NONE', #7145 ) ;
#2076 = VERTEX_POINT ( 'NONE', #3244 ) ;
#2077 = ORIENTED_EDGE ( 'NONE', *, *, #381, .T. ) ;
#2078 = EDGE_CURVE ( 'NONE', #5033, #2563, #8122, .T. ) ;
#2079 = FACE_OUTER_BOUND ( 'NONE', #5553, .T. ) ;
#2080 = ORIENTED_EDGE ( 'NONE', *, *, #8200, .T. ) ;
#2081 = VECTOR ( 'NONE', #2339, 1000.000000000000000 ) ;
#2082 = CARTESIAN_POINT ( 'NONE',  ( 1.719999999999998863, 0.1999999999999999833, -0.6299999999999998934 ) ) ;
#2083 = PLANE ( 'NONE',  #3035 ) ;
#2084 = DIRECTION ( 'NONE',  ( 0.000000000000000000, 0.000000000000000000, 1.000000000000000000 ) ) ;
#2085 = ORIENTED_EDGE ( 'NONE', *, *, #5021, .T. ) ;
#2086 = DIRECTION ( 'NONE',  ( 0.000000000000000000, 0.000000000000000000, -1.000000000000000000 ) ) ;
#2087 = DIRECTION ( 'NONE',  ( 0.000000000000000000, 0.000000000000000000, -1.000000000000000000 ) ) ;
#2088 = DIRECTION ( 'NONE',  ( 0.000000000000000000, 0.000000000000000000, -1.000000000000000000 ) ) ;
#2089 = VECTOR ( 'NONE', #1937, 1000.000000000000000 ) ;
#2090 = VERTEX_POINT ( 'NONE', #1090 ) ;
#2091 = EDGE_LOOP ( 'NONE', ( #2267, #5379, #4115, #5449 ) ) ;
#2092 = DIRECTION ( 'NONE',  ( -0.000000000000000000, -1.000000000000000000, -0.000000000000000000 ) ) ;
#2093 = VECTOR ( 'NONE', #2757, 1000.000000000000000 ) ;
#2094 = DIRECTION ( 'NONE',  ( -7.744301232039308793E-16, 0.000000000000000000, 1.000000000000000000 ) ) ;
#2095 = VERTEX_POINT ( 'NONE', #1935 ) ;
#2096 = VECTOR ( 'NONE', #7050, 1000.000000000000000 ) ;
#2097 = ORIENTED_EDGE ( 'NONE', *, *, #4179, .F. ) ;
#2098 = EDGE_CURVE ( 'NONE', #4952, #3309, #5177, .T. ) ;
#2099 = LINE ( 'NONE', #63, #7887 ) ;
#2100 = CARTESIAN_POINT ( 'NONE',  ( -0.6299999999999994493, 0.1999999999999999833, 2.000000000000000888 ) ) ;
#2101 = ORIENTED_EDGE ( 'NONE', *, *, #3837, .F. ) ;
#2102 = EDGE_LOOP ( 'NONE', ( #6889, #6813, #3162, #741, #2216, #2509, #6422, #3624, #6978, #5125, #3592, #8206, #879, #6481, #1247, #989, #5434, #1080, #8310, #6776, #1004, #3175, #2616, #3921, #2448, #6685, #7078, #838 ) ) ;
#2103 = DIRECTION ( 'NONE',  ( 1.000000000000000000, -0.000000000000000000, 0.000000000000000000 ) ) ;
#2104 = CARTESIAN_POINT ( 'NONE',  ( -1.129999999999999449, 0.04999999999999999584, 1.720000000000000862 ) ) ;
#2105 = CARTESIAN_POINT ( 'NONE',  ( 2.000000000000000888, 0.05000000000000000278, 1.999999999999999112 ) ) ;
#2106 = CARTESIAN_POINT ( 'NONE',  ( -1.999999999999999112, 0.1999999999999999833, -0.6299999999999998934 ) ) ;
#2107 = VECTOR ( 'NONE', #4671, 1000.000000000000000 ) ;
#2108 = ORIENTED_EDGE ( 'NONE', *, *, #7928, .F. ) ;
#2109 = FILL_AREA_STYLE_COLOUR ( '', #8346 ) ;
#2110 = CARTESIAN_POINT ( 'NONE',  ( -1.636363636363635132, 0.9000000000000000222, -1.803030301363636845 ) ) ;
#2111 = EDGE_CURVE ( 'NONE', #2656, #433, #5297, .T. ) ;
#2112 = APPLICATION_CONTEXT ( 'automotive_design' ) ;
#2113 = ADVANCED_FACE ( 'NONE', ( #1238 ), #7029, .F. ) ;
#2114 = CIRCLE ( 'NONE', #6343, 0.1199999999999998845 ) ;
#2115 = EDGE_CURVE ( 'NONE', #8473, #3007, #3829, .T. ) ;
#2116 = LINE ( 'NONE', #4564, #5161 ) ;
#2117 = ORIENTED_EDGE ( 'NONE', *, *, #4909, .F. ) ;
#2118 = EDGE_CURVE ( 'NONE', #3694, #5734, #1102, .T. ) ;
#2119 = COLOUR_RGB ( '',1.000000000000000000, 1.000000000000000000, 1.000000000000000000 ) ;
#2120 = LINE ( 'NONE', #3170, #2012 ) ;
#2121 = ORIENTED_EDGE ( 'NONE', *, *, #3412, .F. ) ;
#2122 = ORIENTED_EDGE ( 'NONE', *, *, #4932, .T. ) ;
#2123 = FACE_OUTER_BOUND ( 'NONE', #5076, .T. ) ;
#2124 = ORIENTED_EDGE ( 'NONE', *, *, #462, .F. ) ;
#2125 = DIRECTION ( 'NONE',  ( 0.000000000000000000, 0.000000000000000000, 1.000000000000000000 ) ) ;
#2126 = VECTOR ( 'NONE', #1396, 1000.000000000000000 ) ;
#2127 = ADVANCED_FACE ( 'NONE', ( #6783 ), #1163, .F. ) ;
#2128 = VECTOR ( 'NONE', #72, 1000.000000000000000 ) ;
#2129 = ORIENTED_EDGE ( 'NONE', *, *, #2115, .T. ) ;
#2130 = DIRECTION ( 'NONE',  ( 0.000000000000000000, 0.000000000000000000, 1.000000000000000000 ) ) ;
#2131 = SURFACE_SIDE_STYLE ('',( #6307 ) ) ;
#2132 = LINE ( 'NONE', #3494, #1918 ) ;
#2133 = EDGE_CURVE ( 'NONE', #5479, #5421, #1085, .T. ) ;
#2134 = VECTOR ( 'NONE', #2941, 1000.000000000000000 ) ;
#2135 = EDGE_LOOP ( 'NONE', ( #1630, #8580, #4595, #4210 ) ) ;
#2136 = CLOSED_SHELL ( 'NONE', ( #7044, #2274, #8524, #3013, #2406, #4389 ) ) ;
#2137 = LINE ( 'NONE', #5325, #7842 ) ;
#2138 = ORIENTED_EDGE ( 'NONE', *, *, #8082, .F. ) ;
#2139 = CYLINDRICAL_SURFACE ( 'NONE', #251, 0.1199999999999998845 ) ;
#2140 = DIRECTION ( 'NONE',  ( 0.000000000000000000, 0.000000000000000000, -1.000000000000000000 ) ) ;
#2141 = CARTESIAN_POINT ( 'NONE',  ( 1.130000000000000338, 0.2000000000000000111, -2.000000000000000888 ) ) ;
#2142 = CIRCLE ( 'NONE', #5109, 0.1000000000000000472 ) ;
#2143 = DIRECTION ( 'NONE',  ( 0.000000000000000000, -0.000000000000000000, 1.000000000000000000 ) ) ;
#2144 = ORIENTED_EDGE ( 'NONE', *, *, #1915, .T. ) ;
#2145 = CARTESIAN_POINT ( 'NONE',  ( -0.1299999999999998934, 0.000000000000000000, -2.000000000000000888 ) ) ;
#2146 = CARTESIAN_POINT ( 'NONE',  ( 0.3700000000000001066, 0.000000000000000000, -1.720000000000000862 ) ) ;
#2147 = SURFACE_STYLE_USAGE ( .BOTH. , #3345 ) ;
#2148 = DIRECTION ( 'NONE',  ( 0.000000000000000000, 1.000000000000000000, 0.000000000000000000 ) ) ;
#2149 = CARTESIAN_POINT ( 'NONE',  ( -1.250000000000000000, 0.2000000000000000944, 1.149999999999999911 ) ) ;
#2150 = CARTESIAN_POINT ( 'NONE',  ( 1.719999999999998863, 0.1999999999999999833, -0.8700000000000001066 ) ) ;
#2151 = LINE ( 'NONE', #4065, #8221 ) ;
#2152 = ORIENTED_EDGE ( 'NONE', *, *, #110, .T. ) ;
#2153 = EDGE_CURVE ( 'NONE', #8396, #4460, #4027, .T. ) ;
#2154 = CARTESIAN_POINT ( 'NONE',  ( 0.8700000000000005507, 0.000000000000000000, 2.000000000000000888 ) ) ;
#2155 = PRESENTATION_STYLE_ASSIGNMENT (( #4964 ) ) ;
#2156 = DIRECTION ( 'NONE',  ( 1.000000000000000000, 0.000000000000000000, 7.744301232039308793E-16 ) ) ;
#2157 = VERTEX_POINT ( 'NONE', #1152 ) ;
#2158 = AXIS2_PLACEMENT_3D ( 'NONE', #6246, #7502, #8326 ) ;
#2159 = LINE ( 'NONE', #8162, #2005 ) ;
#2160 = LINE ( 'NONE', #1106, #7935 ) ;
#2161 = ORIENTED_EDGE ( 'NONE', *, *, #2450, .F. ) ;
#2162 = AXIS2_PLACEMENT_3D ( 'NONE', #1067, #4346, #1764 ) ;
#2163 = LINE ( 'NONE', #2730, #8078 ) ;
#2164 = ORIENTED_EDGE ( 'NONE', *, *, #4442, .T. ) ;
#2165 = ORIENTED_EDGE ( 'NONE', *, *, #4368, .T. ) ;
#2166 = CARTESIAN_POINT ( 'NONE',  ( 1.719999999999998863, 0.1999999999999999833, 0.2499999999999997780 ) ) ;
#2167 = PLANE ( 'NONE',  #1853 ) ;
#2168 = DIRECTION ( 'NONE',  ( 0.000000000000000000, -1.000000000000000000, 0.000000000000000000 ) ) ;
#2169 = DIRECTION ( 'NONE',  ( 0.000000000000000000, 0.000000000000000000, 1.000000000000000000 ) ) ;
#2170 = CIRCLE ( 'NONE', #7732, 0.1199999999999998845 ) ;
#2171 = EDGE_LOOP ( 'NONE', ( #7370, #2702, #2964, #7907 ) ) ;
#2172 = DIRECTION ( 'NONE',  ( 0.000000000000000000, 0.000000000000000000, -1.000000000000000000 ) ) ;
#2173 = DIRECTION ( 'NONE',  ( 0.000000000000000000, 1.000000000000000000, 0.000000000000000000 ) ) ;
#2174 = EDGE_CURVE ( 'NONE', #80, #5841, #1250, .T. ) ;
#2175 = DIRECTION ( 'NONE',  ( 0.000000000000000000, 1.000000000000000000, 0.000000000000000000 ) ) ;
#2176 = CYLINDRICAL_SURFACE ( 'NONE', #2375, 0.1199999999999998845 ) ;
#2177 = ORIENTED_EDGE ( 'NONE', *, *, #2392, .F. ) ;
#2178 = LINE ( 'NONE', #780, #2134 ) ;
#2179 = AXIS2_PLACEMENT_3D ( 'NONE', #5772, #1157, #6506 ) ;
#2180 = ORIENTED_EDGE ( 'NONE', *, *, #6139, .F. ) ;
#2181 = ORIENTED_EDGE ( 'NONE', *, *, #7361, .F. ) ;
#2182 = EDGE_CURVE ( 'NONE', #6598, #3750, #3908, .T. ) ;
#2183 = ORIENTED_EDGE ( 'NONE', *, *, #6695, .F. ) ;
#2184 = DIRECTION ( 'NONE',  ( 0.000000000000000000, 0.000000000000000000, -1.000000000000000000 ) ) ;
#2185 = DIRECTION ( 'NONE',  ( -1.000000000000000000, 0.000000000000000000, -7.744301232039308793E-16 ) ) ;
#2186 = CARTESIAN_POINT ( 'NONE',  ( 1.999999999999999112, 0.1999999999999999833, -0.8699999999999994404 ) ) ;
#2187 = ADVANCED_FACE ( 'NONE', ( #4047 ), #1833, .T. ) ;
#2188 = PLANE ( 'NONE',  #1013 ) ;
#2189 = EDGE_CURVE ( 'NONE', #130, #3950, #3999, .T. ) ;
#2190 = DIRECTION ( 'NONE',  ( 0.000000000000000000, 0.000000000000000000, -1.000000000000000000 ) ) ;
#2191 = FACE_OUTER_BOUND ( 'NONE', #236, .T. ) ;
#2192 = ORIENTED_EDGE ( 'NONE', *, *, #6356, .T. ) ;
#2193 = DIRECTION ( 'NONE',  ( 0.000000000000000000, -1.000000000000000000, 0.000000000000000000 ) ) ;
#2194 = VECTOR ( 'NONE', #7978, 1000.000000000000000 ) ;
#2195 = VECTOR ( 'NONE', #3802, 1000.000000000000000 ) ;
#2196 = ORIENTED_EDGE ( 'NONE', *, *, #5688, .F. ) ;
#2197 = EDGE_LOOP ( 'NONE', ( #6388, #7891, #5198, #5245 ) ) ;
#2198 = LINE ( 'NONE', #278, #7910 ) ;
#2199 = ORIENTED_EDGE ( 'NONE', *, *, #1812, .T. ) ;
#2200 = SURFACE_STYLE_USAGE ( .BOTH. , #6290 ) ;
#2201 = UNCERTAINTY_MEASURE_WITH_UNIT (LENGTH_MEASURE( 1.000000000000000082E-05 ), #6932, 'distance_accuracy_value', 'NONE');
#2202 = ADVANCED_FACE ( 'NONE', ( #1206 ), #3513, .F. ) ;
#2203 = CARTESIAN_POINT ( 'NONE',  ( 1.719999999999998863, 0.000000000000000000, -0.3700000000000001066 ) ) ;
#2204 = ORIENTED_EDGE ( 'NONE', *, *, #7392, .F. ) ;
#2205 = EDGE_CURVE ( 'NONE', #4992, #1908, #4124, .T. ) ;
#2206 = DIRECTION ( 'NONE',  ( 0.000000000000000000, -0.000000000000000000, 1.000000000000000000 ) ) ;
#2207 = PLANE ( 'NONE',  #8017 ) ;
#2208 = CARTESIAN_POINT ( 'NONE',  ( -1.999999999999999112, 0.6664761515876242992, 0.3700000000000001066 ) ) ;
#2209 = PLANE ( 'NONE',  #5869 ) ;
#2210 = CARTESIAN_POINT ( 'NONE',  ( -1.149999999999999911, 0.05000000000000012768, 1.149999999999999467 ) ) ;
#2211 = ORIENTED_EDGE ( 'NONE', *, *, #5374, .T. ) ;
#2212 = ORIENTED_EDGE ( 'NONE', *, *, #2153, .F. ) ;
#2213 = EDGE_CURVE ( 'NONE', #5309, #3099, #6878, .T. ) ;
#2214 = DIRECTION ( 'NONE',  ( 0.000000000000000000, 0.000000000000000000, -1.000000000000000000 ) ) ;
#2215 = DIRECTION ( 'NONE',  ( -0.000000000000000000, -1.000000000000000000, -0.000000000000000000 ) ) ;
#2216 = ORIENTED_EDGE ( 'NONE', *, *, #5830, .T. ) ;
#2217 = EDGE_CURVE ( 'NONE', #6903, #6275, #6956, .T. ) ;
#2218 = EDGE_CURVE ( 'NONE', #1125, #1701, #993, .T. ) ;
#2219 = EDGE_LOOP ( 'NONE', ( #7266, #7102, #2758, #5727 ) ) ;
#2220 = VECTOR ( 'NONE', #405, 1000.000000000000000 ) ;
#2221 = VECTOR ( 'NONE', #17, 1000.000000000000000 ) ;
#2222 = VERTEX_POINT ( 'NONE', #772 ) ;
#2223 = EDGE_LOOP ( 'NONE', ( #5671, #8583, #185, #1402 ) ) ;
#2224 = CARTESIAN_POINT ( 'NONE',  ( -1.999999999999999112, 0.6664761515876242992, -0.8699999999999994404 ) ) ;
#2225 = CARTESIAN_POINT ( 'NONE',  ( -0.2499999999999993616, 0.04999999999999999584, 1.720000000000000862 ) ) ;
#2226 = DIRECTION ( 'NONE',  ( 0.000000000000000000, 1.000000000000000000, 0.000000000000000000 ) ) ;
#2227 = CARTESIAN_POINT ( 'NONE',  ( -1.719999999999998863, 0.6664761515876242992, 0.6300000000000005596 ) ) ;
#2228 = VECTOR ( 'NONE', #996, 1000.000000000000000 ) ;
#2229 = ORIENTED_EDGE ( 'NONE', *, *, #2405, .F. ) ;
#2230 = DIRECTION ( 'NONE',  ( 0.000000000000000000, -0.000000000000000000, 1.000000000000000000 ) ) ;
#2231 = CARTESIAN_POINT ( 'NONE',  ( -1.719999999999998863, 0.6664761515876242992, -0.1299999999999998934 ) ) ;
#2232 = EDGE_CURVE ( 'NONE', #1279, #2767, #3952, .T. ) ;
#2233 = FACE_OUTER_BOUND ( 'NONE', #6021, .T. ) ;
#2234 = AXIS2_PLACEMENT_3D ( 'NONE', #3800, #2667, #3974 ) ;
#2235 = ORIENTED_EDGE ( 'NONE', *, *, #83, .T. ) ;
#2236 = LINE ( 'NONE', #1195, #5223 ) ;
#2237 = ORIENTED_EDGE ( 'NONE', *, *, #3355, .F. ) ;
#2238 = ORIENTED_EDGE ( 'NONE', *, *, #937, .F. ) ;
#2239 = LINE ( 'NONE', #4005, #5024 ) ;
#2240 = ORIENTED_EDGE ( 'NONE', *, *, #8370, .T. ) ;
#2241 = CARTESIAN_POINT ( 'NONE',  ( -1.999999999999999112, 7.656854249492380582, -2.000000000000000444 ) ) ;
#2242 = CARTESIAN_POINT ( 'NONE',  ( -1.719999999999998863, 0.000000000000000000, -0.8699999999999996625 ) ) ;
#2243 = DIRECTION ( 'NONE',  ( -1.000000000000000000, 0.000000000000000000, -1.734723475976807094E-16 ) ) ;
#2244 = CARTESIAN_POINT ( 'NONE',  ( 1.719999999999998863, 0.1999999999999999833, -0.6299999999999998934 ) ) ;
#2245 = EDGE_CURVE ( 'NONE', #7605, #2745, #6896, .T. ) ;
#2246 = LINE ( 'NONE', #575, #1992 ) ;
#2247 = ORIENTED_EDGE ( 'NONE', *, *, #5339, .T. ) ;
#2248 = CARTESIAN_POINT ( 'NONE',  ( -1.129999999999999449, 0.000000000000000000, 1.720000000000000862 ) ) ;
#2249 = VECTOR ( 'NONE', #887, 1000.000000000000000 ) ;
#2250 = ORIENTED_EDGE ( 'NONE', *, *, #2564, .F. ) ;
#2251 = ORIENTED_EDGE ( 'NONE', *, *, #7469, .F. ) ;
#2252 = ORIENTED_EDGE ( 'NONE', *, *, #2765, .F. ) ;
#2253 = AXIS2_PLACEMENT_3D ( 'NONE', #6767, #2832, #685 ) ;
#2254 = ADVANCED_FACE ( 'NONE', ( #6846 ), #2868, .F. ) ;
#2255 = CARTESIAN_POINT ( 'NONE',  ( 1.370000000000000107, 0.000000000000000000, -2.000000000000000888 ) ) ;
#2256 = LINE ( 'NONE', #8614, #5172 ) ;
#2257 = CARTESIAN_POINT ( 'NONE',  ( 1.719999999999998863, 0.6664761515876242992, -0.3699999999999996625 ) ) ;
#2258 = ORIENTED_EDGE ( 'NONE', *, *, #5864, .T. ) ;
#2259 = CARTESIAN_POINT ( 'NONE',  ( 1.130000000000000782, 0.2000000000000000111, 1.720000000000000862 ) ) ;
#2260 = DIRECTION ( 'NONE',  ( -1.000000000000000000, 0.000000000000000000, 0.000000000000000000 ) ) ;
#2261 = CARTESIAN_POINT ( 'NONE',  ( 2.000000000000000888, 1.000000000000000000, 1.999999999999999112 ) ) ;
#2262 = MECHANICAL_DESIGN_GEOMETRIC_PRESENTATION_REPRESENTATION (  '', ( #5211 ), #329 ) ;
#2263 = VECTOR ( 'NONE', #6570, 1000.000000000000000 ) ;
#2264 = CARTESIAN_POINT ( 'NONE',  ( 1.999999999999999112, 0.1999999999999999833, -0.6299999999999998934 ) ) ;
#2265 = VECTOR ( 'NONE', #4268, 1000.000000000000000 ) ;
#2266 = ORIENTED_EDGE ( 'NONE', *, *, #2205, .T. ) ;
#2267 = ORIENTED_EDGE ( 'NONE', *, *, #2416, .F. ) ;
#2268 = AXIS2_PLACEMENT_3D ( 'NONE', #2282, #7710, #7814 ) ;
#2269 = CARTESIAN_POINT ( 'NONE',  ( 0.3700000000000005507, 0.000000000000000000, 2.000000000000000888 ) ) ;
#2270 = DIRECTION ( 'NONE',  ( -0.000000000000000000, -1.000000000000000000, -0.000000000000000000 ) ) ;
#2271 = EDGE_LOOP ( 'NONE', ( #2452, #8016, #4673, #8516 ) ) ;
#2272 = STYLED_ITEM ( 'NONE', ( #853 ), #5264 ) ;
#2273 = AXIS2_PLACEMENT_3D ( 'NONE', #6469, #469, #7166 ) ;
#2274 = ADVANCED_FACE ( 'NONE', ( #3984 ), #6679, .F. ) ;
#2275 = ORIENTED_EDGE ( 'NONE', *, *, #3381, .F. ) ;
#2276 = CIRCLE ( 'NONE', #238, 0.1199999999999998845 ) ;
#2277 = VECTOR ( 'NONE', #5500, 1000.000000000000000 ) ;
#2278 = CARTESIAN_POINT ( 'NONE',  ( -1.719999999999998863, 0.1999999999999999833, -0.8699999999999994404 ) ) ;
#2279 = ORIENTED_EDGE ( 'NONE', *, *, #4418, .T. ) ;
#2280 = ORIENTED_EDGE ( 'NONE', *, *, #8118, .T. ) ;
#2281 = EDGE_CURVE ( 'NONE', #8036, #6996, #1177, .T. ) ;
#2282 = CARTESIAN_POINT ( 'NONE',  ( 1.250000000000000222, 0.000000000000000000, -1.720000000000000862 ) ) ;
#2283 = CARTESIAN_POINT ( 'NONE',  ( 0.1300000000000007816, 0.2000000000000000111, 2.000000000000000888 ) ) ;
#2284 = CARTESIAN_POINT ( 'NONE',  ( 1.719999999999998863, 0.6664761515876242992, 0.3700000000000001066 ) ) ;
#2285 = FACE_BOUND ( 'NONE', #4762, .T. ) ;
#2286 = VERTEX_POINT ( 'NONE', #8163 ) ;
#2287 = CARTESIAN_POINT ( 'NONE',  ( 2.000000000000000888, 0.05000000000000000278, 1.999999999999999112 ) ) ;
#2288 = FILL_AREA_STYLE_COLOUR ( '', #4508 ) ;
#2289 =( NAMED_UNIT ( * ) SI_UNIT ( $, .STERADIAN. ) SOLID_ANGLE_UNIT ( ) );
#2290 = AXIS2_PLACEMENT_3D ( 'NONE', #4960, #3664, #6851 ) ;
#2291 = AXIS2_PLACEMENT_3D ( 'NONE', #1119, #4456, #1754 ) ;
#2292 = ORIENTED_EDGE ( 'NONE', *, *, #6908, .T. ) ;
#2293 = LINE ( 'NONE', #7194, #8003 ) ;
#2294 = ORIENTED_EDGE ( 'NONE', *, *, #4934, .T. ) ;
#2295 = VERTEX_POINT ( 'NONE', #2933 ) ;
#2296 = CIRCLE ( 'NONE', #229, 0.1199999999999998845 ) ;
#2297 = EDGE_CURVE ( 'NONE', #5304, #7193, #3890, .T. ) ;
#2298 = ORIENTED_EDGE ( 'NONE', *, *, #943, .T. ) ;
#2299 = DIRECTION ( 'NONE',  ( -0.000000000000000000, -1.000000000000000000, -0.000000000000000000 ) ) ;
#2300 = DIRECTION ( 'NONE',  ( 0.000000000000000000, 0.000000000000000000, -1.000000000000000000 ) ) ;
#2301 = PLANE ( 'NONE',  #7707 ) ;
#2302 = CARTESIAN_POINT ( 'NONE',  ( 1.719999999999998863, 0.6664761515876242992, -0.1299999999999998934 ) ) ;
#2303 = CARTESIAN_POINT ( 'NONE',  ( 0.6300000000000007816, 0.6664761515876238551, 1.720000000000000862 ) ) ;
#2304 = CARTESIAN_POINT ( 'NONE',  ( 0.6300000000000003375, 0.000000000000000000, -2.000000000000000888 ) ) ;
#2305 = VECTOR ( 'NONE', #1287, 1000.000000000000000 ) ;
#2306 = AXIS2_PLACEMENT_3D ( 'NONE', #5693, #1715, #1923 ) ;
#2307 = VERTEX_POINT ( 'NONE', #319 ) ;
#2308 = CARTESIAN_POINT ( 'NONE',  ( 1.250000000000000666, 0.2000000000000000111, 1.600000000000000977 ) ) ;
#2309 = EDGE_CURVE ( 'NONE', #7753, #6497, #6980, .T. ) ;
#2310 = DIRECTION ( 'NONE',  ( 0.000000000000000000, 1.000000000000000000, 0.000000000000000000 ) ) ;
#2311 = VECTOR ( 'NONE', #8271, 1000.000000000000000 ) ;
#2312 = VECTOR ( 'NONE', #7320, 1000.000000000000000 ) ;
#2313 = ORIENTED_EDGE ( 'NONE', *, *, #5054, .T. ) ;
#2314 = EDGE_LOOP ( 'NONE', ( #3548, #6655, #4042, #6796 ) ) ;
#2315 = CIRCLE ( 'NONE', #4590, 0.1199999999999998845 ) ;
#2316 = EDGE_LOOP ( 'NONE', ( #999, #8522, #5588, #1104 ) ) ;
#2317 = EDGE_CURVE ( 'NONE', #5782, #5290, #6909, .T. ) ;
#2318 = SURFACE_SIDE_STYLE ('',( #1929 ) ) ;
#2319 = EDGE_CURVE ( 'NONE', #8603, #158, #6799, .T. ) ;
#2320 = DIRECTION ( 'NONE',  ( 1.000000000000000000, 0.000000000000000000, 7.744301232039308793E-16 ) ) ;
#2321 = VERTEX_POINT ( 'NONE', #7394 ) ;
#2322 = DIRECTION ( 'NONE',  ( 0.000000000000000000, 1.000000000000000000, 0.000000000000000000 ) ) ;
#2323 = FILL_AREA_STYLE_COLOUR ( '', #7587 ) ;
#2324 = DIRECTION ( 'NONE',  ( 0.000000000000000000, 0.000000000000000000, 1.000000000000000000 ) ) ;
#2325 = LINE ( 'NONE', #5654, #5149 ) ;
#2326 = CARTESIAN_POINT ( 'NONE',  ( 1.719999999999998863, 0.6664761515876242992, 0.6300000000000003375 ) ) ;
#2327 = PLANE ( 'NONE',  #507 ) ;
#2328 = EDGE_CURVE ( 'NONE', #30, #4682, #1025, .T. ) ;
#2329 = FACE_OUTER_BOUND ( 'NONE', #2696, .T. ) ;
#2330 = EDGE_LOOP ( 'NONE', ( #4458, #3973, #2987, #5868 ) ) ;
#2331 = EDGE_LOOP ( 'NONE', ( #4983, #4998, #990, #3502 ) ) ;
#2332 = CARTESIAN_POINT ( 'NONE',  ( -0.2499999999999997780, 0.2000000000000000111, -1.720000000000000862 ) ) ;
#2333 = ORIENTED_EDGE ( 'NONE', *, *, #187, .T. ) ;
#2334 = ADVANCED_FACE ( 'NONE', ( #3926 ), #5381, .F. ) ;
#2335 = VECTOR ( 'NONE', #1483, 1000.000000000000000 ) ;
#2336 = EDGE_CURVE ( 'NONE', #8605, #6627, #7046, .T. ) ;
#2337 = ADVANCED_FACE ( 'NONE', ( #6832 ), #1107, .T. ) ;
#2338 = EDGE_CURVE ( 'NONE', #5766, #3337, #1223, .T. ) ;
#2339 = DIRECTION ( 'NONE',  ( -0.000000000000000000, -0.000000000000000000, 1.000000000000000000 ) ) ;
#2340 = ORIENTED_EDGE ( 'NONE', *, *, #3765, .T. ) ;
#2341 = VERTEX_POINT ( 'NONE', #5673 ) ;
#2342 = DIRECTION ( 'NONE',  ( -0.000000000000000000, 0.000000000000000000, 1.000000000000000000 ) ) ;
#2343 = CARTESIAN_POINT ( 'NONE',  ( 1.999999999999999112, 0.6664761515876242992, 0.3700000000000001066 ) ) ;
#2344 = CARTESIAN_POINT ( 'NONE',  ( -1.250000000000000000, 0.000000000000000000, -1.150000000000000133 ) ) ;
#2345 = CARTESIAN_POINT ( 'NONE',  ( 1.130000000000000338, 0.1999999999999999833, -2.000000000000000888 ) ) ;
#2346 = SURFACE_STYLE_FILL_AREA ( #5441 ) ;
#2347 = CLOSED_SHELL ( 'NONE', ( #7100, #7481, #7329, #4791, #3792, #2337 ) ) ;
#2348 = DIRECTION ( 'NONE',  ( 0.000000000000000000, -0.000000000000000000, 1.000000000000000000 ) ) ;
#2349 = AXIS2_PLACEMENT_3D ( 'NONE', #4347, #953, #442 ) ;
#2350 = DIRECTION ( 'NONE',  ( 0.000000000000000000, -1.000000000000000000, 0.000000000000000000 ) ) ;
#2351 = DIRECTION ( 'NONE',  ( -0.000000000000000000, -1.000000000000000000, -0.000000000000000000 ) ) ;
#2352 = CARTESIAN_POINT ( 'NONE',  ( 0.6300000000000007816, 0.000000000000000000, 2.000000000000000888 ) ) ;
#2353 = ADVANCED_FACE ( 'NONE', ( #6732 ), #5096, .T. ) ;
#2354 = CIRCLE ( 'NONE', #3630, 0.1199999999999998845 ) ;
#2355 = VERTEX_POINT ( 'NONE', #4445 ) ;
#2356 = LINE ( 'NONE', #2814, #2387 ) ;
#2357 = ORIENTED_EDGE ( 'NONE', *, *, #4162, .T. ) ;
#2358 = EDGE_CURVE ( 'NONE', #5876, #2812, #4110, .T. ) ;
#2359 = ORIENTED_EDGE ( 'NONE', *, *, #5991, .F. ) ;
#2360 = DIRECTION ( 'NONE',  ( 0.000000000000000000, 0.000000000000000000, 1.000000000000000000 ) ) ;
#2361 = SURFACE_STYLE_USAGE ( .BOTH. , #485 ) ;
#2362 = CARTESIAN_POINT ( 'NONE',  ( -1.150000000000000133, 3.735533905932738374, 1.149999999999999689 ) ) ;
#2363 = DIRECTION ( 'NONE',  ( -0.000000000000000000, 0.000000000000000000, 1.000000000000000000 ) ) ;
#2364 = VECTOR ( 'NONE', #3426, 1000.000000000000000 ) ;
#2365 = ORIENTED_EDGE ( 'NONE', *, *, #7750, .F. ) ;
#2366 = CARTESIAN_POINT ( 'NONE',  ( 1.719999999999998863, 0.6664761515876242992, -0.8700000000000001066 ) ) ;
#2367 = AXIS2_PLACEMENT_3D ( 'NONE', #6893, #7685, #8374 ) ;
#2368 = DIRECTION ( 'NONE',  ( 1.000000000000000000, 0.000000000000000000, 0.000000000000000000 ) ) ;
#2369 = VECTOR ( 'NONE', #7271, 1000.000000000000000 ) ;
#2370 = CIRCLE ( 'NONE', #8534, 0.1000000000000000472 ) ;
#2371 = ORIENTED_EDGE ( 'NONE', *, *, #3478, .T. ) ;
#2372 = LINE ( 'NONE', #7718, #8397 ) ;
#2373 = ORIENTED_EDGE ( 'NONE', *, *, #5355, .T. ) ;
#2374 = MECHANICAL_DESIGN_GEOMETRIC_PRESENTATION_REPRESENTATION (  '', ( #147 ), #6751 ) ;
#2375 = AXIS2_PLACEMENT_3D ( 'NONE', #1899, #1050, #6586 ) ;
#2376 = DIRECTION ( 'NONE',  ( -0.000000000000000000, -1.000000000000000000, -0.000000000000000000 ) ) ;
#2377 = VECTOR ( 'NONE', #6382, 1000.000000000000000 ) ;
#2378 = ORIENTED_EDGE ( 'NONE', *, *, #6820, .F. ) ;
#2379 = CARTESIAN_POINT ( 'NONE',  ( -1.129999999999999893, 0.2000000000000000111, -1.720000000000000862 ) ) ;
#2380 = CARTESIAN_POINT ( 'NONE',  ( 0.1300000000000007816, 0.000000000000000000, 1.720000000000000862 ) ) ;
#2381 = CARTESIAN_POINT ( 'NONE',  ( 0.2500000000000006661, 0.04999999999999999584, 1.600000000000000977 ) ) ;
#2382 = CARTESIAN_POINT ( 'NONE',  ( -1.999999999999999112, 0.000000000000000000, 0.3700000000000001066 ) ) ;
#2383 = LINE ( 'NONE', #3208, #2627 ) ;
#2384 = VECTOR ( 'NONE', #3133, 1000.000000000000000 ) ;
#2385 = CARTESIAN_POINT ( 'NONE',  ( 0.8700000000000005507, 0.1999999999999999833, 2.000000000000000888 ) ) ;
#2386 = CARTESIAN_POINT ( 'NONE',  ( 0.8700000000000001066, 0.2000000000000000111, -2.000000000000000888 ) ) ;
#2387 = VECTOR ( 'NONE', #7462, 1000.000000000000000 ) ;
#2388 = AXIS2_PLACEMENT_3D ( 'NONE', #1848, #7227, #4679 ) ;
#2389 = ORIENTED_EDGE ( 'NONE', *, *, #4539, .T. ) ;
#2390 = MECHANICAL_DESIGN_GEOMETRIC_PRESENTATION_REPRESENTATION (  '', ( #1767 ), #4156 ) ;
#2391 = CLOSED_SHELL ( 'NONE', ( #877, #3147, #5170, #2334 ) ) ;
#2392 = EDGE_CURVE ( 'NONE', #930, #80, #1057, .T. ) ;
#2393 = ORIENTED_EDGE ( 'NONE', *, *, #1517, .T. ) ;
#2394 = FACE_OUTER_BOUND ( 'NONE', #6338, .T. ) ;
#2395 = COLOUR_RGB ( '',0.7921568627450980005, 0.8196078431372548767, 0.9333333333333333481 ) ;
#2396 = LINE ( 'NONE', #4769, #2249 ) ;
#2397 = ORIENTED_EDGE ( 'NONE', *, *, #208, .T. ) ;
#2398 = ORIENTED_EDGE ( 'NONE', *, *, #1489, .T. ) ;
#2399 = CARTESIAN_POINT ( 'NONE',  ( -1.249999999999999778, 0.2000000000000000111, -1.720000000000000862 ) ) ;
#2400 = PLANE ( 'NONE',  #4709 ) ;
#2401 = MECHANICAL_DESIGN_GEOMETRIC_PRESENTATION_REPRESENTATION (  '', ( #3257 ), #8609 ) ;
#2402 = DIRECTION ( 'NONE',  ( 0.000000000000000000, 1.000000000000000000, 0.000000000000000000 ) ) ;
#2403 = VECTOR ( 'NONE', #2351, 1000.000000000000000 ) ;
#2404 = ORIENTED_EDGE ( 'NONE', *, *, #4578, .F. ) ;
#2405 = EDGE_CURVE ( 'NONE', #2918, #5802, #1268, .T. ) ;
#2406 = ADVANCED_FACE ( 'NONE', ( #4159 ), #3202, .F. ) ;
#2407 = CARTESIAN_POINT ( 'NONE',  ( -1.999999999999999112, 0.6664761515876242992, -1.369999999999999440 ) ) ;
#2408 = DIRECTION ( 'NONE',  ( -0.000000000000000000, -1.000000000000000000, -0.000000000000000000 ) ) ;
#2409 = LINE ( 'NONE', #177, #2364 ) ;
#2410 = ORIENTED_EDGE ( 'NONE', *, *, #3294, .T. ) ;
#2411 = CIRCLE ( 'NONE', #8014, 0.1199999999999998845 ) ;
#2412 = FACE_OUTER_BOUND ( 'NONE', #4721, .T. ) ;
#2413 = VERTEX_POINT ( 'NONE', #3783 ) ;
#2414 = VERTEX_POINT ( 'NONE', #985 ) ;
#2415 = CARTESIAN_POINT ( 'NONE',  ( -0.8699999999999996625, 0.6664761515876238551, -1.720000000000000862 ) ) ;
#2416 = EDGE_CURVE ( 'NONE', #2745, #8297, #960, .T. ) ;
#2417 = CARTESIAN_POINT ( 'NONE',  ( -1.129999999999999449, 0.05000000000000000278, 0.000000000000000000 ) ) ;
#2418 = CARTESIAN_POINT ( 'NONE',  ( 0.3700000000000001066, 0.6664761515876238551, -2.000000000000000888 ) ) ;
#2419 = CARTESIAN_POINT ( 'NONE',  ( 0.6300000000000003375, 0.2000000000000000111, -1.720000000000000862 ) ) ;
#2420 = PLANE ( 'NONE',  #4070 ) ;
#2421 = VERTEX_POINT ( 'NONE', #467 ) ;
#2422 = DIRECTION ( 'NONE',  ( -0.000000000000000000, 1.000000000000000000, -0.000000000000000000 ) ) ;
#2423 = UNCERTAINTY_MEASURE_WITH_UNIT (LENGTH_MEASURE( 1.000000000000000082E-05 ), #6974, 'distance_accuracy_value', 'NONE');
#2424 = CYLINDRICAL_SURFACE ( 'NONE', #8234, 0.1199999999999998845 ) ;
#2425 = DIRECTION ( 'NONE',  ( 0.000000000000000000, 1.000000000000000000, 0.000000000000000000 ) ) ;
#2426 = LINE ( 'NONE', #8144, #2311 ) ;
#2427 = LINE ( 'NONE', #834, #8051 ) ;
#2428 = ORIENTED_EDGE ( 'NONE', *, *, #6205, .F. ) ;
#2429 = LINE ( 'NONE', #4391, #8353 ) ;
#2430 = EDGE_CURVE ( 'NONE', #1428, #7487, #6769, .T. ) ;
#2431 = VERTEX_POINT ( 'NONE', #1798 ) ;
#2432 = EDGE_CURVE ( 'NONE', #1479, #2795, #4223, .T. ) ;
#2433 = EDGE_CURVE ( 'NONE', #2529, #248, #7081, .T. ) ;
#2434 = PLANE ( 'NONE',  #2568 ) ;
#2435 = LINE ( 'NONE', #6056, #2305 ) ;
#2436 = ORIENTED_EDGE ( 'NONE', *, *, #1063, .F. ) ;
#2437 = DIRECTION ( 'NONE',  ( -0.000000000000000000, -1.000000000000000000, -0.000000000000000000 ) ) ;
#2438 = DIRECTION ( 'NONE',  ( 0.000000000000000000, 0.000000000000000000, 1.000000000000000000 ) ) ;
#2439 = PLANE ( 'NONE',  #7706 ) ;
#2440 = CIRCLE ( 'NONE', #1559, 0.1000000000000000472 ) ;
#2441 = LINE ( 'NONE', #7642, #5345 ) ;
#2442 = CARTESIAN_POINT ( 'NONE',  ( 1.370000000000000551, 0.6664761515876238551, 2.000000000000000888 ) ) ;
#2443 = CARTESIAN_POINT ( 'NONE',  ( -1.636363636363635132, 1.000000000000000000, -1.803030301363636845 ) ) ;
#2444 = VECTOR ( 'NONE', #1588, 1000.000000000000000 ) ;
#2445 = ORIENTED_EDGE ( 'NONE', *, *, #4418, .F. ) ;
#2446 = FACE_OUTER_BOUND ( 'NONE', #7090, .T. ) ;
#2447 = CARTESIAN_POINT ( 'NONE',  ( 0.000000000000000000, 0.05000000000000000278, 0.000000000000000000 ) ) ;
#2448 = ORIENTED_EDGE ( 'NONE', *, *, #5148, .T. ) ;
#2449 = EDGE_CURVE ( 'NONE', #8600, #5038, #7104, .T. ) ;
#2450 = EDGE_CURVE ( 'NONE', #6858, #5225, #1309, .T. ) ;
#2451 = LINE ( 'NONE', #486, #5189 ) ;
#2452 = ORIENTED_EDGE ( 'NONE', *, *, #3027, .F. ) ;
#2453 = AXIS2_PLACEMENT_3D ( 'NONE', #168, #6162, #8171 ) ;
#2454 = LINE ( 'NONE', #1115, #5551 ) ;
#2455 = LINE ( 'NONE', #2873, #5378 ) ;
#2456 = DIRECTION ( 'NONE',  ( -1.000000000000000000, 0.000000000000000000, -0.000000000000000000 ) ) ;
#2457 = VERTEX_POINT ( 'NONE', #3042 ) ;
#2458 = DIRECTION ( 'NONE',  ( 0.000000000000000000, 1.000000000000000000, 0.000000000000000000 ) ) ;
#2459 = DIRECTION ( 'NONE',  ( -1.000000000000000000, 0.000000000000000000, 0.000000000000000000 ) ) ;
#2460 = CARTESIAN_POINT ( 'NONE',  ( -1.719999999999998863, 0.1999999999999999833, 1.130000000000000338 ) ) ;
#2461 = CIRCLE ( 'NONE', #6461, 0.1199999999999998845 ) ;
#2462 = DIRECTION ( 'NONE',  ( 0.000000000000000000, 0.000000000000000000, 1.000000000000000000 ) ) ;
#2463 = MECHANICAL_DESIGN_GEOMETRIC_PRESENTATION_REPRESENTATION (  '', ( #3017 ), #8117 ) ;
#2464 = DIRECTION ( 'NONE',  ( 0.000000000000000000, 0.000000000000000000, 1.000000000000000000 ) ) ;
#2465 = DIRECTION ( 'NONE',  ( 0.000000000000000000, 0.000000000000000000, -1.000000000000000000 ) ) ;
#2466 = CARTESIAN_POINT ( 'NONE',  ( -0.1299999999999998934, 0.2000000000000000111, -2.000000000000000888 ) ) ;
#2467 = EDGE_CURVE ( 'NONE', #6390, #6858, #4245, .T. ) ;
#2468 = VECTOR ( 'NONE', #4620, 1000.000000000000000 ) ;
#2469 = ORIENTED_EDGE ( 'NONE', *, *, #5069, .T. ) ;
#2470 = VECTOR ( 'NONE', #8032, 1000.000000000000000 ) ;
#2471 = VECTOR ( 'NONE', #6446, 1000.000000000000000 ) ;
#2472 = ORIENTED_EDGE ( 'NONE', *, *, #4087, .F. ) ;
#2473 = LINE ( 'NONE', #1059, #5509 ) ;
#2474 = VERTEX_POINT ( 'NONE', #520 ) ;
#2475 = PLANE ( 'NONE',  #1218 ) ;
#2476 = ADVANCED_FACE ( 'NONE', ( #1537 ), #1847, .F. ) ;
#2477 = STYLED_ITEM ( 'NONE', ( #6758 ), #5714 ) ;
#2478 = CARTESIAN_POINT ( 'NONE',  ( 1.149999999999999911, 0.2000000000000000944, 1.250000000000000222 ) ) ;
#2479 = CARTESIAN_POINT ( 'NONE',  ( 1.719999999999998863, 0.000000000000000000, -1.369999999999999662 ) ) ;
#2480 = DIRECTION ( 'NONE',  ( -0.000000000000000000, 0.000000000000000000, 1.000000000000000000 ) ) ;
#2481 = CARTESIAN_POINT ( 'NONE',  ( -1.999999999999999112, 0.1999999999999999833, -0.3699999999999994404 ) ) ;
#2482 = FACE_OUTER_BOUND ( 'NONE', #1006, .T. ) ;
#2483 = EDGE_LOOP ( 'NONE', ( #5238, #1322, #6963, #3675 ) ) ;
#2484 = CARTESIAN_POINT ( 'NONE',  ( -1.636363636363635132, 0.9000000000000000222, -1.636363636363636909 ) ) ;
#2485 = CARTESIAN_POINT ( 'NONE',  ( -1.636363636363635132, 0.9000000000000000222, -1.469696971363636973 ) ) ;
#2486 = ADVANCED_FACE ( 'NONE', ( #4493 ), #7272, .T. ) ;
#2487 = PLANE ( 'NONE',  #2929 ) ;
#2488 = ORIENTED_EDGE ( 'NONE', *, *, #572, .F. ) ;
#2489 = ORIENTED_EDGE ( 'NONE', *, *, #8120, .F. ) ;
#2490 = EDGE_CURVE ( 'NONE', #6598, #30, #7305, .T. ) ;
#2491 = AXIS2_PLACEMENT_3D ( 'NONE', #7596, #4955, #4231 ) ;
#2492 = VECTOR ( 'NONE', #4788, 1000.000000000000000 ) ;
#2493 = EDGE_LOOP ( 'NONE', ( #7638, #2517, #5301, #652 ) ) ;
#2494 = DIRECTION ( 'NONE',  ( -0.000000000000000000, -1.000000000000000000, -0.000000000000000000 ) ) ;
#2495 = EDGE_CURVE ( 'NONE', #5612, #6092, #4262, .T. ) ;
#2496 = ADVANCED_FACE ( 'NONE', ( #4275 ), #5397, .F. ) ;
#2497 = VECTOR ( 'NONE', #7075, 1000.000000000000000 ) ;
#2498 = ORIENTED_EDGE ( 'NONE', *, *, #8074, .T. ) ;
#2499 = CARTESIAN_POINT ( 'NONE',  ( 0.2500000000000006661, 0.2000000000000000111, 1.720000000000000862 ) ) ;
#2500 = DIRECTION ( 'NONE',  ( 0.000000000000000000, -0.000000000000000000, 1.000000000000000000 ) ) ;
#2501 = FACE_OUTER_BOUND ( 'NONE', #1534, .T. ) ;
#2502 = CARTESIAN_POINT ( 'NONE',  ( -1.250000000000000000, 3.735533905932738374, -1.150000000000000133 ) ) ;
#2503 = DIRECTION ( 'NONE',  ( 0.000000000000000000, 1.000000000000000000, 0.000000000000000000 ) ) ;
#2504 = LINE ( 'NONE', #5874, #5447 ) ;
#2505 = EDGE_LOOP ( 'NONE', ( #6802, #4090, #1914, #1928 ) ) ;
#2506 = VECTOR ( 'NONE', #5847, 1000.000000000000000 ) ;
#2507 = EDGE_CURVE ( 'NONE', #699, #4014, #7257, .T. ) ;
#2508 = CARTESIAN_POINT ( 'NONE',  ( -0.8699999999999996625, 0.04999999999999969746, -2.000000000000000888 ) ) ;
#2509 = ORIENTED_EDGE ( 'NONE', *, *, #6170, .T. ) ;
#2510 = VECTOR ( 'NONE', #6172, 1000.000000000000000 ) ;
#2511 = AXIS2_PLACEMENT_3D ( 'NONE', #1697, #4879, #8177 ) ;
#2512 = ORIENTED_EDGE ( 'NONE', *, *, #4353, .T. ) ;
#2513 = LINE ( 'NONE', #3922, #2559 ) ;
#2514 = CIRCLE ( 'NONE', #3910, 0.1199999999999998845 ) ;
#2515 = PLANE ( 'NONE',  #5955 ) ;
#2516 = CARTESIAN_POINT ( 'NONE',  ( -0.7499999999999993339, 0.000000000000000000, 1.720000000000000862 ) ) ;
#2517 = ORIENTED_EDGE ( 'NONE', *, *, #1611, .T. ) ;
#2518 = CARTESIAN_POINT ( 'NONE',  ( 0.7500000000000006661, 0.000000000000000000, 1.720000000000000862 ) ) ;
#2519 = DIRECTION ( 'NONE',  ( 0.000000000000000000, 0.000000000000000000, -1.000000000000000000 ) ) ;
#2520 = CARTESIAN_POINT ( 'NONE',  ( 1.250000000000000000, 0.2000000000000000944, 1.150000000000000133 ) ) ;
#2521 = VECTOR ( 'NONE', #7173, 1000.000000000000000 ) ;
#2522 = ORIENTED_EDGE ( 'NONE', *, *, #2118, .T. ) ;
#2523 = DIRECTION ( 'NONE',  ( 0.000000000000000000, -0.000000000000000000, 1.000000000000000000 ) ) ;
#2524 = EDGE_CURVE ( 'NONE', #5281, #6126, #7287, .T. ) ;
#2525 = DIRECTION ( 'NONE',  ( -2.168404344971007685E-15, 0.000000000000000000, 1.000000000000000000 ) ) ;
#2526 = CARTESIAN_POINT ( 'NONE',  ( -1.249999999999999778, 0.2000000000000000111, -1.720000000000000862 ) ) ;
#2527 = CARTESIAN_POINT ( 'NONE',  ( 0.3700000000000001066, 0.6664761515876238551, -2.000000000000000888 ) ) ;
#2528 = VECTOR ( 'NONE', #4522, 1000.000000000000000 ) ;
#2529 = VERTEX_POINT ( 'NONE', #1418 ) ;
#2530 = EDGE_CURVE ( 'NONE', #2935, #4936, #4355, .T. ) ;
#2531 = CYLINDRICAL_SURFACE ( 'NONE', #7786, 0.1199999999999998845 ) ;
#2532 = EDGE_CURVE ( 'NONE', #2965, #6024, #7093, .T. ) ;
#2533 = CYLINDRICAL_SURFACE ( 'NONE', #4008, 0.1199999999999998845 ) ;
#2534 = CLOSED_SHELL ( 'NONE', ( #4067, #1155, #855, #4236, #3851, #4226, #737 ) ) ;
#2535 = ORIENTED_EDGE ( 'NONE', *, *, #5054, .F. ) ;
#2536 = DIRECTION ( 'NONE',  ( -0.000000000000000000, -1.000000000000000000, -0.000000000000000000 ) ) ;
#2537 = EDGE_CURVE ( 'NONE', #1743, #213, #4208, .T. ) ;
#2538 = DIRECTION ( 'NONE',  ( -0.000000000000000000, -0.000000000000000000, 1.000000000000000000 ) ) ;
#2539 = CARTESIAN_POINT ( 'NONE',  ( -1.999999999999999112, 0.04999999999999969746, -0.6299999999999998934 ) ) ;
#2540 = CARTESIAN_POINT ( 'NONE',  ( 1.719999999999998863, 0.1999999999999999833, -0.7500000000000002220 ) ) ;
#2541 = CARTESIAN_POINT ( 'NONE',  ( 1.370000000000000107, 0.04999999999999969746, -2.000000000000000888 ) ) ;
#2542 = LINE ( 'NONE', #4585, #8340 ) ;
#2543 = CARTESIAN_POINT ( 'NONE',  ( -0.1299999999999994771, 0.1999999999999999833, 2.000000000000000888 ) ) ;
#2544 = EDGE_CURVE ( 'NONE', #1260, #6530, #1503, .T. ) ;
#2545 = DIRECTION ( 'NONE',  ( 0.000000000000000000, 1.000000000000000000, 0.000000000000000000 ) ) ;
#2546 = CARTESIAN_POINT ( 'NONE',  ( -0.2499999999999993616, 0.000000000000000000, 1.600000000000000977 ) ) ;
#2547 = EDGE_CURVE ( 'NONE', #6497, #7331, #7221, .T. ) ;
#2548 = CIRCLE ( 'NONE', #3889, 0.1199999999999998845 ) ;
#2549 = VERTEX_POINT ( 'NONE', #4728 ) ;
#2550 = EDGE_LOOP ( 'NONE', ( #7791, #3826, #5122, #2041 ) ) ;
#2551 = VECTOR ( 'NONE', #4201, 1000.000000000000000 ) ;
#2552 = ORIENTED_EDGE ( 'NONE', *, *, #1474, .T. ) ;
#2553 = ADVANCED_FACE ( 'NONE', ( #1327 ), #7122, .T. ) ;
#2554 = CARTESIAN_POINT ( 'NONE',  ( 1.250000000000000222, 0.2000000000000000111, -1.720000000000000862 ) ) ;
#2555 = CYLINDRICAL_SURFACE ( 'NONE', #1350, 0.1199999999999998845 ) ;
#2556 = CARTESIAN_POINT ( 'NONE',  ( -0.2499999999999993616, 0.2000000000000000111, 1.600000000000000977 ) ) ;
#2557 = CARTESIAN_POINT ( 'NONE',  ( -0.3699999999999996625, 0.6664761515876238551, -1.720000000000000862 ) ) ;
#2558 = DIRECTION ( 'NONE',  ( -1.000000000000000000, 0.000000000000000000, -1.734723475976807094E-16 ) ) ;
#2559 = VECTOR ( 'NONE', #6025, 1000.000000000000000 ) ;
#2560 = MANIFOLD_SOLID_BREP ( 'LPattern3[6]', #2902 ) ;
#2561 = CARTESIAN_POINT ( 'NONE',  ( -1.719999999999998863, 0.05000000000000002359, -0.7499999999999995559 ) ) ;
#2562 = DIRECTION ( 'NONE',  ( -0.000000000000000000, -1.000000000000000000, -0.000000000000000000 ) ) ;
#2563 = VERTEX_POINT ( 'NONE', #7475 ) ;
#2564 = EDGE_CURVE ( 'NONE', #5609, #3072, #7178, .T. ) ;
#2565 = LINE ( 'NONE', #2959, #8300 ) ;
#2566 = CARTESIAN_POINT ( 'NONE',  ( 0.1300000000000003375, 0.000000000000000000, -1.720000000000000862 ) ) ;
#2567 = EDGE_LOOP ( 'NONE', ( #7059, #8113 ) ) ;
#2568 = AXIS2_PLACEMENT_3D ( 'NONE', #3869, #1148, #5253 ) ;
#2569 = ADVANCED_FACE ( 'NONE', ( #1592 ), #4182, .F. ) ;
#2570 = VERTEX_POINT ( 'NONE', #6174 ) ;
#2571 = ORIENTED_EDGE ( 'NONE', *, *, #5515, .T. ) ;
#2572 = LINE ( 'NONE', #2583, #5392 ) ;
#2573 = CARTESIAN_POINT ( 'NONE',  ( 1.250000000000000000, 3.735533905932738374, -1.249999999999999778 ) ) ;
#2574 = CARTESIAN_POINT ( 'NONE',  ( -1.719999999999998863, 0.6664761515876242992, -1.129999999999999893 ) ) ;
#2575 = ORIENTED_EDGE ( 'NONE', *, *, #4742, .T. ) ;
#2576 = ORIENTED_EDGE ( 'NONE', *, *, #6569, .F. ) ;
#2577 = CARTESIAN_POINT ( 'NONE',  ( -1.719999999999998863, 0.1999999999999999833, -0.1299999999999998934 ) ) ;
#2578 = CARTESIAN_POINT ( 'NONE',  ( 0.2500000000000002220, 0.2000000000000000111, -1.720000000000000862 ) ) ;
#2579 = DIRECTION ( 'NONE',  ( 1.000000000000000000, -0.000000000000000000, -0.000000000000000000 ) ) ;
#2580 = ORIENTED_EDGE ( 'NONE', *, *, #2218, .F. ) ;
#2581 = CARTESIAN_POINT ( 'NONE',  ( 0.2500000000000002220, 0.000000000000000000, -1.720000000000000862 ) ) ;
#2582 = EDGE_CURVE ( 'NONE', #890, #7438, #4324, .T. ) ;
#2583 = CARTESIAN_POINT ( 'NONE',  ( -1.369999999999999662, 0.2000000000000000111, -2.000000000000000888 ) ) ;
#2584 = PRESENTATION_LAYER_ASSIGNMENT (  '', '', ( #6032 ) ) ;
#2585 = DIRECTION ( 'NONE',  ( 0.000000000000000000, 0.000000000000000000, -1.000000000000000000 ) ) ;
#2586 = ORIENTED_EDGE ( 'NONE', *, *, #2649, .F. ) ;
#2587 = EDGE_LOOP ( 'NONE', ( #6644, #2237, #2280, #2313 ) ) ;
#2588 = LINE ( 'NONE', #6669, #2470 ) ;
#2589 = SURFACE_STYLE_FILL_AREA ( #6161 ) ;
#2590 = AXIS2_PLACEMENT_3D ( 'NONE', #8591, #7873, #3896 ) ;
#2591 = ORIENTED_EDGE ( 'NONE', *, *, #1497, .T. ) ;
#2592 = ORIENTED_EDGE ( 'NONE', *, *, #3604, .F. ) ;
#2593 = AXIS2_PLACEMENT_3D ( 'NONE', #7135, #1924, #1824 ) ;
#2594 = ORIENTED_EDGE ( 'NONE', *, *, #623, .T. ) ;
#2595 = CARTESIAN_POINT ( 'NONE',  ( 1.999999999999999112, 0.000000000000000000, 0.1300000000000005596 ) ) ;
#2596 = DIRECTION ( 'NONE',  ( 0.000000000000000000, -1.000000000000000000, 0.000000000000000000 ) ) ;
#2597 = CARTESIAN_POINT ( 'NONE',  ( -1.719999999999998863, 0.05000000000000002359, -0.3699999999999994404 ) ) ;
#2598 = DIRECTION ( 'NONE',  ( -7.744301232039308793E-16, 0.000000000000000000, 1.000000000000000000 ) ) ;
#2599 = PLANE ( 'NONE',  #1542 ) ;
#2600 = CARTESIAN_POINT ( 'NONE',  ( 1.719999999999998863, 0.000000000000000000, -0.1299999999999998934 ) ) ;
#2601 = DIRECTION ( 'NONE',  ( -0.000000000000000000, -1.000000000000000000, -0.000000000000000000 ) ) ;
#2602 = EDGE_CURVE ( 'NONE', #2691, #5281, #1440, .T. ) ;
#2603 = DIRECTION ( 'NONE',  ( 0.000000000000000000, 0.000000000000000000, -1.000000000000000000 ) ) ;
#2604 = CARTESIAN_POINT ( 'NONE',  ( -0.1299999999999998934, 0.05000000000000000278, 0.000000000000000000 ) ) ;
#2605 = ORIENTED_EDGE ( 'NONE', *, *, #4814, .F. ) ;
#2606 = ORIENTED_EDGE ( 'NONE', *, *, #3767, .F. ) ;
#2607 = CARTESIAN_POINT ( 'NONE',  ( 1.999999999999999112, 0.04999999999999969746, 1.130000000000000560 ) ) ;
#2608 = CARTESIAN_POINT ( 'NONE',  ( -0.2499999999999993616, 0.1999999999999999833, 1.720000000000000862 ) ) ;
#2609 = LINE ( 'NONE', #4633, #2659 ) ;
#2610 = DIRECTION ( 'NONE',  ( -0.000000000000000000, -1.000000000000000000, -0.000000000000000000 ) ) ;
#2611 = LINE ( 'NONE', #167, #8332 ) ;
#2612 = VERTEX_POINT ( 'NONE', #8185 ) ;
#2613 = ORIENTED_EDGE ( 'NONE', *, *, #6553, .T. ) ;
#2614 = AXIS2_PLACEMENT_3D ( 'NONE', #4605, #7700, #5261 ) ;
#2615 = LINE ( 'NONE', #4634, #2662 ) ;
#2616 = ORIENTED_EDGE ( 'NONE', *, *, #949, .F. ) ;
#2617 = AXIS2_PLACEMENT_3D ( 'NONE', #6371, #7622, #326 ) ;
#2618 = ORIENTED_EDGE ( 'NONE', *, *, #396, .F. ) ;
#2619 = DIRECTION ( 'NONE',  ( -0.000000000000000000, -1.000000000000000000, -0.000000000000000000 ) ) ;
#2620 = ORIENTED_EDGE ( 'NONE', *, *, #7358, .T. ) ;
#2621 = EDGE_CURVE ( 'NONE', #1204, #5999, #1456, .T. ) ;
#2622 = DIRECTION ( 'NONE',  ( 0.000000000000000000, 0.000000000000000000, -1.000000000000000000 ) ) ;
#2623 = DIRECTION ( 'NONE',  ( 0.000000000000000000, -1.000000000000000000, 0.000000000000000000 ) ) ;
#2624 = ORIENTED_EDGE ( 'NONE', *, *, #7488, .F. ) ;
#2625 = DIRECTION ( 'NONE',  ( 0.000000000000000000, 0.000000000000000000, 1.000000000000000000 ) ) ;
#2626 = DIRECTION ( 'NONE',  ( 0.000000000000000000, -0.000000000000000000, 1.000000000000000000 ) ) ;
#2627 = VECTOR ( 'NONE', #7821, 1000.000000000000000 ) ;
#2628 = DIRECTION ( 'NONE',  ( 1.000000000000000000, 0.000000000000000000, -7.744301232039308793E-16 ) ) ;
#2629 = ORIENTED_EDGE ( 'NONE', *, *, #1395, .T. ) ;
#2630 = CARTESIAN_POINT ( 'NONE',  ( 0.3700000000000005507, 0.1999999999999999833, 1.720000000000000862 ) ) ;
#2631 = SURFACE_STYLE_FILL_AREA ( #4269 ) ;
#2632 = DIRECTION ( 'NONE',  ( 0.000000000000000000, 0.000000000000000000, -1.000000000000000000 ) ) ;
#2633 = VERTEX_POINT ( 'NONE', #2577 ) ;
#2634 = AXIS2_PLACEMENT_3D ( 'NONE', #2526, #32, #637 ) ;
#2635 = EDGE_CURVE ( 'NONE', #5841, #3882, #1644, .T. ) ;
#2636 = ADVANCED_FACE ( 'NONE', ( #7526 ), #841, .F. ) ;
#2637 = ORIENTED_EDGE ( 'NONE', *, *, #572, .T. ) ;
#2638 = ORIENTED_EDGE ( 'NONE', *, *, #623, .F. ) ;
#2639 = VECTOR ( 'NONE', #7768, 1000.000000000000000 ) ;
#2640 = LINE ( 'NONE', #7741, #8436 ) ;
#2641 = DIRECTION ( 'NONE',  ( 0.000000000000000000, 0.000000000000000000, -1.000000000000000000 ) ) ;
#2642 = DIRECTION ( 'NONE',  ( 1.000000000000000000, -0.000000000000000000, 1.734723475976807094E-16 ) ) ;
#2643 = VERTEX_POINT ( 'NONE', #7725 ) ;
#2644 = EDGE_LOOP ( 'NONE', ( #5089, #3585, #800, #8298 ) ) ;
#2645 = CARTESIAN_POINT ( 'NONE',  ( 1.999999999999999112, 0.6664761515876242992, 1.130000000000000560 ) ) ;
#2646 = DIRECTION ( 'NONE',  ( -1.000000000000000000, 0.000000000000000000, 0.000000000000000000 ) ) ;
#2647 = DIRECTION ( 'NONE',  ( 0.000000000000000000, 1.000000000000000000, 0.000000000000000000 ) ) ;
#2648 = VECTOR ( 'NONE', #7945, 1000.000000000000000 ) ;
#2649 = EDGE_CURVE ( 'NONE', #277, #1561, #7657, .T. ) ;
#2650 = DIRECTION ( 'NONE',  ( 0.000000000000000000, -0.000000000000000000, 1.000000000000000000 ) ) ;
#2652 = EDGE_CURVE ( 'NONE', #4844, #6677, #7512, .T. ) ;
#2651 =( NAMED_UNIT ( * ) PLANE_ANGLE_UNIT ( ) SI_UNIT ( $, .RADIAN. ) );
#2653 = DIRECTION ( 'NONE',  ( 0.000000000000000000, 1.000000000000000000, 0.000000000000000000 ) ) ;
#2654 = PLANE ( 'NONE',  #8055 ) ;
#2655 = DIRECTION ( 'NONE',  ( 0.000000000000000000, 0.000000000000000000, -1.000000000000000000 ) ) ;
#2656 = VERTEX_POINT ( 'NONE', #4279 ) ;
#2657 = ORIENTED_EDGE ( 'NONE', *, *, #4446, .F. ) ;
#2658 = ORIENTED_EDGE ( 'NONE', *, *, #6712, .T. ) ;
#2659 = VECTOR ( 'NONE', #2350, 1000.000000000000000 ) ;
#2660 = FACE_OUTER_BOUND ( 'NONE', #7858, .T. ) ;
#2661 = ORIENTED_EDGE ( 'NONE', *, *, #2205, .F. ) ;
#2662 = VECTOR ( 'NONE', #7115, 1000.000000000000000 ) ;
#2663 = ORIENTED_EDGE ( 'NONE', *, *, #7038, .F. ) ;
#2664 = EDGE_CURVE ( 'NONE', #3015, #3773, #1666, .T. ) ;
#2665 = CARTESIAN_POINT ( 'NONE',  ( -1.250000000000000000, 0.2000000000000000944, -1.150000000000000133 ) ) ;
#2666 = CARTESIAN_POINT ( 'NONE',  ( 1.250000000000000000, 0.2000000000000000944, -1.249999999999999778 ) ) ;
#2667 = DIRECTION ( 'NONE',  ( 0.000000000000000000, -1.000000000000000000, 0.000000000000000000 ) ) ;
#2668 = EDGE_CURVE ( 'NONE', #1406, #2835, #7504, .T. ) ;
#2669 = FILL_AREA_STYLE ('',( #1510 ) ) ;
#2670 = DIRECTION ( 'NONE',  ( -1.000000000000000000, 0.000000000000000000, 0.000000000000000000 ) ) ;
#2671 = DIRECTION ( 'NONE',  ( 0.000000000000000000, -0.000000000000000000, 1.000000000000000000 ) ) ;
#2672 = ORIENTED_EDGE ( 'NONE', *, *, #5014, .T. ) ;
#2673 = VERTEX_POINT ( 'NONE', #4211 ) ;
#2674 =( NAMED_UNIT ( * ) PLANE_ANGLE_UNIT ( ) SI_UNIT ( $, .RADIAN. ) );
#2675 = VERTEX_POINT ( 'NONE', #6377 ) ;
#2676 = DIRECTION ( 'NONE',  ( 0.000000000000000000, 0.000000000000000000, 1.000000000000000000 ) ) ;
#2677 = CYLINDRICAL_SURFACE ( 'NONE', #4876, 0.1199999999999998845 ) ;
#2678 = ORIENTED_EDGE ( 'NONE', *, *, #2182, .F. ) ;
#2679 = EDGE_LOOP ( 'NONE', ( #1411, #1348, #7364, #3545 ) ) ;
#2680 = FACE_OUTER_BOUND ( 'NONE', #6068, .T. ) ;
#2681 = EDGE_CURVE ( 'NONE', #5269, #6024, #1629, .T. ) ;
#2682 = ORIENTED_EDGE ( 'NONE', *, *, #5339, .F. ) ;
#2683 = ORIENTED_EDGE ( 'NONE', *, *, #360, .F. ) ;
#2684 = DIRECTION ( 'NONE',  ( 1.000000000000000000, 0.000000000000000000, 7.744301232039308793E-16 ) ) ;
#2685 = ORIENTED_EDGE ( 'NONE', *, *, #8101, .T. ) ;
#2686 = CARTESIAN_POINT ( 'NONE',  ( -1.999999999999999112, 0.000000000000000000, 1.370000000000000107 ) ) ;
#2687 = DIRECTION ( 'NONE',  ( -0.000000000000000000, -1.000000000000000000, -0.000000000000000000 ) ) ;
#2688 = LINE ( 'NONE', #526, #5533 ) ;
#2689 = DIRECTION ( 'NONE',  ( 1.000000000000000000, -0.000000000000000000, 0.000000000000000000 ) ) ;
#2690 = LINE ( 'NONE', #4768, #5599 ) ;
#2691 = VERTEX_POINT ( 'NONE', #1763 ) ;
#2692 = VERTEX_POINT ( 'NONE', #3578 ) ;
#2693 = DIRECTION ( 'NONE',  ( 0.000000000000000000, 0.000000000000000000, -1.000000000000000000 ) ) ;
#2694 = ADVANCED_FACE ( 'NONE', ( #1741 ), #4627, .F. ) ;
#2695 = VERTEX_POINT ( 'NONE', #5572 ) ;
#2696 = EDGE_LOOP ( 'NONE', ( #3300, #6476, #6074, #6859 ) ) ;
#2697 = ORIENTED_EDGE ( 'NONE', *, *, #3476, .F. ) ;
#2698 = ORIENTED_EDGE ( 'NONE', *, *, #8120, .T. ) ;
#2699 = VECTOR ( 'NONE', #2689, 1000.000000000000000 ) ;
#2700 = DIRECTION ( 'NONE',  ( 0.000000000000000000, 0.000000000000000000, 1.000000000000000000 ) ) ;
#2701 = PRESENTATION_LAYER_ASSIGNMENT (  '', '', ( #147 ) ) ;
#2702 = ORIENTED_EDGE ( 'NONE', *, *, #6564, .T. ) ;
#2703 = ORIENTED_EDGE ( 'NONE', *, *, #7015, .T. ) ;
#2704 = SURFACE_SIDE_STYLE ('',( #4312 ) ) ;
#2705 = SURFACE_STYLE_USAGE ( .BOTH. , #7582 ) ;
#2706 = DIRECTION ( 'NONE',  ( -0.000000000000000000, -1.000000000000000000, -0.000000000000000000 ) ) ;
#2707 = AXIS2_PLACEMENT_3D ( 'NONE', #8291, #1987, #829 ) ;
#2708 = CYLINDRICAL_SURFACE ( 'NONE', #6181, 0.1199999999999998845 ) ;
#2709 = VERTEX_POINT ( 'NONE', #6946 ) ;
#2710 = CARTESIAN_POINT ( 'NONE',  ( -1.999999999999999112, 0.6664761515876242992, 1.130000000000000560 ) ) ;
#2711 = ADVANCED_FACE ( 'NONE', ( #4672 ), #6226, .F. ) ;
#2712 = FILL_AREA_STYLE ('',( #1298 ) ) ;
#2713 = DIRECTION ( 'NONE',  ( -0.000000000000000000, -1.000000000000000000, -0.000000000000000000 ) ) ;
#2714 = AXIS2_PLACEMENT_3D ( 'NONE', #842, #1547, #5398 ) ;
#2715 = AXIS2_PLACEMENT_3D ( 'NONE', #1450, #4044, #4757 ) ;
#2716 = ORIENTED_EDGE ( 'NONE', *, *, #6170, .F. ) ;
#2717 = EDGE_LOOP ( 'NONE', ( #430, #8070, #7995, #8040 ) ) ;
#2718 = EDGE_LOOP ( 'NONE', ( #7739, #5052, #7876, #394 ) ) ;
#2719 = LINE ( 'NONE', #7460, #5639 ) ;
#2720 = ORIENTED_EDGE ( 'NONE', *, *, #1665, .T. ) ;
#2721 = EDGE_LOOP ( 'NONE', ( #2576, #5448, #1049, #2592 ) ) ;
#2722 = SURFACE_STYLE_FILL_AREA ( #7080 ) ;
#2723 = EDGE_CURVE ( 'NONE', #5510, #6263, #1725, .T. ) ;
#2724 = ORIENTED_EDGE ( 'NONE', *, *, #1528, .T. ) ;
#2725 = CARTESIAN_POINT ( 'NONE',  ( -1.129999999999999893, 0.2000000000000000111, -1.720000000000000862 ) ) ;
#2726 = DIRECTION ( 'NONE',  ( 0.000000000000000000, 0.000000000000000000, -1.000000000000000000 ) ) ;
#2727 = DIRECTION ( 'NONE',  ( 0.000000000000000000, 0.000000000000000000, -1.000000000000000000 ) ) ;
#2728 = CARTESIAN_POINT ( 'NONE',  ( 1.719999999999998863, 0.1999999999999999833, -0.3700000000000001066 ) ) ;
#2729 = DIRECTION ( 'NONE',  ( 0.000000000000000000, -0.000000000000000000, 1.000000000000000000 ) ) ;
#2730 = CARTESIAN_POINT ( 'NONE',  ( -6.737542071874206548E-16, 0.05000000000000000278, -0.8700000000000009948 ) ) ;
#2731 = ORIENTED_EDGE ( 'NONE', *, *, #5475, .F. ) ;
#2732 = AXIS2_PLACEMENT_3D ( 'NONE', #870, #2852, #3500 ) ;
#2733 = ORIENTED_EDGE ( 'NONE', *, *, #2507, .T. ) ;
#2734 = SURFACE_STYLE_USAGE ( .BOTH. , #4755 ) ;
#2735 = EDGE_CURVE ( 'NONE', #7011, #20, #4612, .T. ) ;
#2736 = ORIENTED_EDGE ( 'NONE', *, *, #5277, .F. ) ;
#2737 = CARTESIAN_POINT ( 'NONE',  ( -1.719999999999998863, 0.6664761515876242992, -0.3699999999999996625 ) ) ;
#2738 = LINE ( 'NONE', #653, #5283 ) ;
#2739 = DIRECTION ( 'NONE',  ( 0.000000000000000000, -0.000000000000000000, 1.000000000000000000 ) ) ;
#2740 = VECTOR ( 'NONE', #6869, 1000.000000000000000 ) ;
#2741 = ORIENTED_EDGE ( 'NONE', *, *, #4850, .T. ) ;
#2742 = ORIENTED_EDGE ( 'NONE', *, *, #6693, .T. ) ;
#2743 = ORIENTED_EDGE ( 'NONE', *, *, #6374, .T. ) ;
#2744 = EDGE_CURVE ( 'NONE', #3109, #1016, #7614, .T. ) ;
#2745 = VERTEX_POINT ( 'NONE', #7676 ) ;
#2746 = ORIENTED_EDGE ( 'NONE', *, *, #1508, .F. ) ;
#2747 = PLANE ( 'NONE',  #2049 ) ;
#2748 = ORIENTED_EDGE ( 'NONE', *, *, #4206, .F. ) ;
#2749 = CARTESIAN_POINT ( 'NONE',  ( -1.250000000000000000, 0.05000000000000000278, -1.150000000000000133 ) ) ;
#2750 = DIRECTION ( 'NONE',  ( 0.000000000000000000, 0.000000000000000000, 1.000000000000000000 ) ) ;
#2751 = EDGE_CURVE ( 'NONE', #248, #7601, #1842, .T. ) ;
#2752 = ORIENTED_EDGE ( 'NONE', *, *, #5277, .T. ) ;
#2753 = ORIENTED_EDGE ( 'NONE', *, *, #5758, .F. ) ;
#2754 = DIRECTION ( 'NONE',  ( -0.000000000000000000, 0.000000000000000000, 1.000000000000000000 ) ) ;
#2755 = DIRECTION ( 'NONE',  ( -0.000000000000000000, -1.000000000000000000, -0.000000000000000000 ) ) ;
#2756 = VECTOR ( 'NONE', #186, 1000.000000000000000 ) ;
#2757 = DIRECTION ( 'NONE',  ( 0.000000000000000000, -1.000000000000000000, 0.000000000000000000 ) ) ;
#2758 = ORIENTED_EDGE ( 'NONE', *, *, #5900, .T. ) ;
#2759 = EDGE_LOOP ( 'NONE', ( #4847, #4707, #5590, #4690 ) ) ;
#2760 = LINE ( 'NONE', #7558, #2794 ) ;
#2761 = VERTEX_POINT ( 'NONE', #3638 ) ;
#2762 = EDGE_CURVE ( 'NONE', #2709, #4474, #4719, .T. ) ;
#2763 = UNCERTAINTY_MEASURE_WITH_UNIT (LENGTH_MEASURE( 1.000000000000000082E-05 ), #3172, 'distance_accuracy_value', 'NONE');
#2764 = EDGE_LOOP ( 'NONE', ( #2512, #7458, #1065, #5577 ) ) ;
#2765 = EDGE_CURVE ( 'NONE', #8259, #5626, #7543, .T. ) ;
#2766 = DIRECTION ( 'NONE',  ( 0.000000000000000000, 0.000000000000000000, -1.000000000000000000 ) ) ;
#2767 = VERTEX_POINT ( 'NONE', #8360 ) ;
#2768 = VERTEX_POINT ( 'NONE', #8416 ) ;
#2769 = CARTESIAN_POINT ( 'NONE',  ( -1.719999999999998863, 0.000000000000000000, 0.3700000000000001066 ) ) ;
#2770 = DIRECTION ( 'NONE',  ( -1.000000000000000000, 0.000000000000000000, 7.744301232039308793E-16 ) ) ;
#2771 = ADVANCED_FACE ( 'NONE', ( #7408 ), #3061, .F. ) ;
#2772 = CARTESIAN_POINT ( 'NONE',  ( -1.719999999999998863, 0.6664761515876242992, 0.3700000000000001066 ) ) ;
#2773 = FACE_OUTER_BOUND ( 'NONE', #1546, .T. ) ;
#2774 = VERTEX_POINT ( 'NONE', #39 ) ;
#2775 = DIRECTION ( 'NONE',  ( 0.000000000000000000, 1.000000000000000000, 0.000000000000000000 ) ) ;
#2776 = DIRECTION ( 'NONE',  ( 0.000000000000000000, -1.000000000000000000, 0.000000000000000000 ) ) ;
#2777 = ORIENTED_EDGE ( 'NONE', *, *, #6295, .F. ) ;
#2778 = ORIENTED_EDGE ( 'NONE', *, *, #2845, .F. ) ;
#2779 = EDGE_LOOP ( 'NONE', ( #4609, #7263, #7541, #5674 ) ) ;
#2780 = EDGE_CURVE ( 'NONE', #6600, #4230, #1755, .T. ) ;
#2781 = ORIENTED_EDGE ( 'NONE', *, *, #4994, .T. ) ;
#2782 = ORIENTED_EDGE ( 'NONE', *, *, #3389, .F. ) ;
#2783 = LINE ( 'NONE', #5011, #12 ) ;
#2784 = ORIENTED_EDGE ( 'NONE', *, *, #21, .T. ) ;
#2785 = DIRECTION ( 'NONE',  ( -1.000000000000000000, 0.000000000000000000, -0.000000000000000000 ) ) ;
#2786 = ADVANCED_FACE ( 'NONE', ( #1871 ), #2475, .F. ) ;
#2787 = CARTESIAN_POINT ( 'NONE',  ( 1.149999999999999911, 3.735533905932738374, -1.149999999999999689 ) ) ;
#2788 =( LENGTH_UNIT ( ) NAMED_UNIT ( * ) SI_UNIT ( .MILLI., .METRE. ) );
#2789 = DIRECTION ( 'NONE',  ( 0.000000000000000000, 0.000000000000000000, 1.000000000000000000 ) ) ;
#2790 = DIRECTION ( 'NONE',  ( 0.000000000000000000, 0.000000000000000000, -1.000000000000000000 ) ) ;
#2791 = DIRECTION ( 'NONE',  ( 0.000000000000000000, 1.000000000000000000, 0.000000000000000000 ) ) ;
#2792 = DIRECTION ( 'NONE',  ( 0.000000000000000000, 1.000000000000000000, 0.000000000000000000 ) ) ;
#2793 = ORIENTED_EDGE ( 'NONE', *, *, #2652, .F. ) ;
#2794 = VECTOR ( 'NONE', #8218, 1000.000000000000000 ) ;
#2795 = VERTEX_POINT ( 'NONE', #7890 ) ;
#2796 = ORIENTED_EDGE ( 'NONE', *, *, #6376, .F. ) ;
#2797 = CARTESIAN_POINT ( 'NONE',  ( 0.000000000000000000, 0.000000000000000000, 0.000000000000000000 ) ) ;
#2798 = ORIENTED_EDGE ( 'NONE', *, *, #2098, .F. ) ;
#2799 = VERTEX_POINT ( 'NONE', #8081 ) ;
#2800 = EDGE_CURVE ( 'NONE', #1216, #3733, #7555, .T. ) ;
#2801 =( GEOMETRIC_REPRESENTATION_CONTEXT ( 3 ) GLOBAL_UNCERTAINTY_ASSIGNED_CONTEXT ( ( #6373 ) ) GLOBAL_UNIT_ASSIGNED_CONTEXT ( ( #7492, #4954, #8270 ) ) REPRESENTATION_CONTEXT ( 'NONE', 'WORKASPACE' ) );
#2802 = ADVANCED_FACE ( 'NONE', ( #4783 ), #4031, .T. ) ;
#2803 = ORIENTED_EDGE ( 'NONE', *, *, #2881, .F. ) ;
#2804 = VECTOR ( 'NONE', #4700, 1000.000000000000000 ) ;
#2805 = VERTEX_POINT ( 'NONE', #4520 ) ;
#2806 = CARTESIAN_POINT ( 'NONE',  ( 2.000000000000000888, 7.656854249492380582, 1.999999999999999112 ) ) ;
#2807 = DIRECTION ( 'NONE',  ( 0.000000000000000000, 1.000000000000000000, 0.000000000000000000 ) ) ;
#2808 = ORIENTED_EDGE ( 'NONE', *, *, #6754, .F. ) ;
#2809 = SURFACE_SIDE_STYLE ('',( #783 ) ) ;
#2810 = DIRECTION ( 'NONE',  ( 0.000000000000000000, 1.000000000000000000, 0.000000000000000000 ) ) ;
#2811 = AXIS2_PLACEMENT_3D ( 'NONE', #4235, #5656, #2324 ) ;
#2812 = VERTEX_POINT ( 'NONE', #5857 ) ;
#2813 = ORIENTED_EDGE ( 'NONE', *, *, #411, .T. ) ;
#2814 = CARTESIAN_POINT ( 'NONE',  ( -1.369999999999999218, 0.2000000000000000111, 2.000000000000000888 ) ) ;
#2815 = CARTESIAN_POINT ( 'NONE',  ( 2.000000000000000888, 0.05000000000000000278, -2.000000000000000888 ) ) ;
#2816 = CARTESIAN_POINT ( 'NONE',  ( -1.719999999999998863, 0.000000000000000000, -0.6299999999999998934 ) ) ;
#2817 = ORIENTED_EDGE ( 'NONE', *, *, #7808, .T. ) ;
#2818 = PRESENTATION_LAYER_ASSIGNMENT (  '', '', ( #5211 ) ) ;
#2819 = EDGE_CURVE ( 'NONE', #4896, #6627, #1682, .T. ) ;
#2820 = EDGE_LOOP ( 'NONE', ( #5335, #8302, #3709, #1220 ) ) ;
#2821 = LINE ( 'NONE', #3407, #2915 ) ;
#2822 = AXIS2_PLACEMENT_3D ( 'NONE', #6080, #6716, #2084 ) ;
#2823 = EDGE_LOOP ( 'NONE', ( #2164, #5430, #3356, #445 ) ) ;
#2824 = ORIENTED_EDGE ( 'NONE', *, *, #2865, .F. ) ;
#2825 = DIRECTION ( 'NONE',  ( 1.000000000000000000, 0.000000000000000000, 7.744301232039308793E-16 ) ) ;
#2826 = AXIS2_PLACEMENT_3D ( 'NONE', #6573, #6987, #6868 ) ;
#2827 = CARTESIAN_POINT ( 'NONE',  ( -0.6299999999999994493, 0.2000000000000000111, 1.720000000000000862 ) ) ;
#2828 = ORIENTED_EDGE ( 'NONE', *, *, #2582, .T. ) ;
#2829 = DIRECTION ( 'NONE',  ( -0.000000000000000000, -1.000000000000000000, -0.000000000000000000 ) ) ;
#2830 = AXIS2_PLACEMENT_3D ( 'NONE', #2608, #3292, #7323 ) ;
#2831 = CARTESIAN_POINT ( 'NONE',  ( -0.3699999999999992184, 0.2000000000000000111, 2.000000000000000888 ) ) ;
#2832 = DIRECTION ( 'NONE',  ( -1.084202172485504681E-16, 0.000000000000000000, -1.000000000000000000 ) ) ;
#2833 = CARTESIAN_POINT ( 'NONE',  ( 1.719999999999998863, 0.6664761515876242992, -1.250000000000000222 ) ) ;
#2834 =( LENGTH_UNIT ( ) NAMED_UNIT ( * ) SI_UNIT ( .MILLI., .METRE. ) );
#2835 = VERTEX_POINT ( 'NONE', #1865 ) ;
#2836 = ORIENTED_EDGE ( 'NONE', *, *, #5664, .F. ) ;
#2837 = VERTEX_POINT ( 'NONE', #4644 ) ;
#2838 = VERTEX_POINT ( 'NONE', #1965 ) ;
#2839 = ORIENTED_EDGE ( 'NONE', *, *, #6094, .T. ) ;
#2840 = ADVANCED_FACE ( 'NONE', ( #4761 ), #8610, .F. ) ;
#2841 = LINE ( 'NONE', #5813, #5773 ) ;
#2842 = ORIENTED_EDGE ( 'NONE', *, *, #202, .F. ) ;
#2843 = STYLED_ITEM ( 'NONE', ( #5784 ), #7384 ) ;
#2844 = DIRECTION ( 'NONE',  ( -0.000000000000000000, 0.000000000000000000, 1.000000000000000000 ) ) ;
#2845 = EDGE_CURVE ( 'NONE', #1369, #195, #7426, .T. ) ;
#2846 = DIRECTION ( 'NONE',  ( 0.000000000000000000, 0.000000000000000000, -1.000000000000000000 ) ) ;
#2847 = CARTESIAN_POINT ( 'NONE',  ( 1.719999999999998863, 0.1999999999999999833, 0.8700000000000001066 ) ) ;
#2848 = CARTESIAN_POINT ( 'NONE',  ( 1.719999999999998863, 0.05000000000000002359, 0.3700000000000001066 ) ) ;
#2849 = CARTESIAN_POINT ( 'NONE',  ( -0.1299999999999994771, 0.6664761515876238551, 2.000000000000000888 ) ) ;
#2850 =( LENGTH_UNIT ( ) NAMED_UNIT ( * ) SI_UNIT ( .MILLI., .METRE. ) );
#2851 = DIRECTION ( 'NONE',  ( 0.000000000000000000, -1.000000000000000000, 0.000000000000000000 ) ) ;
#2852 = DIRECTION ( 'NONE',  ( -1.000000000000000000, 0.000000000000000000, -0.000000000000000000 ) ) ;
#2853 = DIRECTION ( 'NONE',  ( 0.000000000000000000, 1.000000000000000000, 0.000000000000000000 ) ) ;
#2854 = ORIENTED_EDGE ( 'NONE', *, *, #2879, .F. ) ;
#2855 = VERTEX_POINT ( 'NONE', #2595 ) ;
#2856 = ORIENTED_EDGE ( 'NONE', *, *, #3079, .F. ) ;
#2857 = DIRECTION ( 'NONE',  ( 0.000000000000000000, -0.000000000000000000, 1.000000000000000000 ) ) ;
#2858 = PRODUCT_DEFINITION ( 'UNKNOWN', '', #8180, #2924 ) ;
#2859 = CARTESIAN_POINT ( 'NONE',  ( -1.249999999999999334, 0.2000000000000000111, 1.720000000000000862 ) ) ;
#2860 = EDGE_LOOP ( 'NONE', ( #7067, #115, #7409, #4372, #7591, #5810, #8099, #2916 ) ) ;
#2861 = ORIENTED_EDGE ( 'NONE', *, *, #488, .T. ) ;
#2862 = VECTOR ( 'NONE', #243, 1000.000000000000000 ) ;
#2863 = ORIENTED_EDGE ( 'NONE', *, *, #3233, .F. ) ;
#2864 = ADVANCED_FACE ( 'NONE', ( #4555 ), #4747, .T. ) ;
#2865 = EDGE_CURVE ( 'NONE', #5696, #6598, #4680, .T. ) ;
#2866 = EDGE_LOOP ( 'NONE', ( #5752, #7544, #7724, #7349, #5530 ) ) ;
#2867 = ORIENTED_EDGE ( 'NONE', *, *, #1838, .F. ) ;
#2868 = PLANE ( 'NONE',  #4024 ) ;
#2869 = DIRECTION ( 'NONE',  ( 0.000000000000000000, -1.000000000000000000, 0.000000000000000000 ) ) ;
#2870 = ORIENTED_EDGE ( 'NONE', *, *, #6015, .F. ) ;
#2871 = SURFACE_STYLE_USAGE ( .BOTH. , #2809 ) ;
#2872 = CARTESIAN_POINT ( 'NONE',  ( -1.249999999999999334, 0.2000000000000000111, 1.720000000000000862 ) ) ;
#2873 = CARTESIAN_POINT ( 'NONE',  ( 2.000000000000000888, 0.05000000000000000278, 1.999999999999999112 ) ) ;
#2874 = ORIENTED_EDGE ( 'NONE', *, *, #880, .F. ) ;
#2875 = EDGE_LOOP ( 'NONE', ( #3678, #7242, #7758, #3064 ) ) ;
#2876 = CARTESIAN_POINT ( 'NONE',  ( -1.250000000000000000, 0.2000000000000000944, -1.150000000000000133 ) ) ;
#2877 = PLANE ( 'NONE',  #5243 ) ;
#2878 = ORIENTED_EDGE ( 'NONE', *, *, #7845, .T. ) ;
#2879 = EDGE_CURVE ( 'NONE', #2805, #85, #1858, .T. ) ;
#2880 = EDGE_CURVE ( 'NONE', #6236, #6552, #7442, .T. ) ;
#2881 = EDGE_CURVE ( 'NONE', #957, #2570, #7565, .T. ) ;
#2882 = ORIENTED_EDGE ( 'NONE', *, *, #7680, .T. ) ;
#2883 = ORIENTED_EDGE ( 'NONE', *, *, #1325, .F. ) ;
#2884 = ORIENTED_EDGE ( 'NONE', *, *, #4333, .F. ) ;
#2885 = DIRECTION ( 'NONE',  ( 0.000000000000000000, 1.000000000000000000, 0.000000000000000000 ) ) ;
#2886 = VERTEX_POINT ( 'NONE', #2725 ) ;
#2887 = ORIENTED_EDGE ( 'NONE', *, *, #3859, .T. ) ;
#2888 = CARTESIAN_POINT ( 'NONE',  ( 0.7500000000000002220, 0.2000000000000000111, -1.720000000000000862 ) ) ;
#2889 = DIRECTION ( 'NONE',  ( -1.000000000000000000, 0.000000000000000000, -0.000000000000000000 ) ) ;
#2890 = LINE ( 'NONE', #3646, #8570 ) ;
#2891 = ORIENTED_EDGE ( 'NONE', *, *, #7368, .T. ) ;
#2892 = CARTESIAN_POINT ( 'NONE',  ( -1.719999999999998863, 0.6664761515876242992, 0.8700000000000001066 ) ) ;
#2893 = DIRECTION ( 'NONE',  ( 0.000000000000000000, 0.000000000000000000, -1.000000000000000000 ) ) ;
#2894 = CARTESIAN_POINT ( 'NONE',  ( 1.719999999999998863, 0.05000000000000002359, -0.6299999999999998934 ) ) ;
#2895 = MANIFOLD_SOLID_BREP ( 'Boss-Extrude3[2]', #6124 ) ;
#2896 = CARTESIAN_POINT ( 'NONE',  ( 0.1300000000000007816, 0.2000000000000000111, 1.720000000000000862 ) ) ;
#2897 = EDGE_CURVE ( 'NONE', #4071, #3956, #1960, .T. ) ;
#2898 = VERTEX_POINT ( 'NONE', #8205 ) ;
#2899 = FACE_OUTER_BOUND ( 'NONE', #2219, .T. ) ;
#2900 = VERTEX_POINT ( 'NONE', #3446 ) ;
#2901 = ORIENTED_EDGE ( 'NONE', *, *, #2490, .T. ) ;
#2902 = CLOSED_SHELL ( 'NONE', ( #4478, #805, #3127, #7626, #3198, #1014, #1538 ) ) ;
#2903 = AXIS2_PLACEMENT_3D ( 'NONE', #567, #1891, #8108 ) ;
#2904 = VECTOR ( 'NONE', #3804, 1000.000000000000000 ) ;
#2905 = VERTEX_POINT ( 'NONE', #2082 ) ;
#2906 = DIRECTION ( 'NONE',  ( -1.000000000000000000, 0.000000000000000000, 0.000000000000000000 ) ) ;
#2907 = MANIFOLD_SOLID_BREP ( 'PIN1', #2391 ) ;
#2908 = AXIS2_PLACEMENT_3D ( 'NONE', #7137, #7788, #1825 ) ;
#2909 = CARTESIAN_POINT ( 'NONE',  ( 2.000000000000000888, 7.656854249492380582, -2.000000000000000888 ) ) ;
#2910 = DIRECTION ( 'NONE',  ( 0.000000000000000000, -1.000000000000000000, 0.000000000000000000 ) ) ;
#2911 = DIRECTION ( 'NONE',  ( -1.000000000000000000, 0.000000000000000000, 0.000000000000000000 ) ) ;
#2912 = CARTESIAN_POINT ( 'NONE',  ( -0.8699999999999996625, 0.1999999999999999833, -1.720000000000000862 ) ) ;
#2913 = DIRECTION ( 'NONE',  ( 0.000000000000000000, 0.000000000000000000, 1.000000000000000000 ) ) ;
#2914 = ORIENTED_EDGE ( 'NONE', *, *, #313, .T. ) ;
#2915 = VECTOR ( 'NONE', #5306, 1000.000000000000000 ) ;
#2916 = ORIENTED_EDGE ( 'NONE', *, *, #6818, .T. ) ;
#2917 = EDGE_CURVE ( 'NONE', #2355, #6390, #4834, .T. ) ;
#2918 = VERTEX_POINT ( 'NONE', #6127 ) ;
#2919 = CARTESIAN_POINT ( 'NONE',  ( -0.3699999999999996625, 0.000000000000000000, -2.000000000000000888 ) ) ;
#2920 = AXIS2_PLACEMENT_3D ( 'NONE', #2231, #4200, #169 ) ;
#2921 = ORIENTED_EDGE ( 'NONE', *, *, #5898, .T. ) ;
#2922 = ORIENTED_EDGE ( 'NONE', *, *, #7473, .T. ) ;
#2923 = ADVANCED_FACE ( 'NONE', ( #2026 ), #2970, .T. ) ;
#2924 = PRODUCT_DEFINITION_CONTEXT ( 'detailed design', #8468, 'design' ) ;
#2925 = AXIS2_PLACEMENT_3D ( 'NONE', #5433, #6098, #6737 ) ;
#2926 = VECTOR ( 'NONE', #2193, 1000.000000000000000 ) ;
#2927 = VERTEX_POINT ( 'NONE', #1502 ) ;
#2928 = ADVANCED_FACE ( 'NONE', ( #7761 ), #5050, .T. ) ;
#2929 = AXIS2_PLACEMENT_3D ( 'NONE', #3122, #3758, #3860 ) ;
#2930 = AXIS2_PLACEMENT_3D ( 'NONE', #144, #4033, #590 ) ;
#2931 = ORIENTED_EDGE ( 'NONE', *, *, #6493, .F. ) ;
#2932 = EDGE_LOOP ( 'NONE', ( #2211, #8079, #1997, #8138 ) ) ;
#2933 = CARTESIAN_POINT ( 'NONE',  ( -1.999999999999999112, 0.000000000000000000, 0.8700000000000001066 ) ) ;
#2934 = DIRECTION ( 'NONE',  ( -0.000000000000000000, -1.000000000000000000, -0.000000000000000000 ) ) ;
#2935 = VERTEX_POINT ( 'NONE', #6964 ) ;
#2936 = DIRECTION ( 'NONE',  ( 1.000000000000000000, -0.000000000000000000, -1.084202172485504434E-16 ) ) ;
#2937 = DIRECTION ( 'NONE',  ( 0.000000000000000000, 0.000000000000000000, 1.000000000000000000 ) ) ;
#2938 = DIRECTION ( 'NONE',  ( 0.000000000000000000, 1.000000000000000000, 0.000000000000000000 ) ) ;
#2939 = ORIENTED_EDGE ( 'NONE', *, *, #8523, .T. ) ;
#2940 = ORIENTED_EDGE ( 'NONE', *, *, #7121, .F. ) ;
#2941 = DIRECTION ( 'NONE',  ( -0.000000000000000000, 0.000000000000000000, 1.000000000000000000 ) ) ;
#2942 = CARTESIAN_POINT ( 'NONE',  ( -1.636363636363635132, 1.000000000000000000, -1.636363636363636909 ) ) ;
#2943 = CARTESIAN_POINT ( 'NONE',  ( -1.719999999999998863, 0.1999999999999999833, -1.249999999999999556 ) ) ;
#2944 = ORIENTED_EDGE ( 'NONE', *, *, #2433, .T. ) ;
#2945 = AXIS2_PLACEMENT_3D ( 'NONE', #2257, #2971, #2320 ) ;
#2946 = ADVANCED_FACE ( 'NONE', ( #7924 ), #5020, .T. ) ;
#2947 = ORIENTED_EDGE ( 'NONE', *, *, #634, .T. ) ;
#2948 = EDGE_CURVE ( 'NONE', #4428, #5485, #2132, .T. ) ;
#2949 = ORIENTED_EDGE ( 'NONE', *, *, #1911, .T. ) ;
#2950 = ORIENTED_EDGE ( 'NONE', *, *, #2182, .T. ) ;
#2951 = ORIENTED_EDGE ( 'NONE', *, *, #249, .T. ) ;
#2952 = FILL_AREA_STYLE ('',( #7416 ) ) ;
#2953 = PLANE ( 'NONE',  #5961 ) ;
#2954 = LINE ( 'NONE', #7422, #8585 ) ;
#2955 = CLOSED_SHELL ( 'NONE', ( #5584, #6460, #6253, #3135, #5351, #3341, #1796, #7987, #941, #4931 ) ) ;
#2956 = DIRECTION ( 'NONE',  ( 0.000000000000000000, -1.000000000000000000, 0.000000000000000000 ) ) ;
#2957 = FACE_OUTER_BOUND ( 'NONE', #1330, .T. ) ;
#2958 = EDGE_CURVE ( 'NONE', #1304, #6903, #5063, .T. ) ;
#2959 = CARTESIAN_POINT ( 'NONE',  ( 0.8700000000000001066, 0.2000000000000000111, -1.720000000000000862 ) ) ;
#2960 = CARTESIAN_POINT ( 'NONE',  ( 1.719999999999998863, 0.05000000000000002359, -0.8700000000000001066 ) ) ;
#2961 = ORIENTED_EDGE ( 'NONE', *, *, #2309, .T. ) ;
#2962 = ORIENTED_EDGE ( 'NONE', *, *, #4947, .F. ) ;
#2963 = AXIS2_PLACEMENT_3D ( 'NONE', #1316, #3171, #1869 ) ;
#2964 = ORIENTED_EDGE ( 'NONE', *, *, #4848, .T. ) ;
#2965 = VERTEX_POINT ( 'NONE', #858 ) ;
#2966 = MANIFOLD_SOLID_BREP ( 'LPattern3[7]', #6171 ) ;
#2967 = LINE ( 'NONE', #5753, #5741 ) ;
#2968 = ORIENTED_EDGE ( 'NONE', *, *, #202, .T. ) ;
#2969 = LINE ( 'NONE', #897, #3118 ) ;
#2970 = PLANE ( 'NONE',  #7683 ) ;
#2971 = DIRECTION ( 'NONE',  ( -7.744301232039308793E-16, 0.000000000000000000, 1.000000000000000000 ) ) ;
#2972 =( NAMED_UNIT ( * ) SI_UNIT ( $, .STERADIAN. ) SOLID_ANGLE_UNIT ( ) );
#2973 = CARTESIAN_POINT ( 'NONE',  ( -1.999999999999999112, 0.04999999999999969746, 0.8700000000000001066 ) ) ;
#2974 = CARTESIAN_POINT ( 'NONE',  ( -1.719999999999998863, 0.000000000000000000, 0.8700000000000001066 ) ) ;
#2975 = FILL_AREA_STYLE ('',( #146 ) ) ;
#2976 = CARTESIAN_POINT ( 'NONE',  ( 1.999999999999999112, 0.1999999999999999833, -1.129999999999999893 ) ) ;
#2977 = CARTESIAN_POINT ( 'NONE',  ( 1.719999999999998863, 0.1999999999999999833, -0.8700000000000001066 ) ) ;
#2978 = ORIENTED_EDGE ( 'NONE', *, *, #6820, .T. ) ;
#2979 = EDGE_CURVE ( 'NONE', #6552, #3326, #7686, .T. ) ;
#2980 = VERTEX_POINT ( 'NONE', #4901 ) ;
#2981 = DIRECTION ( 'NONE',  ( 0.000000000000000000, -0.000000000000000000, 1.000000000000000000 ) ) ;
#2982 = DIRECTION ( 'NONE',  ( -0.000000000000000000, -1.000000000000000000, -0.000000000000000000 ) ) ;
#2983 = PLANE ( 'NONE',  #6843 ) ;
#2984 = EDGE_CURVE ( 'NONE', #5717, #6261, #7774, .T. ) ;
#2985 = ORIENTED_EDGE ( 'NONE', *, *, #5409, .T. ) ;
#2986 = EDGE_CURVE ( 'NONE', #699, #2691, #7789, .T. ) ;
#2987 = ORIENTED_EDGE ( 'NONE', *, *, #1173, .T. ) ;
#2988 = EDGE_LOOP ( 'NONE', ( #5204, #1022, #6666, #3927 ) ) ;
#2989 = CARTESIAN_POINT ( 'NONE',  ( 1.370000000000000107, 0.2000000000000000111, -1.720000000000000862 ) ) ;
#2990 = ORIENTED_EDGE ( 'NONE', *, *, #8301, .T. ) ;
#2991 = CARTESIAN_POINT ( 'NONE',  ( 1.130000000000000338, 0.000000000000000000, -1.720000000000000862 ) ) ;
#2992 = DIRECTION ( 'NONE',  ( 1.000000000000000000, 0.000000000000000000, 0.000000000000000000 ) ) ;
#2993 = VERTEX_POINT ( 'NONE', #6344 ) ;
#2994 = CARTESIAN_POINT ( 'NONE',  ( -1.129999999999999449, 0.1999999999999999833, 2.000000000000000888 ) ) ;
#2995 = DIRECTION ( 'NONE',  ( 0.000000000000000000, -0.000000000000000000, 1.000000000000000000 ) ) ;
#2996 = UNCERTAINTY_MEASURE_WITH_UNIT (LENGTH_MEASURE( 1.000000000000000082E-05 ), #6824, 'distance_accuracy_value', 'NONE');
#2997 = DIRECTION ( 'NONE',  ( -1.000000000000000000, 0.000000000000000000, -7.744301232039308793E-16 ) ) ;
#2998 = ORIENTED_EDGE ( 'NONE', *, *, #8067, .F. ) ;
#2999 = ORIENTED_EDGE ( 'NONE', *, *, #4814, .T. ) ;
#3000 = CARTESIAN_POINT ( 'NONE',  ( -1.999999999999999112, 0.6664761515876242992, 0.3700000000000001066 ) ) ;
#3001 = ADVANCED_FACE ( 'NONE', ( #2011 ), #7795, .F. ) ;
#3002 = EDGE_CURVE ( 'NONE', #6692, #8354, #2057, .T. ) ;
#3003 = CYLINDRICAL_SURFACE ( 'NONE', #7934, 0.1666666649999999361 ) ;
#3004 = PLANE ( 'NONE',  #6076 ) ;
#3005 = VERTEX_POINT ( 'NONE', #6395 ) ;
#3006 = ORIENTED_EDGE ( 'NONE', *, *, #1719, .F. ) ;
#3007 = VERTEX_POINT ( 'NONE', #1880 ) ;
#3008 = DIRECTION ( 'NONE',  ( -0.000000000000000000, -1.000000000000000000, -0.000000000000000000 ) ) ;
#3009 = LINE ( 'NONE', #8447, #5938 ) ;
#3010 = ORIENTED_EDGE ( 'NONE', *, *, #4938, .T. ) ;
#3011 = CARTESIAN_POINT ( 'NONE',  ( -1.719999999999998863, 0.6664761515876242992, 0.8700000000000001066 ) ) ;
#3012 = EDGE_CURVE ( 'NONE', #7515, #3338, #4950, .T. ) ;
#3013 = ADVANCED_FACE ( 'NONE', ( #4967 ), #4987, .T. ) ;
#3014 = ORIENTED_EDGE ( 'NONE', *, *, #2358, .F. ) ;
#3015 = VERTEX_POINT ( 'NONE', #452 ) ;
#3016 = ORIENTED_EDGE ( 'NONE', *, *, #690, .F. ) ;
#3017 = STYLED_ITEM ( 'NONE', ( #2155 ), #6671 ) ;
#3018 = ORIENTED_EDGE ( 'NONE', *, *, #7721, .F. ) ;
#3019 = ORIENTED_EDGE ( 'NONE', *, *, #8327, .F. ) ;
#3020 = LINE ( 'NONE', #2242, #3039 ) ;
#3021 = FILL_AREA_STYLE_COLOUR ( '', #2119 ) ;
#3022 = EDGE_CURVE ( 'NONE', #2855, #4011, #7872, .T. ) ;
#3023 = CARTESIAN_POINT ( 'NONE',  ( 0.3700000000000001066, 0.05000000000000000278, 0.000000000000000000 ) ) ;
#3024 =( LENGTH_UNIT ( ) NAMED_UNIT ( * ) SI_UNIT ( .MILLI., .METRE. ) );
#3025 = CARTESIAN_POINT ( 'NONE',  ( 0.2500000000000006661, 0.000000000000000000, 1.600000000000000977 ) ) ;
#3026 = AXIS2_PLACEMENT_3D ( 'NONE', #4193, #6682, #8345 ) ;
#3027 = EDGE_CURVE ( 'NONE', #5066, #5837, #2640, .T. ) ;
#3028 = DIRECTION ( 'NONE',  ( 1.000000000000000000, 0.000000000000000000, 0.000000000000000000 ) ) ;
#3029 = EDGE_LOOP ( 'NONE', ( #6515, #8582, #3152, #6579 ) ) ;
#3030 = ORIENTED_EDGE ( 'NONE', *, *, #659, .F. ) ;
#3031 = AXIS2_PLACEMENT_3D ( 'NONE', #8121, #789, #2125 ) ;
#3032 = EDGE_LOOP ( 'NONE', ( #541, #7977, #3296, #3353 ) ) ;
#3033 = CARTESIAN_POINT ( 'NONE',  ( 1.999999999999999112, 0.1999999999999999833, 0.8700000000000001066 ) ) ;
#3034 = ORIENTED_EDGE ( 'NONE', *, *, #4212, .F. ) ;
#3035 = AXIS2_PLACEMENT_3D ( 'NONE', #6128, #4692, #3850 ) ;
#3036 = LINE ( 'NONE', #846, #5923 ) ;
#3037 = ORIENTED_EDGE ( 'NONE', *, *, #7414, .F. ) ;
#3038 = AXIS2_PLACEMENT_3D ( 'NONE', #1235, #8403, #7874 ) ;
#3039 = VECTOR ( 'NONE', #178, 1000.000000000000000 ) ;
#3040 = ORIENTED_EDGE ( 'NONE', *, *, #6439, .T. ) ;
#3041 = VERTEX_POINT ( 'NONE', #1086 ) ;
#3042 = CARTESIAN_POINT ( 'NONE',  ( 1.719999999999998863, 0.1999999999999999833, -0.6299999999999998934 ) ) ;
#3043 = SURFACE_STYLE_USAGE ( .BOTH. , #6804 ) ;
#3044 = ORIENTED_EDGE ( 'NONE', *, *, #282, .F. ) ;
#3045 = CARTESIAN_POINT ( 'NONE',  ( -1.249999999999999334, 0.000000000000000000, 1.720000000000000862 ) ) ;
#3046 = CARTESIAN_POINT ( 'NONE',  ( 1.719999999999998863, 0.000000000000000000, -0.7500000000000002220 ) ) ;
#3047 = CARTESIAN_POINT ( 'NONE',  ( -1.150000000000000133, 0.2000000000000000944, 1.249999999999999778 ) ) ;
#3048 = ORIENTED_EDGE ( 'NONE', *, *, #8391, .F. ) ;
#3049 = VERTEX_POINT ( 'NONE', #500 ) ;
#3050 = CARTESIAN_POINT ( 'NONE',  ( -0.1299999999999994771, 0.000000000000000000, 2.000000000000000888 ) ) ;
#3051 = VECTOR ( 'NONE', #4606, 1000.000000000000000 ) ;
#3052 = CARTESIAN_POINT ( 'NONE',  ( -1.999999999999999112, 0.000000000000000000, -0.1299999999999998934 ) ) ;
#3053 = ORIENTED_EDGE ( 'NONE', *, *, #1607, .T. ) ;
#3054 = DIRECTION ( 'NONE',  ( -0.000000000000000000, -0.000000000000000000, 1.000000000000000000 ) ) ;
#3055 = STYLED_ITEM ( 'NONE', ( #1205 ), #4665 ) ;
#3056 = EDGE_CURVE ( 'NONE', #3733, #3378, #5535, .T. ) ;
#3057 = ORIENTED_EDGE ( 'NONE', *, *, #5057, .T. ) ;
#3058 = EDGE_LOOP ( 'NONE', ( #5549, #4775, #138, #7740 ) ) ;
#3059 = ORIENTED_EDGE ( 'NONE', *, *, #6197, .F. ) ;
#3060 = ORIENTED_EDGE ( 'NONE', *, *, #8150, .F. ) ;
#3061 = PLANE ( 'NONE',  #1434 ) ;
#3062 = ADVANCED_FACE ( 'NONE', ( #8296 ), #2434, .F. ) ;
#3063 = DIRECTION ( 'NONE',  ( 0.000000000000000000, 0.000000000000000000, -1.000000000000000000 ) ) ;
#3064 = ORIENTED_EDGE ( 'NONE', *, *, #2635, .F. ) ;
#3065 = CARTESIAN_POINT ( 'NONE',  ( -1.999999999999999112, 7.656854249492380582, 1.999999999999999556 ) ) ;
#3066 =( GEOMETRIC_REPRESENTATION_CONTEXT ( 3 ) GLOBAL_UNCERTAINTY_ASSIGNED_CONTEXT ( ( #4377 ) ) GLOBAL_UNIT_ASSIGNED_CONTEXT ( ( #1938, #5388, #782 ) ) REPRESENTATION_CONTEXT ( 'NONE', 'WORKASPACE' ) );
#3067 = CARTESIAN_POINT ( 'NONE',  ( -1.719999999999998863, 0.1999999999999999833, -0.8699999999999994404 ) ) ;
#3068 = EDGE_CURVE ( 'NONE', #1398, #3790, #5507, .T. ) ;
#3069 = ADVANCED_FACE ( 'NONE', ( #8394 ), #7267, .T. ) ;
#3070 = CARTESIAN_POINT ( 'NONE',  ( -0.8699999999999992184, 0.000000000000000000, 2.000000000000000888 ) ) ;
#3071 = ORIENTED_EDGE ( 'NONE', *, *, #854, .T. ) ;
#3072 = VERTEX_POINT ( 'NONE', #403 ) ;
#3073 = ORIENTED_EDGE ( 'NONE', *, *, #850, .F. ) ;
#3074 = ORIENTED_EDGE ( 'NONE', *, *, #8514, .F. ) ;
#3075 = PRESENTATION_STYLE_ASSIGNMENT (( #7250 ) ) ;
#3076 = ORIENTED_EDGE ( 'NONE', *, *, #5487, .F. ) ;
#3077 = SURFACE_STYLE_FILL_AREA ( #2952 ) ;
#3078 = DIRECTION ( 'NONE',  ( 0.000000000000000000, 0.000000000000000000, -1.000000000000000000 ) ) ;
#3079 = EDGE_CURVE ( 'NONE', #1879, #1530, #8471, .T. ) ;
#3080 = ADVANCED_FACE ( 'NONE', ( #8284 ), #4059, .F. ) ;
#3081 = DIRECTION ( 'NONE',  ( -1.000000000000000000, 0.000000000000000000, 0.000000000000000000 ) ) ;
#3082 = DIRECTION ( 'NONE',  ( -0.000000000000000000, 0.000000000000000000, 1.000000000000000000 ) ) ;
#3083 = CARTESIAN_POINT ( 'NONE',  ( -1.999999999999999112, 0.1999999999999999833, 0.3700000000000001066 ) ) ;
#3084 = EDGE_CURVE ( 'NONE', #4054, #6692, #8452, .T. ) ;
#3085 = DIRECTION ( 'NONE',  ( 1.000000000000000000, 0.000000000000000000, 0.000000000000000000 ) ) ;
#3086 = DIRECTION ( 'NONE',  ( 0.000000000000000000, -0.000000000000000000, 1.000000000000000000 ) ) ;
#3087 = EDGE_LOOP ( 'NONE', ( #4793, #5681, #7617, #4387, #8607 ) ) ;
#3088 = ORIENTED_EDGE ( 'NONE', *, *, #8596, .F. ) ;
#3089 = LINE ( 'NONE', #3806, #6069 ) ;
#3090 = CARTESIAN_POINT ( 'NONE',  ( -1.999999999999999112, 0.04999999999999969746, 0.1300000000000005596 ) ) ;
#3091 = VERTEX_POINT ( 'NONE', #2046 ) ;
#3092 = VECTOR ( 'NONE', #3226, 1000.000000000000000 ) ;
#3093 = EDGE_LOOP ( 'NONE', ( #5460, #341, #4763, #5019 ) ) ;
#3094 = UNCERTAINTY_MEASURE_WITH_UNIT (LENGTH_MEASURE( 1.000000000000000082E-05 ), #3317, 'distance_accuracy_value', 'NONE');
#3095 = ORIENTED_EDGE ( 'NONE', *, *, #3233, .T. ) ;
#3096 = DIRECTION ( 'NONE',  ( 0.000000000000000000, -1.000000000000000000, 0.000000000000000000 ) ) ;
#3097 = CARTESIAN_POINT ( 'NONE',  ( 2.000000000000000888, 7.656854249492380582, 1.999999999999999112 ) ) ;
#3098 = CARTESIAN_POINT ( 'NONE',  ( 0.000000000000000000, 0.05000000000000000278, -1.129999999999999893 ) ) ;
#3099 = VERTEX_POINT ( 'NONE', #1028 ) ;
#3100 = DIRECTION ( 'NONE',  ( 0.000000000000000000, -0.000000000000000000, 1.000000000000000000 ) ) ;
#3101 = CARTESIAN_POINT ( 'NONE',  ( 1.250000000000000000, 0.05000000000000000278, 1.150000000000000133 ) ) ;
#3102 = ORIENTED_EDGE ( 'NONE', *, *, #6094, .F. ) ;
#3103 = CARTESIAN_POINT ( 'NONE',  ( -1.719999999999998863, 0.6664761515876242992, -0.3699999999999994404 ) ) ;
#3104 = CARTESIAN_POINT ( 'NONE',  ( -1.249999999999999778, 0.2000000000000000111, -1.720000000000000862 ) ) ;
#3105 = VECTOR ( 'NONE', #1158, 1000.000000000000000 ) ;
#3106 = CARTESIAN_POINT ( 'NONE',  ( -0.3699999999999996625, 0.04999999999999969746, -2.000000000000000888 ) ) ;
#3107 = EDGE_LOOP ( 'NONE', ( #2778, #4787, #7290, #2657, #7777 ) ) ;
#3108 = CYLINDRICAL_SURFACE ( 'NONE', #2714, 0.1199999999999998845 ) ;
#3109 = VERTEX_POINT ( 'NONE', #2749 ) ;
#3110 = EDGE_CURVE ( 'NONE', #974, #324, #2504, .T. ) ;
#3111 = ORIENTED_EDGE ( 'NONE', *, *, #4661, .F. ) ;
#3112 = EDGE_LOOP ( 'NONE', ( #5491, #7875, #1002, #8053 ) ) ;
#3113 = DIRECTION ( 'NONE',  ( 0.000000000000000000, 0.000000000000000000, -1.000000000000000000 ) ) ;
#3114 = MECHANICAL_DESIGN_GEOMETRIC_PRESENTATION_REPRESENTATION (  '', ( #692 ), #1840 ) ;
#3115 = DIRECTION ( 'NONE',  ( 0.000000000000000000, 0.000000000000000000, -1.000000000000000000 ) ) ;
#3116 = ORIENTED_EDGE ( 'NONE', *, *, #3672, .F. ) ;
#3117 = PLANE ( 'NONE',  #8094 ) ;
#3118 = VECTOR ( 'NONE', #4781, 1000.000000000000000 ) ;
#3119 = CARTESIAN_POINT ( 'NONE',  ( -0.2499999999999993616, 0.6664761515876238551, 1.600000000000000977 ) ) ;
#3120 = CARTESIAN_POINT ( 'NONE',  ( -1.369999999999999218, 0.000000000000000000, 1.720000000000000862 ) ) ;
#3121 = AXIS2_PLACEMENT_3D ( 'NONE', #5845, #6472, #7058 ) ;
#3122 = CARTESIAN_POINT ( 'NONE',  ( -1.129999999999999893, 0.6664761515876238551, -2.000000000000000888 ) ) ;
#3123 = VERTEX_POINT ( 'NONE', #1724 ) ;
#3124 = ORIENTED_EDGE ( 'NONE', *, *, #8479, .F. ) ;
#3125 = VECTOR ( 'NONE', #4472, 1000.000000000000000 ) ;
#3126 = ORIENTED_EDGE ( 'NONE', *, *, #657, .F. ) ;
#3127 = ADVANCED_FACE ( 'NONE', ( #2660 ), #2677, .T. ) ;
#3128 = AXIS2_PLACEMENT_3D ( 'NONE', #8147, #1511, #257 ) ;
#3129 = LINE ( 'NONE', #3119, #6073 ) ;
#3130 = ORIENTED_EDGE ( 'NONE', *, *, #8604, .T. ) ;
#3131 = AXIS2_PLACEMENT_3D ( 'NONE', #14, #614, #4601 ) ;
#3132 = CARTESIAN_POINT ( 'NONE',  ( 1.250000000000000000, 0.2000000000000000944, 1.150000000000000355 ) ) ;
#3133 = DIRECTION ( 'NONE',  ( -0.000000000000000000, -1.000000000000000000, -0.000000000000000000 ) ) ;
#3134 = CARTESIAN_POINT ( 'NONE',  ( 1.999999999999999112, 0.1999999999999999833, 1.130000000000000560 ) ) ;
#3135 = ADVANCED_FACE ( 'NONE', ( #8305 ), #4818, .T. ) ;
#3136 = PLANE ( 'NONE',  #4154 ) ;
#3137 = DIRECTION ( 'NONE',  ( -0.000000000000000000, -0.000000000000000000, 1.000000000000000000 ) ) ;
#3138 = DIRECTION ( 'NONE',  ( 0.000000000000000000, -0.000000000000000000, 1.000000000000000000 ) ) ;
#3139 = ORIENTED_EDGE ( 'NONE', *, *, #1740, .T. ) ;
#3140 = AXIS2_PLACEMENT_3D ( 'NONE', #6720, #8027, #5299 ) ;
#3141 = AXIS2_PLACEMENT_3D ( 'NONE', #8341, #6158, #1526 ) ;
#3142 = ORIENTED_EDGE ( 'NONE', *, *, #3373, .F. ) ;
#3143 = CARTESIAN_POINT ( 'NONE',  ( 1.250000000000000000, 3.735533905932738374, 1.150000000000000355 ) ) ;
#3144 = ORIENTED_EDGE ( 'NONE', *, *, #113, .T. ) ;
#3145 = ORIENTED_EDGE ( 'NONE', *, *, #8327, .T. ) ;
#3146 = EDGE_CURVE ( 'NONE', #5812, #5016, #5582, .T. ) ;
#3147 = ADVANCED_FACE ( 'NONE', ( #5464 ), #8518, .T. ) ;
#3148 = EDGE_LOOP ( 'NONE', ( #2247, #6748, #8034, #7034 ) ) ;
#3149 = CARTESIAN_POINT ( 'NONE',  ( 1.719999999999998863, 0.1999999999999999833, -0.7500000000000002220 ) ) ;
#3150 = DIRECTION ( 'NONE',  ( -0.000000000000000000, -0.000000000000000000, 1.000000000000000000 ) ) ;
#3151 = CARTESIAN_POINT ( 'NONE',  ( 1.370000000000000551, 0.000000000000000000, 1.720000000000000862 ) ) ;
#3152 = ORIENTED_EDGE ( 'NONE', *, *, #4479, .T. ) ;
#3153 = LINE ( 'NONE', #1017, #6036 ) ;
#3154 = CARTESIAN_POINT ( 'NONE',  ( -0.1299999999999998934, 0.1999999999999999833, -1.720000000000000862 ) ) ;
#3155 = VERTEX_POINT ( 'NONE', #4922 ) ;
#3156 = CARTESIAN_POINT ( 'NONE',  ( 1.130000000000000338, 0.05000000000000000278, 0.000000000000000000 ) ) ;
#3157 = CARTESIAN_POINT ( 'NONE',  ( -1.369999999999999218, 0.05000000000000000278, 0.000000000000000000 ) ) ;
#3158 = LINE ( 'NONE', #291, #6173 ) ;
#3159 = DIRECTION ( 'NONE',  ( -0.000000000000000000, 0.000000000000000000, -1.000000000000000000 ) ) ;
#3160 = EDGE_LOOP ( 'NONE', ( #6518, #6841, #3145, #7500 ) ) ;
#3161 = EDGE_CURVE ( 'NONE', #3368, #1283, #5625, .T. ) ;
#3162 = ORIENTED_EDGE ( 'NONE', *, *, #385, .F. ) ;
#3163 = ORIENTED_EDGE ( 'NONE', *, *, #3827, .T. ) ;
#3164 = VERTEX_POINT ( 'NONE', #5618 ) ;
#3165 = EDGE_CURVE ( 'NONE', #3005, #4957, #8363, .T. ) ;
#3166 = CARTESIAN_POINT ( 'NONE',  ( -0.7499999999999993339, 0.04999999999999999584, 1.720000000000000862 ) ) ;
#3167 = DIRECTION ( 'NONE',  ( 0.000000000000000000, -1.000000000000000000, 0.000000000000000000 ) ) ;
#3168 = FACE_OUTER_BOUND ( 'NONE', #6512, .T. ) ;
#3169 = EDGE_LOOP ( 'NONE', ( #5992, #7588, #4553, #3130 ) ) ;
#3170 = CARTESIAN_POINT ( 'NONE',  ( 1.999999999999999112, 0.6664761515876242992, 0.8700000000000001066 ) ) ;
#3171 = DIRECTION ( 'NONE',  ( 0.000000000000000000, -1.000000000000000000, 0.000000000000000000 ) ) ;
#3172 =( LENGTH_UNIT ( ) NAMED_UNIT ( * ) SI_UNIT ( .MILLI., .METRE. ) );
#3173 = DIRECTION ( 'NONE',  ( 0.000000000000000000, 0.000000000000000000, -1.000000000000000000 ) ) ;
#3174 = EDGE_CURVE ( 'NONE', #4952, #5696, #2514, .T. ) ;
#3175 = ORIENTED_EDGE ( 'NONE', *, *, #3460, .T. ) ;
#3176 = ORIENTED_EDGE ( 'NONE', *, *, #2317, .T. ) ;
#3177 = EDGE_CURVE ( 'NONE', #2905, #8419, #5429, .T. ) ;
#3178 = EDGE_LOOP ( 'NONE', ( #4189, #5467, #893, #2968 ) ) ;
#3179 = ORIENTED_EDGE ( 'NONE', *, *, #658, .F. ) ;
#3180 = ORIENTED_EDGE ( 'NONE', *, *, #7215, .F. ) ;
#3181 = EDGE_CURVE ( 'NONE', #3005, #5684, #2690, .T. ) ;
#3182 = LINE ( 'NONE', #1837, #6091 ) ;
#3183 = VERTEX_POINT ( 'NONE', #1401 ) ;
#3184 = DIRECTION ( 'NONE',  ( 0.000000000000000000, -0.000000000000000000, 1.000000000000000000 ) ) ;
#3185 = CARTESIAN_POINT ( 'NONE',  ( -1.719999999999998863, 0.000000000000000000, 1.370000000000000107 ) ) ;
#3186 = CARTESIAN_POINT ( 'NONE',  ( -1.999999999999999112, 0.05000000000000000278, 1.999999999999999556 ) ) ;
#3187 = CARTESIAN_POINT ( 'NONE',  ( -1.250000000000000000, 0.05000000000000012768, 1.149999999999999467 ) ) ;
#3188 = LINE ( 'NONE', #997, #6082 ) ;
#3189 = VERTEX_POINT ( 'NONE', #8170 ) ;
#3190 = CARTESIAN_POINT ( 'NONE',  ( -0.6299999999999994493, 0.6664761515876238551, 2.000000000000000888 ) ) ;
#3191 = ORIENTED_EDGE ( 'NONE', *, *, #745, .T. ) ;
#3192 = EDGE_LOOP ( 'NONE', ( #2180, #4173, #8333, #2251 ) ) ;
#3193 = ADVANCED_FACE ( 'NONE', ( #8485 ), #6042, .F. ) ;
#3194 = LINE ( 'NONE', #93, #3209 ) ;
#3195 = ORIENTED_EDGE ( 'NONE', *, *, #1532, .T. ) ;
#3196 = EDGE_CURVE ( 'NONE', #4360, #5945, #2719, .T. ) ;
#3197 = CYLINDRICAL_SURFACE ( 'NONE', #2388, 0.1000000000000000472 ) ;
#3198 = ADVANCED_FACE ( 'NONE', ( #8318 ), #4125, .F. ) ;
#3199 = AXIS2_PLACEMENT_3D ( 'NONE', #8615, #4034, #5119 ) ;
#3200 = LINE ( 'NONE', #8559, #6096 ) ;
#3201 = CARTESIAN_POINT ( 'NONE',  ( -1.129999999999999893, 0.2000000000000000111, -1.720000000000000862 ) ) ;
#3202 = PLANE ( 'NONE',  #8569 ) ;
#3203 = DIRECTION ( 'NONE',  ( -0.000000000000000000, -0.000000000000000000, 1.000000000000000000 ) ) ;
#3204 = ORIENTED_EDGE ( 'NONE', *, *, #5630, .F. ) ;
#3205 = CARTESIAN_POINT ( 'NONE',  ( 0.2500000000000002220, 0.2000000000000000111, -1.720000000000000862 ) ) ;
#3206 = ORIENTED_EDGE ( 'NONE', *, *, #4136, .F. ) ;
#3207 = ORIENTED_EDGE ( 'NONE', *, *, #736, .T. ) ;
#3208 = CARTESIAN_POINT ( 'NONE',  ( 2.000000000000000888, 0.05000000000000000278, -2.000000000000000888 ) ) ;
#3209 = VECTOR ( 'NONE', #5237, 1000.000000000000000 ) ;
#3210 = DIRECTION ( 'NONE',  ( -0.000000000000000000, -1.000000000000000000, -0.000000000000000000 ) ) ;
#3211 = VERTEX_POINT ( 'NONE', #274 ) ;
#3212 = DIRECTION ( 'NONE',  ( -0.000000000000000000, -0.000000000000000000, 1.000000000000000000 ) ) ;
#3213 = ADVANCED_FACE ( 'NONE', ( #5362 ), #2533, .F. ) ;
#3214 = EDGE_CURVE ( 'NONE', #7210, #1969, #2455, .T. ) ;
#3215 = VECTOR ( 'NONE', #1771, 1000.000000000000000 ) ;
#3216 = PRESENTATION_LAYER_ASSIGNMENT (  '', '', ( #4889 ) ) ;
#3217 = EDGE_LOOP ( 'NONE', ( #3144, #8437, #5720, #5670, #8537, #5659, #5579, #5756, #3207, #4484, #2796, #2720, #2922, #5933, #8613, #2998, #38, #4379, #7245, #1341, #5979, #2397, #4289, #2685, #5801, #2839, #5652, #5602 ) ) ;
#3218 = FACE_OUTER_BOUND ( 'NONE', #3872, .T. ) ;
#3219 = VERTEX_POINT ( 'NONE', #111 ) ;
#3220 = ORIENTED_EDGE ( 'NONE', *, *, #3276, .F. ) ;
#3221 = DIRECTION ( 'NONE',  ( 0.000000000000000000, -0.000000000000000000, 1.000000000000000000 ) ) ;
#3222 =( GEOMETRIC_REPRESENTATION_CONTEXT ( 3 ) GLOBAL_UNCERTAINTY_ASSIGNED_CONTEXT ( ( #5561 ) ) GLOBAL_UNIT_ASSIGNED_CONTEXT ( ( #761, #2674, #1448 ) ) REPRESENTATION_CONTEXT ( 'NONE', 'WORKASPACE' ) );
#3223 = DIRECTION ( 'NONE',  ( 0.000000000000000000, 0.000000000000000000, -1.000000000000000000 ) ) ;
#3224 = ORIENTED_EDGE ( 'NONE', *, *, #8224, .T. ) ;
#3225 = CARTESIAN_POINT ( 'NONE',  ( -0.8699999999999996625, 0.1999999999999999833, -1.720000000000000862 ) ) ;
#3226 = DIRECTION ( 'NONE',  ( -1.000000000000000000, 0.000000000000000000, -7.744301232039308793E-16 ) ) ;
#3227 = DIRECTION ( 'NONE',  ( 0.000000000000000000, 1.000000000000000000, 0.000000000000000000 ) ) ;
#3228 = CARTESIAN_POINT ( 'NONE',  ( 1.719999999999998863, 0.000000000000000000, 0.2499999999999997780 ) ) ;
#3229 = CARTESIAN_POINT ( 'NONE',  ( 0.8700000000000001066, 0.000000000000000000, -1.720000000000000862 ) ) ;
#3230 = CARTESIAN_POINT ( 'NONE',  ( 1.719999999999998863, 0.000000000000000000, -0.6299999999999998934 ) ) ;
#3231 = VECTOR ( 'NONE', #3054, 1000.000000000000000 ) ;
#3232 = AXIS2_PLACEMENT_3D ( 'NONE', #1178, #4084, #1491 ) ;
#3233 = EDGE_CURVE ( 'NONE', #5738, #4356, #2611, .T. ) ;
#3234 = ORIENTED_EDGE ( 'NONE', *, *, #3460, .F. ) ;
#3235 = AXIS2_PLACEMENT_3D ( 'NONE', #1375, #7434, #5294 ) ;
#3236 = ORIENTED_EDGE ( 'NONE', *, *, #8611, .F. ) ;
#3237 = ORIENTED_EDGE ( 'NONE', *, *, #7138, .F. ) ;
#3238 = LINE ( 'NONE', #4348, #206 ) ;
#3239 = ORIENTED_EDGE ( 'NONE', *, *, #4772, .F. ) ;
#3240 = LINE ( 'NONE', #6602, #6146 ) ;
#3241 =( GEOMETRIC_REPRESENTATION_CONTEXT ( 3 ) GLOBAL_UNCERTAINTY_ASSIGNED_CONTEXT ( ( #2996 ) ) GLOBAL_UNIT_ASSIGNED_CONTEXT ( ( #6824, #8123, #8061 ) ) REPRESENTATION_CONTEXT ( 'NONE', 'WORKASPACE' ) );
#3242 = AXIS2_PLACEMENT_3D ( 'NONE', #153, #2092, #3453 ) ;
#3243 = CARTESIAN_POINT ( 'NONE',  ( 0.2500000000000006661, 0.1999999999999999833, 1.720000000000000862 ) ) ;
#3244 = CARTESIAN_POINT ( 'NONE',  ( -0.6299999999999998934, 0.1999999999999999833, -2.000000000000000888 ) ) ;
#3245 = DIRECTION ( 'NONE',  ( 0.000000000000000000, 0.000000000000000000, -1.000000000000000000 ) ) ;
#3246 = DIRECTION ( 'NONE',  ( 0.000000000000000000, -1.000000000000000000, 0.000000000000000000 ) ) ;
#3247 = DIRECTION ( 'NONE',  ( 0.000000000000000000, 0.000000000000000000, 1.000000000000000000 ) ) ;
#3248 = CARTESIAN_POINT ( 'NONE',  ( 1.719999999999998863, 0.1999999999999999833, 0.6299999999999998934 ) ) ;
#3249 = FACE_OUTER_BOUND ( 'NONE', #7997, .T. ) ;
#3250 = ORIENTED_EDGE ( 'NONE', *, *, #1779, .T. ) ;
#3251 = EDGE_CURVE ( 'NONE', #4021, #6545, #2548, .T. ) ;
#3252 = ORIENTED_EDGE ( 'NONE', *, *, #4723, .T. ) ;
#3253 = ORIENTED_EDGE ( 'NONE', *, *, #3904, .T. ) ;
#3254 = ORIENTED_EDGE ( 'NONE', *, *, #1826, .T. ) ;
#3255 = ORIENTED_EDGE ( 'NONE', *, *, #4248, .T. ) ;
#3256 = VECTOR ( 'NONE', #2726, 1000.000000000000000 ) ;
#3257 = STYLED_ITEM ( 'NONE', ( #5569 ), #6999 ) ;
#3258 = MANIFOLD_SOLID_BREP ( 'LPattern4[2]', #769 ) ;
#3259 = DIRECTION ( 'NONE',  ( 1.734723475976807094E-16, 0.000000000000000000, -1.000000000000000000 ) ) ;
#3260 = LINE ( 'NONE', #1240, #6284 ) ;
#3261 = DIRECTION ( 'NONE',  ( -0.000000000000000000, -0.000000000000000000, 1.000000000000000000 ) ) ;
#3262 = CARTESIAN_POINT ( 'NONE',  ( -1.719999999999998863, 0.6664761515876242992, -0.6299999999999998934 ) ) ;
#3263 = DIRECTION ( 'NONE',  ( 0.000000000000000000, 0.000000000000000000, -1.000000000000000000 ) ) ;
#3264 = ORIENTED_EDGE ( 'NONE', *, *, #7222, .T. ) ;
#3265 = CARTESIAN_POINT ( 'NONE',  ( 1.130000000000000782, 0.6664761515876238551, 2.000000000000000888 ) ) ;
#3266 = CIRCLE ( 'NONE', #6043, 0.1199999999999998845 ) ;
#3267 = DIRECTION ( 'NONE',  ( 7.744301232039308793E-16, -0.000000000000000000, 1.000000000000000000 ) ) ;
#3268 = ORIENTED_EDGE ( 'NONE', *, *, #6079, .F. ) ;
#3269 = ORIENTED_EDGE ( 'NONE', *, *, #5128, .F. ) ;
#3270 = EDGE_CURVE ( 'NONE', #213, #687, #7101, .T. ) ;
#3271 = ADVANCED_FACE ( 'NONE', ( #4221 ), #5098, .F. ) ;
#3272 = CARTESIAN_POINT ( 'NONE',  ( -1.719999999999998863, 0.05000000000000002359, 0.1300000000000005596 ) ) ;
#3273 = FACE_OUTER_BOUND ( 'NONE', #5558, .T. ) ;
#3274 = CARTESIAN_POINT ( 'NONE',  ( -1.719999999999998863, 0.000000000000000000, -1.129999999999999893 ) ) ;
#3275 = EDGE_CURVE ( 'NONE', #5734, #2321, #7143, .T. ) ;
#3276 = EDGE_CURVE ( 'NONE', #4450, #3797, #1159, .T. ) ;
#3277 = ORIENTED_EDGE ( 'NONE', *, *, #5597, .T. ) ;
#3278 = ORIENTED_EDGE ( 'NONE', *, *, #6356, .F. ) ;
#3279 = PLANE ( 'NONE',  #3235 ) ;
#3280 = LINE ( 'NONE', #7782, #3092 ) ;
#3281 = CARTESIAN_POINT ( 'NONE',  ( 1.719999999999998863, 0.6664761515876242992, 0.1300000000000003375 ) ) ;
#3282 = ORIENTED_EDGE ( 'NONE', *, *, #777, .T. ) ;
#3283 = DIRECTION ( 'NONE',  ( 0.000000000000000000, 1.000000000000000000, 0.000000000000000000 ) ) ;
#3284 = DIRECTION ( 'NONE',  ( -1.000000000000000000, 0.000000000000000000, -0.000000000000000000 ) ) ;
#3285 = VECTOR ( 'NONE', #2770, 1000.000000000000000 ) ;
#3286 = PLANE ( 'NONE',  #6638 ) ;
#3287 = DIRECTION ( 'NONE',  ( 0.000000000000000000, 0.000000000000000000, 1.000000000000000000 ) ) ;
#3288 = ADVANCED_FACE ( 'NONE', ( #4053 ), #5216, .T. ) ;
#3289 = CARTESIAN_POINT ( 'NONE',  ( -0.7499999999999993339, 0.1999999999999999833, 1.720000000000000862 ) ) ;
#3290 = DIRECTION ( 'NONE',  ( 0.000000000000000000, -1.000000000000000000, 0.000000000000000000 ) ) ;
#3291 = EDGE_CURVE ( 'NONE', #5304, #5567, #1234, .T. ) ;
#3292 = DIRECTION ( 'NONE',  ( 0.000000000000000000, 1.000000000000000000, 0.000000000000000000 ) ) ;
#3293 = DIRECTION ( 'NONE',  ( 0.000000000000000000, 0.000000000000000000, 1.000000000000000000 ) ) ;
#3294 = EDGE_CURVE ( 'NONE', #5012, #8381, #4240, .T. ) ;
#3295 = EDGE_CURVE ( 'NONE', #139, #402, #7010, .T. ) ;
#3296 = ORIENTED_EDGE ( 'NONE', *, *, #462, .T. ) ;
#3297 = UNCERTAINTY_MEASURE_WITH_UNIT (LENGTH_MEASURE( 1.000000000000000082E-05 ), #6432, 'distance_accuracy_value', 'NONE');
#3298 = ORIENTED_EDGE ( 'NONE', *, *, #249, .F. ) ;
#3299 = EDGE_LOOP ( 'NONE', ( #7661, #4826, #66, #4642 ) ) ;
#3300 = ORIENTED_EDGE ( 'NONE', *, *, #6982, .T. ) ;
#3301 = CIRCLE ( 'NONE', #1459, 0.1666666649999999361 ) ;
#3302 = CARTESIAN_POINT ( 'NONE',  ( -0.1299999999999998934, 0.000000000000000000, -2.000000000000000888 ) ) ;
#3303 = CARTESIAN_POINT ( 'NONE',  ( 0.6300000000000003375, 0.000000000000000000, -1.720000000000000862 ) ) ;
#3304 = DIRECTION ( 'NONE',  ( 0.000000000000000000, 0.000000000000000000, 1.000000000000000000 ) ) ;
#3305 = DIRECTION ( 'NONE',  ( 0.000000000000000000, 1.000000000000000000, 0.000000000000000000 ) ) ;
#3306 = PLANE ( 'NONE',  #3354 ) ;
#3307 = PLANE ( 'NONE',  #2903 ) ;
#3308 = EDGE_CURVE ( 'NONE', #5026, #5755, #6923, .T. ) ;
#3309 = VERTEX_POINT ( 'NONE', #471 ) ;
#3310 = LINE ( 'NONE', #3230, #6153 ) ;
#3311 = PLANE ( 'NONE',  #6775 ) ;
#3312 = VERTEX_POINT ( 'NONE', #4981 ) ;
#3313 = AXIS2_PLACEMENT_3D ( 'NONE', #3764, #8380, #8506 ) ;
#3314 = VECTOR ( 'NONE', #6039, 1000.000000000000000 ) ;
#3315 = EDGE_LOOP ( 'NONE', ( #6809, #7362, #1227, #8492 ) ) ;
#3316 = LINE ( 'NONE', #2417, #627 ) ;
#3317 =( LENGTH_UNIT ( ) NAMED_UNIT ( * ) SI_UNIT ( .MILLI., .METRE. ) );
#3318 = LINE ( 'NONE', #5407, #3441 ) ;
#3319 = DIRECTION ( 'NONE',  ( 0.000000000000000000, -0.000000000000000000, 1.000000000000000000 ) ) ;
#3320 = DIRECTION ( 'NONE',  ( 1.000000000000000000, 0.000000000000000000, 0.000000000000000000 ) ) ;
#3321 = CARTESIAN_POINT ( 'NONE',  ( -1.999999999999999112, 0.1999999999999999833, 0.1300000000000005596 ) ) ;
#3322 = EDGE_LOOP ( 'NONE', ( #7699, #3282, #2085, #6459 ) ) ;
#3323 = DIRECTION ( 'NONE',  ( 0.000000000000000000, 0.000000000000000000, 1.000000000000000000 ) ) ;
#3324 = PLANE ( 'NONE',  #6221 ) ;
#3325 = EDGE_CURVE ( 'NONE', #3698, #6857, #7117, .T. ) ;
#3326 = VERTEX_POINT ( 'NONE', #1750 ) ;
#3327 =( NAMED_UNIT ( * ) SI_UNIT ( $, .STERADIAN. ) SOLID_ANGLE_UNIT ( ) );
#3328 = DIRECTION ( 'NONE',  ( 0.000000000000000000, -1.000000000000000000, 0.000000000000000000 ) ) ;
#3329 = AXIS2_PLACEMENT_3D ( 'NONE', #2210, #5541, #6298 ) ;
#3330 = FACE_OUTER_BOUND ( 'NONE', #5111, .T. ) ;
#3331 = DIRECTION ( 'NONE',  ( 0.000000000000000000, -0.000000000000000000, 1.000000000000000000 ) ) ;
#3332 = EDGE_LOOP ( 'NONE', ( #4558, #6863, #5341, #4328 ) ) ;
#3333 = CARTESIAN_POINT ( 'NONE',  ( -0.8699999999999992184, 0.1999999999999999833, 2.000000000000000888 ) ) ;
#3334 = LINE ( 'NONE', #8612, #6219 ) ;
#3335 = AXIS2_PLACEMENT_3D ( 'NONE', #305, #8273, #4303 ) ;
#3336 = AXIS2_PLACEMENT_3D ( 'NONE', #4885, #4829, #8421 ) ;
#3337 = VERTEX_POINT ( 'NONE', #7054 ) ;
#3338 = VERTEX_POINT ( 'NONE', #6414 ) ;
#3339 = CARTESIAN_POINT ( 'NONE',  ( 0.6300000000000007816, 0.2000000000000000111, 2.000000000000000888 ) ) ;
#3340 = DIRECTION ( 'NONE',  ( 1.000000000000000000, 0.000000000000000000, 0.000000000000000000 ) ) ;
#3341 = ADVANCED_FACE ( 'NONE', ( #4010 ), #3621, .T. ) ;
#3342 = VECTOR ( 'NONE', #2911, 1000.000000000000000 ) ;
#3343 = EDGE_LOOP ( 'NONE', ( #4029, #7606, #7557, #3236 ) ) ;
#3344 = DIRECTION ( 'NONE',  ( -1.000000000000000000, 0.000000000000000000, 0.000000000000000000 ) ) ;
#3345 = SURFACE_SIDE_STYLE ('',( #969 ) ) ;
#3346 = LINE ( 'NONE', #6658, #552 ) ;
#3347 = DIRECTION ( 'NONE',  ( 0.000000000000000000, 0.000000000000000000, 1.000000000000000000 ) ) ;
#3348 = CARTESIAN_POINT ( 'NONE',  ( 1.719999999999998863, 0.1999999999999999833, -0.1299999999999998934 ) ) ;
#3349 = AXIS2_PLACEMENT_3D ( 'NONE', #751, #4096, #3495 ) ;
#3350 = CARTESIAN_POINT ( 'NONE',  ( 0.8700000000000005507, 0.04999999999999969746, 2.000000000000000888 ) ) ;
#3351 = CARTESIAN_POINT ( 'NONE',  ( -1.129999999999999893, 0.2000000000000000111, -1.720000000000000862 ) ) ;
#3352 = DIRECTION ( 'NONE',  ( 0.000000000000000000, -0.000000000000000000, -1.000000000000000000 ) ) ;
#3353 = ORIENTED_EDGE ( 'NONE', *, *, #2547, .F. ) ;
#3354 = AXIS2_PLACEMENT_3D ( 'NONE', #3943, #7095, #3720 ) ;
#3355 = EDGE_CURVE ( 'NONE', #228, #660, #4177, .T. ) ;
#3356 = ORIENTED_EDGE ( 'NONE', *, *, #729, .F. ) ;
#3357 = VERTEX_POINT ( 'NONE', #3101 ) ;
#3358 = VECTOR ( 'NONE', #868, 1000.000000000000000 ) ;
#3359 = LINE ( 'NONE', #4939, #3449 ) ;
#3360 = EDGE_CURVE ( 'NONE', #5973, #1978, #4307, .T. ) ;
#3361 = DIRECTION ( 'NONE',  ( 0.000000000000000000, -0.000000000000000000, 1.000000000000000000 ) ) ;
#3362 = CARTESIAN_POINT ( 'NONE',  ( 2.000000000000000888, 1.000000000000001776, 1.999999999999999112 ) ) ;
#3363 = CARTESIAN_POINT ( 'NONE',  ( 0.8700000000000001066, 0.000000000000000000, -2.000000000000000888 ) ) ;
#3364 = CARTESIAN_POINT ( 'NONE',  ( -0.8699999999999992184, 0.04999999999999999584, 1.720000000000000862 ) ) ;
#3365 = CARTESIAN_POINT ( 'NONE',  ( -1.249999999999999778, 0.1999999999999999833, -1.720000000000000862 ) ) ;
#3366 = CIRCLE ( 'NONE', #2072, 0.1199999999999998845 ) ;
#3367 = CARTESIAN_POINT ( 'NONE',  ( 1.149999999999999911, 0.000000000000000000, -1.149999999999999689 ) ) ;
#3368 = VERTEX_POINT ( 'NONE', #4507 ) ;
#3369 = AXIS2_PLACEMENT_3D ( 'NONE', #6268, #6320, #6220 ) ;
#3370 = ORIENTED_EDGE ( 'NONE', *, *, #4546, .F. ) ;
#3371 = EDGE_LOOP ( 'NONE', ( #6949, #5168, #8267, #2371 ) ) ;
#3372 = CIRCLE ( 'NONE', #4808, 0.1199999999999998845 ) ;
#3373 = EDGE_CURVE ( 'NONE', #85, #2927, #4025, .T. ) ;
#3374 = DIRECTION ( 'NONE',  ( -1.000000000000000000, 0.000000000000000000, -0.000000000000000000 ) ) ;
#3375 = DIRECTION ( 'NONE',  ( -0.000000000000000000, -0.000000000000000000, 1.000000000000000000 ) ) ;
#3376 = CARTESIAN_POINT ( 'NONE',  ( 0.6300000000000003375, 0.6664761515876238551, -1.720000000000000862 ) ) ;
#3377 = CARTESIAN_POINT ( 'NONE',  ( -0.1299999999999994771, 0.6664761515876238551, 1.720000000000000862 ) ) ;
#3378 = VERTEX_POINT ( 'NONE', #1639 ) ;
#3379 = CARTESIAN_POINT ( 'NONE',  ( 0.1300000000000007816, 0.04999999999999969746, 2.000000000000000888 ) ) ;
#3380 = VECTOR ( 'NONE', #4100, 1000.000000000000000 ) ;
#3381 = EDGE_CURVE ( 'NONE', #20, #3155, #1141, .T. ) ;
#3382 = CARTESIAN_POINT ( 'NONE',  ( 1.149999999999999911, 0.2000000000000000944, 1.150000000000000133 ) ) ;
#3383 = VERTEX_POINT ( 'NONE', #3047 ) ;
#3385 = EDGE_CURVE ( 'NONE', #4014, #4913, #1186, .T. ) ;
#3384 =( LENGTH_UNIT ( ) NAMED_UNIT ( * ) SI_UNIT ( .MILLI., .METRE. ) );
#3386 = CARTESIAN_POINT ( 'NONE',  ( -1.129999999999999893, 0.04999999999999999584, -1.720000000000000862 ) ) ;
#3387 = LINE ( 'NONE', #4483, #6277 ) ;
#3388 = DIRECTION ( 'NONE',  ( 0.000000000000000000, 1.000000000000000000, 0.000000000000000000 ) ) ;
#3389 = EDGE_CURVE ( 'NONE', #6901, #6494, #1264, .T. ) ;
#3390 = LINE ( 'NONE', #286, #3285 ) ;
#3391 = ADVANCED_FACE ( 'NONE', ( #4040 ), #7419, .T. ) ;
#3392 = ORIENTED_EDGE ( 'NONE', *, *, #672, .F. ) ;
#3393 = VECTOR ( 'NONE', #2087, 1000.000000000000000 ) ;
#3394 = EDGE_LOOP ( 'NONE', ( #6819, #4267, #7838, #1394 ) ) ;
#3395 = EDGE_CURVE ( 'NONE', #851, #2935, #4072, .T. ) ;
#3396 = DIRECTION ( 'NONE',  ( -1.000000000000000000, 0.000000000000000000, 0.000000000000000000 ) ) ;
#3397 = PLANE ( 'NONE',  #3199 ) ;
#3398 = EDGE_CURVE ( 'NONE', #7806, #2414, #7174, .T. ) ;
#3399 = CARTESIAN_POINT ( 'NONE',  ( -1.719999999999998863, 0.1999999999999999833, 1.130000000000000560 ) ) ;
#3400 = CYLINDRICAL_SURFACE ( 'NONE', #5853, 0.1199999999999998845 ) ;
#3401 = CARTESIAN_POINT ( 'NONE',  ( -0.8699999999999996625, 0.1999999999999999833, -2.000000000000000888 ) ) ;
#3402 = DIRECTION ( 'NONE',  ( 0.000000000000000000, -1.000000000000000000, 0.000000000000000000 ) ) ;
#3403 = CARTESIAN_POINT ( 'NONE',  ( 0.7500000000000006661, 0.000000000000000000, 1.720000000000000862 ) ) ;
#3404 = DIRECTION ( 'NONE',  ( 0.000000000000000000, 1.000000000000000000, 0.000000000000000000 ) ) ;
#3405 = PLANE ( 'NONE',  #2715 ) ;
#3406 =( GEOMETRIC_REPRESENTATION_CONTEXT ( 3 ) GLOBAL_UNCERTAINTY_ASSIGNED_CONTEXT ( ( #327 ) ) GLOBAL_UNIT_ASSIGNED_CONTEXT ( ( #7766, #524, #6315 ) ) REPRESENTATION_CONTEXT ( 'NONE', 'WORKASPACE' ) );
#3407 = CARTESIAN_POINT ( 'NONE',  ( -1.719999999999998863, 0.6664761515876242992, 1.130000000000000560 ) ) ;
#3408 = ORIENTED_EDGE ( 'NONE', *, *, #7049, .F. ) ;
#3409 = ORIENTED_EDGE ( 'NONE', *, *, #4645, .F. ) ;
#3410 = ADVANCED_FACE ( 'NONE', ( #1098 ), #683, .T. ) ;
#3411 = VECTOR ( 'NONE', #1733, 1000.000000000000000 ) ;
#3412 = EDGE_CURVE ( 'NONE', #1038, #890, #3979, .T. ) ;
#3413 = DIRECTION ( 'NONE',  ( 0.000000000000000000, 1.000000000000000000, 0.000000000000000000 ) ) ;
#3414 = CARTESIAN_POINT ( 'NONE',  ( -1.999999999999999112, 0.6664761515876242992, -0.6299999999999998934 ) ) ;
#3415 = DIRECTION ( 'NONE',  ( -0.000000000000000000, -1.000000000000000000, -0.000000000000000000 ) ) ;
#3416 = CARTESIAN_POINT ( 'NONE',  ( 1.250000000000000000, 3.735533905932738374, -1.249999999999999778 ) ) ;
#3417 = PRESENTATION_STYLE_ASSIGNMENT (( #852 ) ) ;
#3418 = PRESENTATION_LAYER_ASSIGNMENT (  '', '', ( #7074 ) ) ;
#3419 = SURFACE_STYLE_USAGE ( .BOTH. , #6991 ) ;
#3420 = EDGE_LOOP ( 'NONE', ( #7926, #3483, #2165, #6250 ) ) ;
#3421 = VECTOR ( 'NONE', #5560, 1000.000000000000000 ) ;
#3422 = DIRECTION ( 'NONE',  ( 0.000000000000000000, 1.000000000000000000, 0.000000000000000000 ) ) ;
#3423 = ORIENTED_EDGE ( 'NONE', *, *, #2317, .F. ) ;
#3424 = FACE_OUTER_BOUND ( 'NONE', #8238, .T. ) ;
#3425 = FACE_OUTER_BOUND ( 'NONE', #5067, .T. ) ;
#3426 = DIRECTION ( 'NONE',  ( 0.000000000000000000, 0.000000000000000000, -1.000000000000000000 ) ) ;
#3427 = FACE_OUTER_BOUND ( 'NONE', #3442, .T. ) ;
#3428 = AXIS2_PLACEMENT_3D ( 'NONE', #61, #665, #3997 ) ;
#3429 = PLANE ( 'NONE',  #818 ) ;
#3430 = EDGE_CURVE ( 'NONE', #6857, #4892, #1306, .T. ) ;
#3431 = DIRECTION ( 'NONE',  ( 0.000000000000000000, -1.000000000000000000, 0.000000000000000000 ) ) ;
#3432 = CARTESIAN_POINT ( 'NONE',  ( -1.719999999999998863, 0.1999999999999999833, 1.370000000000000107 ) ) ;
#3433 = ORIENTED_EDGE ( 'NONE', *, *, #961, .T. ) ;
#3434 = CARTESIAN_POINT ( 'NONE',  ( 0.3700000000000001066, 0.2000000000000000111, -2.000000000000000888 ) ) ;
#3435 = AXIS2_PLACEMENT_3D ( 'NONE', #5040, #5726, #2066 ) ;
#3436 = ORIENTED_EDGE ( 'NONE', *, *, #3685, .T. ) ;
#3437 = DIRECTION ( 'NONE',  ( 0.000000000000000000, -1.000000000000000000, 0.000000000000000000 ) ) ;
#3438 = LINE ( 'NONE', #7313, #6319 ) ;
#3439 = AXIS2_PLACEMENT_3D ( 'NONE', #2283, #2992, #1584 ) ;
#3440 = AXIS2_PLACEMENT_3D ( 'NONE', #7734, #8428, #704 ) ;
#3441 = VECTOR ( 'NONE', #3212, 1000.000000000000000 ) ;
#3442 = EDGE_LOOP ( 'NONE', ( #3224, #7113, #4861, #5924 ) ) ;
#3443 = EDGE_CURVE ( 'NONE', #7043, #1398, #4157, .T. ) ;
#3444 = ORIENTED_EDGE ( 'NONE', *, *, #2232, .F. ) ;
#3445 = ORIENTED_EDGE ( 'NONE', *, *, #6834, .F. ) ;
#3446 = CARTESIAN_POINT ( 'NONE',  ( -1.250000000000000000, 0.2000000000000000944, 1.149999999999999467 ) ) ;
#3447 = DIRECTION ( 'NONE',  ( 0.000000000000000000, 1.000000000000000000, 0.000000000000000000 ) ) ;
#3448 = CARTESIAN_POINT ( 'NONE',  ( 2.000000000000000888, 0.05000000000000000278, 1.999999999999999112 ) ) ;
#3449 = VECTOR ( 'NONE', #3639, 1000.000000000000000 ) ;
#3450 = CARTESIAN_POINT ( 'NONE',  ( -1.249999999999999778, 0.2000000000000000111, -1.720000000000000862 ) ) ;
#3451 = CARTESIAN_POINT ( 'NONE',  ( -1.999999999999999112, 0.1999999999999999833, 0.6300000000000005596 ) ) ;
#3452 = AXIS2_PLACEMENT_3D ( 'NONE', #5934, #617, #7800 ) ;
#3453 = DIRECTION ( 'NONE',  ( 0.000000000000000000, 0.000000000000000000, -1.000000000000000000 ) ) ;
#3454 = DIRECTION ( 'NONE',  ( 0.000000000000000000, 0.000000000000000000, 1.000000000000000000 ) ) ;
#3455 = FACE_OUTER_BOUND ( 'NONE', #4203, .T. ) ;
#3456 = ADVANCED_FACE ( 'NONE', ( #4272 ), #1423, .F. ) ;
#3457 = ORIENTED_EDGE ( 'NONE', *, *, #2530, .F. ) ;
#3458 = EDGE_LOOP ( 'NONE', ( #569, #5959, #392, #2961, #2947 ) ) ;
#3459 = ORIENTED_EDGE ( 'NONE', *, *, #1884, .F. ) ;
#3460 = EDGE_CURVE ( 'NONE', #6035, #8259, #6995, .T. ) ;
#3461 = VECTOR ( 'NONE', #2596, 1000.000000000000000 ) ;
#3462 = ORIENTED_EDGE ( 'NONE', *, *, #6471, .F. ) ;
#3463 = CARTESIAN_POINT ( 'NONE',  ( 0.6300000000000003375, 0.6664761515876238551, -1.720000000000000862 ) ) ;
#3464 = CARTESIAN_POINT ( 'NONE',  ( -0.2499999999999993616, 0.2000000000000000111, 1.600000000000000977 ) ) ;
#3465 = AXIS2_PLACEMENT_3D ( 'NONE', #8474, #7822, #1957 ) ;
#3466 = PLANE ( 'NONE',  #7308 ) ;
#3467 = DIRECTION ( 'NONE',  ( -1.000000000000000000, 0.000000000000000000, -0.000000000000000000 ) ) ;
#3468 = CARTESIAN_POINT ( 'NONE',  ( -1.719999999999998863, 0.000000000000000000, -1.249999999999999556 ) ) ;
#3469 =( NAMED_UNIT ( * ) PLANE_ANGLE_UNIT ( ) SI_UNIT ( $, .RADIAN. ) );
#3470 = ORIENTED_EDGE ( 'NONE', *, *, #2430, .F. ) ;
#3471 = VECTOR ( 'NONE', #4696, 1000.000000000000000 ) ;
#3472 = CARTESIAN_POINT ( 'NONE',  ( -1.249999999999999778, 0.2000000000000000111, -1.720000000000000862 ) ) ;
#3473 = ORIENTED_EDGE ( 'NONE', *, *, #2495, .F. ) ;
#3474 = ADVANCED_FACE ( 'NONE', ( #6888 ), #3324, .F. ) ;
#3475 = PRODUCT_RELATED_PRODUCT_CATEGORY ( 'part', '', ( #876 ) ) ;
#3476 = EDGE_CURVE ( 'NONE', #3164, #78, #1356, .T. ) ;
#3477 = ORIENTED_EDGE ( 'NONE', *, *, #1273, .T. ) ;
#3478 = EDGE_CURVE ( 'NONE', #5488, #404, #4254, .T. ) ;
#3479 = VERTEX_POINT ( 'NONE', #4628 ) ;
#3480 = CARTESIAN_POINT ( 'NONE',  ( 0.3700000000000005507, 0.2000000000000000111, 2.000000000000000888 ) ) ;
#3481 = FACE_OUTER_BOUND ( 'NONE', #3299, .T. ) ;
#3482 = CARTESIAN_POINT ( 'NONE',  ( -1.719999999999998863, 0.1999999999999999833, -0.3699999999999996625 ) ) ;
#3483 = ORIENTED_EDGE ( 'NONE', *, *, #6341, .F. ) ;
#3484 = EDGE_LOOP ( 'NONE', ( #4026, #4225, #3894, #1565 ) ) ;
#3485 = DIRECTION ( 'NONE',  ( -1.000000000000000000, 0.000000000000000000, -1.734723475976807094E-16 ) ) ;
#3486 = DIRECTION ( 'NONE',  ( 0.000000000000000000, -1.000000000000000000, 0.000000000000000000 ) ) ;
#3487 = LINE ( 'NONE', #438, #6380 ) ;
#3488 = VERTEX_POINT ( 'NONE', #6117 ) ;
#3489 = EDGE_CURVE ( 'NONE', #7206, #2675, #7157, .T. ) ;
#3490 = VERTEX_POINT ( 'NONE', #5400 ) ;
#3491 = FACE_OUTER_BOUND ( 'NONE', #2721, .T. ) ;
#3492 = VECTOR ( 'NONE', #4533, 1000.000000000000000 ) ;
#3493 = EDGE_LOOP ( 'NONE', ( #4088, #8019, #7817, #8176 ) ) ;
#3494 = CARTESIAN_POINT ( 'NONE',  ( 1.999999999999999112, 0.6664761515876242992, -0.6299999999999998934 ) ) ;
#3495 = DIRECTION ( 'NONE',  ( 0.000000000000000000, -0.000000000000000000, 1.000000000000000000 ) ) ;
#3496 = AXIS2_PLACEMENT_3D ( 'NONE', #936, #3683, #4385 ) ;
#3497 = CARTESIAN_POINT ( 'NONE',  ( 1.370000000000000107, 0.2000000000000000111, -2.000000000000000888 ) ) ;
#3498 = DIRECTION ( 'NONE',  ( -0.000000000000000000, -1.000000000000000000, -0.000000000000000000 ) ) ;
#3499 = CARTESIAN_POINT ( 'NONE',  ( -1.249999999999999778, 0.2000000000000000111, -1.720000000000000862 ) ) ;
#3500 = DIRECTION ( 'NONE',  ( -0.000000000000000000, 0.000000000000000000, 1.000000000000000000 ) ) ;
#3501 = CARTESIAN_POINT ( 'NONE',  ( -1.250000000000000000, 0.000000000000000000, 1.149999999999999911 ) ) ;
#3502 = ORIENTED_EDGE ( 'NONE', *, *, #5846, .T. ) ;
#3503 = CARTESIAN_POINT ( 'NONE',  ( 0.3700000000000005507, 0.04999999999999969746, 2.000000000000000888 ) ) ;
#3504 = CARTESIAN_POINT ( 'NONE',  ( 1.719999999999998863, 0.6664761515876242992, 0.3700000000000001066 ) ) ;
#3505 = VECTOR ( 'NONE', #272, 1000.000000000000000 ) ;
#3506 = EDGE_LOOP ( 'NONE', ( #8532, #4615, #5402, #4314 ) ) ;
#3507 = FACE_OUTER_BOUND ( 'NONE', #4706, .T. ) ;
#3508 = EDGE_CURVE ( 'NONE', #6406, #699, #1405, .T. ) ;
#3509 = ORIENTED_EDGE ( 'NONE', *, *, #79, .T. ) ;
#3510 = LINE ( 'NONE', #1504, #370 ) ;
#3511 = CARTESIAN_POINT ( 'NONE',  ( -0.1299999999999994771, 0.1999999999999999833, 1.720000000000000862 ) ) ;
#3512 = VERTEX_POINT ( 'NONE', #735 ) ;
#3513 = PLANE ( 'NONE',  #8246 ) ;
#3514 = DIRECTION ( 'NONE',  ( -0.000000000000000000, -0.000000000000000000, 1.000000000000000000 ) ) ;
#3515 = PLANE ( 'NONE',  #3141 ) ;
#3516 = DIRECTION ( 'NONE',  ( -0.000000000000000000, -0.000000000000000000, 1.000000000000000000 ) ) ;
#3517 = DIRECTION ( 'NONE',  ( -0.000000000000000000, -0.000000000000000000, 1.000000000000000000 ) ) ;
#3518 = CIRCLE ( 'NONE', #3440, 0.1199999999999998845 ) ;
#3519 = DIRECTION ( 'NONE',  ( 0.000000000000000000, 0.000000000000000000, -1.000000000000000000 ) ) ;
#3520 = ADVANCED_FACE ( 'NONE', ( #4104 ), #5279, .T. ) ;
#3521 = EDGE_LOOP ( 'NONE', ( #1222, #4344, #5266, #1410, #4476 ) ) ;
#3522 = FACE_OUTER_BOUND ( 'NONE', #8599, .T. ) ;
#3523 = DIRECTION ( 'NONE',  ( 0.000000000000000000, 0.000000000000000000, 1.000000000000000000 ) ) ;
#3524 = CLOSED_SHELL ( 'NONE', ( #104, #2928, #3663, #5080, #1930, #2187 ) ) ;
#3525 = CIRCLE ( 'NONE', #7204, 0.1199999999999998845 ) ;
#3526 = AXIS2_PLACEMENT_3D ( 'NONE', #7192, #2148, #4904 ) ;
#3527 = EDGE_CURVE ( 'NONE', #5999, #2805, #1109, .T. ) ;
#3528 = EDGE_LOOP ( 'NONE', ( #2618, #3939, #6033, #5622 ) ) ;
#3529 = AXIS2_PLACEMENT_3D ( 'NONE', #3149, #8527, #5892 ) ;
#3530 = CARTESIAN_POINT ( 'NONE',  ( -1.129999999999999449, 0.2000000000000000111, 2.000000000000000888 ) ) ;
#3531 = VECTOR ( 'NONE', #4242, 1000.000000000000000 ) ;
#3532 = DIRECTION ( 'NONE',  ( -0.000000000000000000, -1.000000000000000000, -0.000000000000000000 ) ) ;
#3533 = DIRECTION ( 'NONE',  ( 0.000000000000000000, 0.000000000000000000, -1.000000000000000000 ) ) ;
#3534 = ORIENTED_EDGE ( 'NONE', *, *, #4848, .F. ) ;
#3535 = AXIS2_PLACEMENT_3D ( 'NONE', #1315, #1380, #6605 ) ;
#3536 = CARTESIAN_POINT ( 'NONE',  ( 1.999999999999999112, 0.6664761515876242992, -0.8699999999999994404 ) ) ;
#3537 = PLANE ( 'NONE',  #1925 ) ;
#3538 = AXIS2_PLACEMENT_3D ( 'NONE', #7380, #7444, #2981 ) ;
#3539 = ORIENTED_EDGE ( 'NONE', *, *, #7971, .T. ) ;
#3540 = ADVANCED_FACE ( 'NONE', ( #7062 ), #3537, .T. ) ;
#3541 = CARTESIAN_POINT ( 'NONE',  ( 0.3700000000000001066, 0.1999999999999999833, -2.000000000000000888 ) ) ;
#3542 = DIRECTION ( 'NONE',  ( 0.000000000000000000, 0.000000000000000000, 1.000000000000000000 ) ) ;
#3543 = SURFACE_STYLE_FILL_AREA ( #1310 ) ;
#3544 = VECTOR ( 'NONE', #6135, 1000.000000000000000 ) ;
#3545 = ORIENTED_EDGE ( 'NONE', *, *, #4467, .T. ) ;
#3546 = EDGE_CURVE ( 'NONE', #1828, #4877, #6902, .T. ) ;
#3547 = ADVANCED_BREP_SHAPE_REPRESENTATION ( 'USB2422-I_MJ', ( #1539, #2895, #136, #3258, #808, #472, #1877, #4930, #3608, #6718, #2907, #6999, #7726, #5000, #8047, #5264, #8130, #4665, #7384, #6671, #5714, #7681, #2560, #2966, #3847, #461, #6011, #5571 ), #1759 ) ;
#3548 = ORIENTED_EDGE ( 'NONE', *, *, #1391, .T. ) ;
#3549 = ORIENTED_EDGE ( 'NONE', *, *, #3012, .F. ) ;
#3550 = EDGE_CURVE ( 'NONE', #8294, #2076, #7265, .T. ) ;
#3551 = PLANE ( 'NONE',  #302 ) ;
#3552 = CARTESIAN_POINT ( 'NONE',  ( -1.999999999999999112, 0.000000000000000000, -1.129999999999999893 ) ) ;
#3553 = FACE_OUTER_BOUND ( 'NONE', #6526, .T. ) ;
#3554 =( NAMED_UNIT ( * ) SI_UNIT ( $, .STERADIAN. ) SOLID_ANGLE_UNIT ( ) );
#3555 = DIRECTION ( 'NONE',  ( 0.000000000000000000, 0.000000000000000000, 1.000000000000000000 ) ) ;
#3556 = LINE ( 'NONE', #774, #722 ) ;
#3557 = EDGE_LOOP ( 'NONE', ( #570, #5151, #7927, #1896 ) ) ;
#3558 = CARTESIAN_POINT ( 'NONE',  ( -1.636363636363635132, 1.000000000000000000, -1.803030301363636845 ) ) ;
#3559 = EDGE_CURVE ( 'NONE', #2457, #4944, #7406, .T. ) ;
#3560 = DIRECTION ( 'NONE',  ( 1.000000000000000000, 0.000000000000000000, 0.000000000000000000 ) ) ;
#3561 = LINE ( 'NONE', #5754, #6572 ) ;
#3562 = EDGE_LOOP ( 'NONE', ( #6125, #2949, #4364, #5586 ) ) ;
#3563 = LINE ( 'NONE', #2600, #6360 ) ;
#3564 = EDGE_CURVE ( 'NONE', #3072, #4936, #4499, .T. ) ;
#3565 = VECTOR ( 'NONE', #563, 1000.000000000000000 ) ;
#3566 = FACE_OUTER_BOUND ( 'NONE', #3343, .T. ) ;
#3567 = EDGE_LOOP ( 'NONE', ( #3071, #726, #3095, #6560 ) ) ;
#3568 = DIRECTION ( 'NONE',  ( -1.000000000000000000, 0.000000000000000000, 0.000000000000000000 ) ) ;
#3569 = CARTESIAN_POINT ( 'NONE',  ( -1.719999999999998863, 0.1999999999999999833, -1.129999999999999893 ) ) ;
#3570 = CARTESIAN_POINT ( 'NONE',  ( 1.719999999999998863, 0.000000000000000000, 1.370000000000000107 ) ) ;
#3571 = EDGE_LOOP ( 'NONE', ( #4150, #7868, #1941, #5100 ) ) ;
#3572 = VECTOR ( 'NONE', #4752, 1000.000000000000000 ) ;
#3573 = DIRECTION ( 'NONE',  ( 0.000000000000000000, 0.000000000000000000, 1.000000000000000000 ) ) ;
#3574 = EDGE_CURVE ( 'NONE', #4295, #4733, #7302, .T. ) ;
#3575 = EDGE_CURVE ( 'NONE', #4357, #7648, #1453, .T. ) ;
#3576 = FACE_OUTER_BOUND ( 'NONE', #8548, .T. ) ;
#3577 = CYLINDRICAL_SURFACE ( 'NONE', #3242, 0.1199999999999998845 ) ;
#3578 = CARTESIAN_POINT ( 'NONE',  ( 1.719999999999998863, 0.1999999999999999833, -1.370000000000000107 ) ) ;
#3579 = CARTESIAN_POINT ( 'NONE',  ( -1.636363636363635132, 1.000000000000000000, -1.636363636363636909 ) ) ;
#3580 = ADVANCED_FACE ( 'NONE', ( #7284 ), #6951, .F. ) ;
#3581 = CLOSED_SHELL ( 'NONE', ( #1146, #84, #191, #1166, #4730, #473 ) ) ;
#3582 = DIRECTION ( 'NONE',  ( 0.000000000000000000, -0.000000000000000000, 1.000000000000000000 ) ) ;
#3583 = FACE_OUTER_BOUND ( 'NONE', #5427, .T. ) ;
#3584 = CARTESIAN_POINT ( 'NONE',  ( -1.999999999999999112, 0.1999999999999999833, -0.1299999999999998934 ) ) ;
#3585 = ORIENTED_EDGE ( 'NONE', *, *, #7351, .F. ) ;
#3586 = DIRECTION ( 'NONE',  ( -1.000000000000000000, 0.000000000000000000, 0.000000000000000000 ) ) ;
#3587 = VECTOR ( 'NONE', #4604, 1000.000000000000000 ) ;
#3588 = EDGE_CURVE ( 'NONE', #7189, #5738, #1533, .T. ) ;
#3589 = LINE ( 'NONE', #4800, #3544 ) ;
#3590 = ORIENTED_EDGE ( 'NONE', *, *, #8423, .F. ) ;
#3591 = AXIS2_PLACEMENT_3D ( 'NONE', #5655, #6132, #966 ) ;
#3592 = ORIENTED_EDGE ( 'NONE', *, *, #1532, .F. ) ;
#3593 = CIRCLE ( 'NONE', #3726, 0.1199999999999998845 ) ;
#3594 = ORIENTED_EDGE ( 'NONE', *, *, #1164, .F. ) ;
#3595 = CARTESIAN_POINT ( 'NONE',  ( -1.150000000000000133, 3.735533905932738374, -1.250000000000000222 ) ) ;
#3596 = ADVANCED_FACE ( 'NONE', ( #1641 ), #4592, .T. ) ;
#3597 = CARTESIAN_POINT ( 'NONE',  ( 0.8700000000000005507, 0.2000000000000000111, 1.720000000000000862 ) ) ;
#3598 = LINE ( 'NONE', #273, #3777 ) ;
#3599 = DIRECTION ( 'NONE',  ( 0.000000000000000000, 0.000000000000000000, -1.000000000000000000 ) ) ;
#3600 = DIRECTION ( 'NONE',  ( 0.000000000000000000, 0.000000000000000000, 1.000000000000000000 ) ) ;
#3601 = DIRECTION ( 'NONE',  ( 0.000000000000000000, 0.000000000000000000, 1.000000000000000000 ) ) ;
#3602 = COLOUR_RGB ( '',0.7921568627450980005, 0.8196078431372548767, 0.9333333333333333481 ) ;
#3603 = ORIENTED_EDGE ( 'NONE', *, *, #1681, .F. ) ;
#3604 = EDGE_CURVE ( 'NONE', #7605, #297, #7318, .T. ) ;
#3605 = DIRECTION ( 'NONE',  ( -0.000000000000000000, -1.000000000000000000, -0.000000000000000000 ) ) ;
#3606 = DIRECTION ( 'NONE',  ( 0.000000000000000000, -0.000000000000000000, 1.000000000000000000 ) ) ;
#3607 = FACE_OUTER_BOUND ( 'NONE', #7510, .T. ) ;
#3608 = MANIFOLD_SOLID_BREP ( 'Fillet1', #2955 ) ;
#3609 = ORIENTED_EDGE ( 'NONE', *, *, #6197, .T. ) ;
#3610 = AXIS2_PLACEMENT_3D ( 'NONE', #2518, #4319, #4976 ) ;
#3611 = EDGE_LOOP ( 'NONE', ( #7859, #1985, #8547, #945 ) ) ;
#3612 = ORIENTED_EDGE ( 'NONE', *, *, #4597, .F. ) ;
#3613 = VECTOR ( 'NONE', #3246, 1000.000000000000000 ) ;
#3614 = AXIS2_PLACEMENT_3D ( 'NONE', #562, #108, #2684 ) ;
#3615 = DIRECTION ( 'NONE',  ( 0.000000000000000000, 0.000000000000000000, -1.000000000000000000 ) ) ;
#3616 = FACE_OUTER_BOUND ( 'NONE', #8335, .T. ) ;
#3617 = ORIENTED_EDGE ( 'NONE', *, *, #3165, .F. ) ;
#3618 = CARTESIAN_POINT ( 'NONE',  ( -1.999999999999999112, 0.000000000000000000, 1.370000000000000107 ) ) ;
#3619 = DIRECTION ( 'NONE',  ( 0.000000000000000000, 1.000000000000000000, 0.000000000000000000 ) ) ;
#3620 = DIRECTION ( 'NONE',  ( 1.000000000000000000, -0.000000000000000000, 0.000000000000000000 ) ) ;
#3621 = PLANE ( 'NONE',  #7767 ) ;
#3622 = CYLINDRICAL_SURFACE ( 'NONE', #437, 0.1199999999999998845 ) ;
#3623 = FILL_AREA_STYLE ('',( #2288 ) ) ;
#3624 = ORIENTED_EDGE ( 'NONE', *, *, #4, .T. ) ;
#3625 =( GEOMETRIC_REPRESENTATION_CONTEXT ( 3 ) GLOBAL_UNCERTAINTY_ASSIGNED_CONTEXT ( ( #7765 ) ) GLOBAL_UNIT_ASSIGNED_CONTEXT ( ( #6849, #5536, #3554 ) ) REPRESENTATION_CONTEXT ( 'NONE', 'WORKASPACE' ) );
#3626 = CIRCLE ( 'NONE', #8453, 0.1000000000000000472 ) ;
#3627 = CIRCLE ( 'NONE', #1105, 0.1199999999999998845 ) ;
#3628 = DIRECTION ( 'NONE',  ( 0.000000000000000000, 0.000000000000000000, -1.000000000000000000 ) ) ;
#3629 = ORIENTED_EDGE ( 'NONE', *, *, #5581, .F. ) ;
#3630 = AXIS2_PLACEMENT_3D ( 'NONE', #232, #2885, #1011 ) ;
#3631 = ORIENTED_EDGE ( 'NONE', *, *, #6295, .T. ) ;
#3632 = VECTOR ( 'NONE', #1093, 1000.000000000000000 ) ;
#3633 = AXIS2_PLACEMENT_3D ( 'NONE', #1948, #2646, #7108 ) ;
#3634 = LINE ( 'NONE', #2686, #6517 ) ;
#3635 = ORIENTED_EDGE ( 'NONE', *, *, #3672, .T. ) ;
#3636 = EDGE_CURVE ( 'NONE', #6261, #7940, #7346, .T. ) ;
#3637 = LINE ( 'NONE', #8106, #6435 ) ;
#3638 = CARTESIAN_POINT ( 'NONE',  ( -0.3699999999999996625, 0.1999999999999999833, -1.720000000000000862 ) ) ;
#3639 = DIRECTION ( 'NONE',  ( -0.000000000000000000, -0.000000000000000000, 1.000000000000000000 ) ) ;
#3640 = VERTEX_POINT ( 'NONE', #8190 ) ;
#3641 = DIRECTION ( 'NONE',  ( 0.000000000000000000, 1.000000000000000000, 0.000000000000000000 ) ) ;
#3642 = LINE ( 'NONE', #738, #786 ) ;
#3643 = DIRECTION ( 'NONE',  ( 0.000000000000000000, 1.000000000000000000, 0.000000000000000000 ) ) ;
#3644 = CARTESIAN_POINT ( 'NONE',  ( -0.8699999999999996625, 0.000000000000000000, -1.720000000000000862 ) ) ;
#3645 = ORIENTED_EDGE ( 'NONE', *, *, #5453, .T. ) ;
#3646 = CARTESIAN_POINT ( 'NONE',  ( 0.3700000000000001066, 0.2000000000000000111, -2.000000000000000888 ) ) ;
#3647 = ORIENTED_EDGE ( 'NONE', *, *, #7021, .F. ) ;
#3648 = CARTESIAN_POINT ( 'NONE',  ( -0.8699999999999996625, 0.04999999999999999584, -1.720000000000000862 ) ) ;
#3649 = VECTOR ( 'NONE', #8232, 1000.000000000000000 ) ;
#3650 = LINE ( 'NONE', #109, #6535 ) ;
#3651 = ORIENTED_EDGE ( 'NONE', *, *, #2917, .F. ) ;
#3652 = AXIS2_PLACEMENT_3D ( 'NONE', #5881, #6507, #1890 ) ;
#3653 = VECTOR ( 'NONE', #263, 1000.000000000000000 ) ;
#3654 = ADVANCED_FACE ( 'NONE', ( #1627 ), #1710, .F. ) ;
#3655 = VERTEX_POINT ( 'NONE', #7729 ) ;
#3656 = CARTESIAN_POINT ( 'NONE',  ( -1.719999999999998863, 0.6664761515876242992, -0.6299999999999998934 ) ) ;
#3657 = MECHANICAL_DESIGN_GEOMETRIC_PRESENTATION_REPRESENTATION (  '', ( #6032 ), #5136 ) ;
#3658 = CARTESIAN_POINT ( 'NONE',  ( -1.999999999999999112, 0.000000000000000000, -0.1299999999999998934 ) ) ;
#3659 = CARTESIAN_POINT ( 'NONE',  ( -1.999999999999999112, 0.000000000000000000, -0.3699999999999994404 ) ) ;
#3660 = DIRECTION ( 'NONE',  ( 0.000000000000000000, 0.000000000000000000, -1.000000000000000000 ) ) ;
#3661 = ORIENTED_EDGE ( 'NONE', *, *, #4947, .T. ) ;
#3663 = ADVANCED_FACE ( 'NONE', ( #4489 ), #3117, .F. ) ;
#3662 = LINE ( 'NONE', #5497, #894 ) ;
#3664 = DIRECTION ( 'NONE',  ( -1.000000000000000000, 0.000000000000000000, -0.000000000000000000 ) ) ;
#3665 = DIRECTION ( 'NONE',  ( 0.000000000000000000, 1.000000000000000000, 0.000000000000000000 ) ) ;
#3666 = LINE ( 'NONE', #4852, #3342 ) ;
#3667 = ORIENTED_EDGE ( 'NONE', *, *, #7373, .F. ) ;
#3668 = PRODUCT_DEFINITION_SHAPE ( 'NONE', 'NONE',  #2858 ) ;
#3669 = CARTESIAN_POINT ( 'NONE',  ( -0.6299999999999998934, 0.04999999999999969746, -2.000000000000000888 ) ) ;
#3670 = DIRECTION ( 'NONE',  ( 0.000000000000000000, 0.000000000000000000, -1.000000000000000000 ) ) ;
#3671 = CIRCLE ( 'NONE', #2830, 0.1199999999999998845 ) ;
#3672 = EDGE_CURVE ( 'NONE', #4659, #4054, #4563, .T. ) ;
#3673 = EDGE_LOOP ( 'NONE', ( #1034, #1437, #1579, #6961, #5829, #1487, #3010, #4888 ) ) ;
#3674 = CYLINDRICAL_SURFACE ( 'NONE', #1225, 0.1199999999999998845 ) ;
#3675 = ORIENTED_EDGE ( 'NONE', *, *, #344, .F. ) ;
#3676 = ADVANCED_FACE ( 'NONE', ( #1663 ), #2599, .F. ) ;
#3677 = ORIENTED_EDGE ( 'NONE', *, *, #5103, .F. ) ;
#3678 = ORIENTED_EDGE ( 'NONE', *, *, #2174, .F. ) ;
#3679 = DIRECTION ( 'NONE',  ( -0.000000000000000000, -0.000000000000000000, 1.000000000000000000 ) ) ;
#3680 =( NAMED_UNIT ( * ) SI_UNIT ( $, .STERADIAN. ) SOLID_ANGLE_UNIT ( ) );
#3681 = SURFACE_SIDE_STYLE ('',( #1197 ) ) ;
#3682 = CARTESIAN_POINT ( 'NONE',  ( 1.719999999999998863, 0.000000000000000000, -0.7500000000000002220 ) ) ;
#3683 = DIRECTION ( 'NONE',  ( -0.000000000000000000, -1.000000000000000000, -0.000000000000000000 ) ) ;
#3684 = VECTOR ( 'NONE', #3173, 1000.000000000000000 ) ;
#3685 = EDGE_CURVE ( 'NONE', #5782, #957, #7499, .T. ) ;
#3686 = ORIENTED_EDGE ( 'NONE', *, *, #7368, .F. ) ;
#3687 = LINE ( 'NONE', #1553, #6629 ) ;
#3688 = PLANE ( 'NONE',  #4824 ) ;
#3689 = CARTESIAN_POINT ( 'NONE',  ( 1.250000000000000666, 0.1999999999999999833, 1.720000000000000862 ) ) ;
#3690 = VERTEX_POINT ( 'NONE', #1192 ) ;
#3691 = ORIENTED_EDGE ( 'NONE', *, *, #854, .F. ) ;
#3692 = VECTOR ( 'NONE', #666, 1000.000000000000000 ) ;
#3693 = CIRCLE ( 'NONE', #7412, 0.1199999999999998845 ) ;
#3694 = VERTEX_POINT ( 'NONE', #1254 ) ;
#3695 = LINE ( 'NONE', #4871, #3707 ) ;
#3696 = DIRECTION ( 'NONE',  ( -0.000000000000000000, -1.000000000000000000, -0.000000000000000000 ) ) ;
#3697 = CARTESIAN_POINT ( 'NONE',  ( -1.369999999999999662, 0.04999999999999999584, -2.000000000000000888 ) ) ;
#3698 = VERTEX_POINT ( 'NONE', #1868 ) ;
#3699 = CARTESIAN_POINT ( 'NONE',  ( -1.719999999999998863, 0.05000000000000002359, -1.369999999999999440 ) ) ;
#3700 = DIRECTION ( 'NONE',  ( 0.000000000000000000, 0.000000000000000000, -1.000000000000000000 ) ) ;
#3701 = EDGE_CURVE ( 'NONE', #3490, #1722, #4576, .T. ) ;
#3702 = VECTOR ( 'NONE', #616, 1000.000000000000000 ) ;
#3703 = STYLED_ITEM ( 'NONE', ( #4705 ), #2895 ) ;
#3704 = DIRECTION ( 'NONE',  ( 1.000000000000000000, -0.000000000000000000, 0.000000000000000000 ) ) ;
#3705 = VECTOR ( 'NONE', #131, 1000.000000000000000 ) ;
#3706 = ORIENTED_EDGE ( 'NONE', *, *, #839, .F. ) ;
#3707 = VECTOR ( 'NONE', #2168, 1000.000000000000000 ) ;
#3708 = AXIS2_PLACEMENT_3D ( 'NONE', #655, #5980, #6614 ) ;
#3709 = ORIENTED_EDGE ( 'NONE', *, *, #5871, .T. ) ;
#3710 = LINE ( 'NONE', #4839, #869 ) ;
#3711 = CARTESIAN_POINT ( 'NONE',  ( 1.719999999999998863, 0.6664761515876242992, 0.6299999999999998934 ) ) ;
#3712 = EDGE_CURVE ( 'NONE', #2692, #316, #1695, .T. ) ;
#3713 = DIRECTION ( 'NONE',  ( 0.000000000000000000, 0.000000000000000000, -1.000000000000000000 ) ) ;
#3714 = DIRECTION ( 'NONE',  ( 0.000000000000000000, 0.000000000000000000, 1.000000000000000000 ) ) ;
#3715 = CARTESIAN_POINT ( 'NONE',  ( 0.1300000000000003375, 0.04999999999999999584, -1.720000000000000862 ) ) ;
#3716 = CARTESIAN_POINT ( 'NONE',  ( 1.999999999999999112, 0.1999999999999999833, -0.1299999999999998934 ) ) ;
#3717 = VECTOR ( 'NONE', #2750, 1000.000000000000000 ) ;
#3718 = AXIS2_PLACEMENT_3D ( 'NONE', #1673, #7603, #8215 ) ;
#3719 = CARTESIAN_POINT ( 'NONE',  ( 1.719999999999998863, 0.1999999999999999833, -1.129999999999999893 ) ) ;
#3720 = DIRECTION ( 'NONE',  ( 1.000000000000000000, 0.000000000000000000, -7.744301232039308793E-16 ) ) ;
#3721 = DIRECTION ( 'NONE',  ( 0.000000000000000000, 0.000000000000000000, -1.000000000000000000 ) ) ;
#3722 = VECTOR ( 'NONE', #5578, 1000.000000000000000 ) ;
#3723 = ORIENTED_EDGE ( 'NONE', *, *, #1029, .F. ) ;
#3724 = LINE ( 'NONE', #4322, #6612 ) ;
#3725 = ORIENTED_EDGE ( 'NONE', *, *, #859, .F. ) ;
#3726 = AXIS2_PLACEMENT_3D ( 'NONE', #6663, #203, #2789 ) ;
#3727 = CIRCLE ( 'NONE', #3913, 0.1199999999999998845 ) ;
#3728 = AXIS2_PLACEMENT_3D ( 'NONE', #48, #654, #2676 ) ;
#3730 = ADVANCED_FACE ( 'NONE', ( #7251 ), #3397, .T. ) ;
#3729 = VECTOR ( 'NONE', #456, 1000.000000000000000 ) ;
#3731 = DIRECTION ( 'NONE',  ( 0.000000000000000000, -1.000000000000000000, 0.000000000000000000 ) ) ;
#3732 = VECTOR ( 'NONE', #3740, 1000.000000000000000 ) ;
#3733 = VERTEX_POINT ( 'NONE', #7316 ) ;
#3734 = EDGE_CURVE ( 'NONE', #7211, #7579, #4621, .T. ) ;
#3735 = DIRECTION ( 'NONE',  ( 0.000000000000000000, 1.000000000000000000, 0.000000000000000000 ) ) ;
#3736 = DIRECTION ( 'NONE',  ( 0.000000000000000000, 0.000000000000000000, -1.000000000000000000 ) ) ;
#3737 = PLANE ( 'NONE',  #247 ) ;
#3738 = AXIS2_PLACEMENT_3D ( 'NONE', #807, #1506, #2143 ) ;
#3739 = DIRECTION ( 'NONE',  ( 0.000000000000000000, 1.000000000000000000, 0.000000000000000000 ) ) ;
#3740 = DIRECTION ( 'NONE',  ( -0.000000000000000000, -1.000000000000000000, -0.000000000000000000 ) ) ;
#3741 = PLANE ( 'NONE',  #6633 ) ;
#3742 = VERTEX_POINT ( 'NONE', #5360 ) ;
#3743 = VECTOR ( 'NONE', #2893, 1000.000000000000000 ) ;
#3744 = DIRECTION ( 'NONE',  ( -0.000000000000000000, -1.000000000000000000, -0.000000000000000000 ) ) ;
#3745 = CARTESIAN_POINT ( 'NONE',  ( -0.3699999999999992184, 0.000000000000000000, 1.720000000000000862 ) ) ;
#3746 = EDGE_CURVE ( 'NONE', #7792, #4457, #7205, .T. ) ;
#3747 = ADVANCED_FACE ( 'NONE', ( #4339 ), #7962, .F. ) ;
#3748 = ORIENTED_EDGE ( 'NONE', *, *, #5258, .F. ) ;
#3749 = FACE_OUTER_BOUND ( 'NONE', #4271, .T. ) ;
#3750 = VERTEX_POINT ( 'NONE', #540 ) ;
#3751 = PLANE ( 'NONE',  #6053 ) ;
#3752 = CARTESIAN_POINT ( 'NONE',  ( -0.8699999999999992184, 0.2000000000000000111, 2.000000000000000888 ) ) ;
#3753 = DIRECTION ( 'NONE',  ( 0.000000000000000000, -1.000000000000000000, 0.000000000000000000 ) ) ;
#3754 = PLANE ( 'NONE',  #518 ) ;
#3755 = AXIS2_PLACEMENT_3D ( 'NONE', #669, #6050, #8054 ) ;
#3756 = CARTESIAN_POINT ( 'NONE',  ( -1.006759160165102491E-16, 0.05000000000000000278, 0.1299999999999990052 ) ) ;
#3757 = EDGE_CURVE ( 'NONE', #3989, #1125, #7217, .T. ) ;
#3758 = DIRECTION ( 'NONE',  ( 0.000000000000000000, -0.000000000000000000, 1.000000000000000000 ) ) ;
#3759 = ORIENTED_EDGE ( 'NONE', *, *, #3947, .T. ) ;
#3760 = VECTOR ( 'NONE', #987, 1000.000000000000000 ) ;
#3761 = EDGE_CURVE ( 'NONE', #2222, #7149, #1486, .T. ) ;
#3762 = VERTEX_POINT ( 'NONE', #6431 ) ;
#3763 = ORIENTED_EDGE ( 'NONE', *, *, #8568, .T. ) ;
#3764 = CARTESIAN_POINT ( 'NONE',  ( -1.719999999999998863, 0.6664761515876242992, 1.370000000000000107 ) ) ;
#3765 = EDGE_CURVE ( 'NONE', #2835, #1530, #1499, .T. ) ;
#3766 = CARTESIAN_POINT ( 'NONE',  ( 0.1300000000000007816, 0.1999999999999999833, 2.000000000000000888 ) ) ;
#3767 = EDGE_CURVE ( 'NONE', #6208, #7211, #5034, .T. ) ;
#3768 = DIRECTION ( 'NONE',  ( 0.000000000000000000, -1.000000000000000000, 0.000000000000000000 ) ) ;
#3769 = ORIENTED_EDGE ( 'NONE', *, *, #7589, .F. ) ;
#3770 = VECTOR ( 'NONE', #6160, 1000.000000000000000 ) ;
#3771 = DIRECTION ( 'NONE',  ( -1.000000000000000000, 0.000000000000000000, 0.000000000000000000 ) ) ;
#3772 = EDGE_CURVE ( 'NONE', #6195, #4064, #7790, .T. ) ;
#3773 = VERTEX_POINT ( 'NONE', #1971 ) ;
#3774 = DIRECTION ( 'NONE',  ( 0.000000000000000000, 1.000000000000000000, 0.000000000000000000 ) ) ;
#3775 = EDGE_LOOP ( 'NONE', ( #2181, #5239, #2077, #2013 ) ) ;
#3776 = EDGE_LOOP ( 'NONE', ( #7969, #3994, #8196, #3846 ) ) ;
#3777 = VECTOR ( 'NONE', #3516, 1000.000000000000000 ) ;
#3778 = EDGE_CURVE ( 'NONE', #3866, #5570, #2120, .T. ) ;
#3779 = DIRECTION ( 'NONE',  ( 0.000000000000000000, -1.000000000000000000, 0.000000000000000000 ) ) ;
#3780 = DIRECTION ( 'NONE',  ( 0.000000000000000000, 0.000000000000000000, -1.000000000000000000 ) ) ;
#3781 = CYLINDRICAL_SURFACE ( 'NONE', #3428, 0.1000000000000000472 ) ;
#3782 = ORIENTED_EDGE ( 'NONE', *, *, #1029, .T. ) ;
#3783 = CARTESIAN_POINT ( 'NONE',  ( -1.999999999999999112, 0.04999999999999969746, 1.370000000000000107 ) ) ;
#3784 = CARTESIAN_POINT ( 'NONE',  ( 0.3700000000000001066, 0.04999999999999969746, -2.000000000000000888 ) ) ;
#3785 = DIRECTION ( 'NONE',  ( -1.000000000000000000, 0.000000000000000000, 7.744301232039308793E-16 ) ) ;
#3786 = DIRECTION ( 'NONE',  ( 0.000000000000000000, 1.000000000000000000, 0.000000000000000000 ) ) ;
#3787 = AXIS2_PLACEMENT_3D ( 'NONE', #6970, #6719, #5596 ) ;
#3788 = ADVANCED_FACE ( 'NONE', ( #1932 ), #1976, .F. ) ;
#3789 = DIRECTION ( 'NONE',  ( -0.000000000000000000, -1.000000000000000000, -0.000000000000000000 ) ) ;
#3790 = VERTEX_POINT ( 'NONE', #4523 ) ;
#3791 = DIRECTION ( 'NONE',  ( -1.000000000000000000, 0.000000000000000000, 0.000000000000000000 ) ) ;
#3792 = ADVANCED_FACE ( 'NONE', ( #4715 ), #5861, .F. ) ;
#3793 = LINE ( 'NONE', #7420, #1026 ) ;
#3794 = ORIENTED_EDGE ( 'NONE', *, *, #1284, .T. ) ;
#3795 = EDGE_CURVE ( 'NONE', #2095, #6035, #4969, .T. ) ;
#3796 = LINE ( 'NONE', #5278, #6694 ) ;
#3797 = VERTEX_POINT ( 'NONE', #4903 ) ;
#3798 = FILL_AREA_STYLE_COLOUR ( '', #4331 ) ;
#3799 = DIRECTION ( 'NONE',  ( 0.000000000000000000, 0.000000000000000000, 1.000000000000000000 ) ) ;
#3800 = CARTESIAN_POINT ( 'NONE',  ( -0.7499999999999993339, 0.2000000000000000111, 1.720000000000000862 ) ) ;
#3801 = CARTESIAN_POINT ( 'NONE',  ( -0.7499999999999997780, 0.000000000000000000, -1.720000000000000862 ) ) ;
#3802 = DIRECTION ( 'NONE',  ( 0.000000000000000000, 0.000000000000000000, 1.000000000000000000 ) ) ;
#3803 = ADVANCED_FACE ( 'NONE', ( #4927 ), #4890, .T. ) ;
#3804 = DIRECTION ( 'NONE',  ( -0.000000000000000000, -1.000000000000000000, -0.000000000000000000 ) ) ;
#3805 = ORIENTED_EDGE ( 'NONE', *, *, #1593, .T. ) ;
#3806 = CARTESIAN_POINT ( 'NONE',  ( 1.719999999999998863, 0.6664761515876242992, -0.8700000000000001066 ) ) ;
#3807 = FACE_OUTER_BOUND ( 'NONE', #5708, .T. ) ;
#3808 = ORIENTED_EDGE ( 'NONE', *, *, #1179, .T. ) ;
#3809 = VECTOR ( 'NONE', #2579, 1000.000000000000000 ) ;
#3810 = ORIENTED_EDGE ( 'NONE', *, *, #428, .F. ) ;
#3811 = EDGE_CURVE ( 'NONE', #2656, #172, #2039, .T. ) ;
#3812 = ORIENTED_EDGE ( 'NONE', *, *, #3110, .F. ) ;
#3813 = AXIS2_PLACEMENT_3D ( 'NONE', #3376, #4678, #6588 ) ;
#3814 = CARTESIAN_POINT ( 'NONE',  ( -1.719999999999998863, 0.6664761515876242992, -0.7499999999999995559 ) ) ;
#3815 = CARTESIAN_POINT ( 'NONE',  ( 1.250000000000000000, 3.735533905932738374, -1.149999999999999689 ) ) ;
#3816 = DIRECTION ( 'NONE',  ( 0.000000000000000000, -1.000000000000000000, 0.000000000000000000 ) ) ;
#3817 = FACE_OUTER_BOUND ( 'NONE', #8009, .T. ) ;
#3818 = CARTESIAN_POINT ( 'NONE',  ( 1.999999999999999112, 0.1999999999999999833, -0.6299999999999998934 ) ) ;
#3819 = DIRECTION ( 'NONE',  ( 0.000000000000000000, -1.000000000000000000, 0.000000000000000000 ) ) ;
#3820 = PRESENTATION_LAYER_ASSIGNMENT (  '', '', ( #6254 ) ) ;
#3821 = VECTOR ( 'NONE', #831, 1000.000000000000000 ) ;
#3822 = VERTEX_POINT ( 'NONE', #2973 ) ;
#3823 = PLANE ( 'NONE',  #6026 ) ;
#3824 = VECTOR ( 'NONE', #3785, 1000.000000000000000 ) ;
#3825 = VERTEX_POINT ( 'NONE', #1671 ) ;
#3826 = ORIENTED_EDGE ( 'NONE', *, *, #736, .F. ) ;
#3827 = EDGE_CURVE ( 'NONE', #4410, #1428, #4897, .T. ) ;
#3828 = CIRCLE ( 'NONE', #348, 0.1199999999999998845 ) ;
#3829 = LINE ( 'NONE', #5878, #6942 ) ;
#3830 = DIRECTION ( 'NONE',  ( 0.000000000000000000, -0.000000000000000000, 1.000000000000000000 ) ) ;
#3831 = PLANE ( 'NONE',  #7202 ) ;
#3832 = ORIENTED_EDGE ( 'NONE', *, *, #4353, .F. ) ;
#3833 = DIRECTION ( 'NONE',  ( -1.000000000000000000, 0.000000000000000000, 7.744301232039308793E-16 ) ) ;
#3834 = CARTESIAN_POINT ( 'NONE',  ( -1.999999999999999112, 0.05000000000000000278, 1.999999999999999556 ) ) ;
#3835 = DIRECTION ( 'NONE',  ( -0.000000000000000000, -1.000000000000000000, -0.000000000000000000 ) ) ;
#3836 = DIRECTION ( 'NONE',  ( 0.000000000000000000, -1.000000000000000000, 0.000000000000000000 ) ) ;
#3837 = EDGE_CURVE ( 'NONE', #1005, #6358, #1791, .T. ) ;
#3838 = VECTOR ( 'NONE', #3835, 1000.000000000000000 ) ;
#3839 = CARTESIAN_POINT ( 'NONE',  ( -1.719999999999998863, 0.1999999999999999833, -0.3699999999999994404 ) ) ;
#3840 = ORIENTED_EDGE ( 'NONE', *, *, #7775, .F. ) ;
#3841 = COLOUR_RGB ( '',0.7921568627450980005, 0.8196078431372548767, 0.9333333333333333481 ) ;
#3842 = ORIENTED_EDGE ( 'NONE', *, *, #6283, .T. ) ;
#3843 = VECTOR ( 'NONE', #3879, 1000.000000000000000 ) ;
#3844 = VECTOR ( 'NONE', #3833, 1000.000000000000000 ) ;
#3845 = LINE ( 'NONE', #2831, #6665 ) ;
#3846 = ORIENTED_EDGE ( 'NONE', *, *, #1884, .T. ) ;
#3847 = MANIFOLD_SOLID_BREP ( 'LPattern3[8]', #6615 ) ;
#3848 = LINE ( 'NONE', #2105, #4051 ) ;
#3849 = DIRECTION ( 'NONE',  ( 0.000000000000000000, -0.000000000000000000, 1.000000000000000000 ) ) ;
#3850 = DIRECTION ( 'NONE',  ( 0.000000000000000000, -0.000000000000000000, 1.000000000000000000 ) ) ;
#3851 = ADVANCED_FACE ( 'NONE', ( #1995 ), #6294, .F. ) ;
#3852 = CLOSED_SHELL ( 'NONE', ( #4812, #6643, #1667, #5425, #7844, #1435, #3288 ) ) ;
#3853 = DIRECTION ( 'NONE',  ( -0.000000000000000000, -0.000000000000000000, 1.000000000000000000 ) ) ;
#3854 = PLANE ( 'NONE',  #1370 ) ;
#3855 = VERTEX_POINT ( 'NONE', #3497 ) ;
#3856 = PLANE ( 'NONE',  #7089 ) ;
#3857 =( NAMED_UNIT ( * ) SI_UNIT ( $, .STERADIAN. ) SOLID_ANGLE_UNIT ( ) );
#3858 = ORIENTED_EDGE ( 'NONE', *, *, #1278, .F. ) ;
#3859 = EDGE_CURVE ( 'NONE', #8587, #3822, #1738, .T. ) ;
#3860 = DIRECTION ( 'NONE',  ( 1.000000000000000000, 0.000000000000000000, -0.000000000000000000 ) ) ;
#3861 = VECTOR ( 'NONE', #3873, 1000.000000000000000 ) ;
#3862 = LINE ( 'NONE', #7538, #3881 ) ;
#3863 = ORIENTED_EDGE ( 'NONE', *, *, #5775, .T. ) ;
#3864 = FACE_OUTER_BOUND ( 'NONE', #3420, .T. ) ;
#3865 = EDGE_CURVE ( 'NONE', #102, #8398, #4725, .T. ) ;
#3866 = VERTEX_POINT ( 'NONE', #916 ) ;
#3867 = EDGE_CURVE ( 'NONE', #6092, #1365, #4863, .T. ) ;
#3868 = VERTEX_POINT ( 'NONE', #8145 ) ;
#3869 = CARTESIAN_POINT ( 'NONE',  ( -0.2499999999999997780, 0.000000000000000000, -1.720000000000000862 ) ) ;
#3870 = ADVANCED_FACE ( 'NONE', ( #7776 ), #7643, .F. ) ;
#3871 = PLANE ( 'NONE',  #8352 ) ;
#3872 = EDGE_LOOP ( 'NONE', ( #5816, #8551, #5852, #8487 ) ) ;
#3873 = DIRECTION ( 'NONE',  ( -0.000000000000000000, -0.000000000000000000, 1.000000000000000000 ) ) ;
#3874 = ORIENTED_EDGE ( 'NONE', *, *, #8158, .F. ) ;
#3875 = CARTESIAN_POINT ( 'NONE',  ( -1.999999999999999112, 0.000000000000000000, -0.8699999999999994404 ) ) ;
#3876 = VECTOR ( 'NONE', #8446, 1000.000000000000000 ) ;
#3877 = CARTESIAN_POINT ( 'NONE',  ( 1.719999999999998863, 0.1999999999999999833, -0.6299999999999998934 ) ) ;
#3878 = VECTOR ( 'NONE', #6866, 1000.000000000000000 ) ;
#3879 = DIRECTION ( 'NONE',  ( -0.000000000000000000, -0.000000000000000000, 1.000000000000000000 ) ) ;
#3880 = CARTESIAN_POINT ( 'NONE',  ( 1.999999999999999112, 0.6664761515876242992, -1.369999999999999440 ) ) ;
#3881 = VECTOR ( 'NONE', #847, 1000.000000000000000 ) ;
#3882 = VERTEX_POINT ( 'NONE', #6081 ) ;
#3883 = PLANE ( 'NONE',  #366 ) ;
#3884 = EDGE_LOOP ( 'NONE', ( #6287, #2042, #7660, #4971 ) ) ;
#3885 = EDGE_LOOP ( 'NONE', ( #7311, #7125, #7852, #6164 ) ) ;
#3886 = EDGE_LOOP ( 'NONE', ( #6722, #8169, #1100, #2235 ) ) ;
#3887 = ORIENTED_EDGE ( 'NONE', *, *, #5069, .F. ) ;
#3888 = FACE_OUTER_BOUND ( 'NONE', #2091, .T. ) ;
#3889 = AXIS2_PLACEMENT_3D ( 'NONE', #1469, #2938, #885 ) ;
#3890 = LINE ( 'NONE', #6154, #4061 ) ;
#3891 = SURFACE_STYLE_USAGE ( .BOTH. , #7225 ) ;
#3892 = CARTESIAN_POINT ( 'NONE',  ( -0.1299999999999994771, 0.2000000000000000111, 2.000000000000000888 ) ) ;
#3893 = VECTOR ( 'NONE', #5163, 1000.000000000000000 ) ;
#3894 = ORIENTED_EDGE ( 'NONE', *, *, #5648, .T. ) ;
#3895 = DIRECTION ( 'NONE',  ( -0.000000000000000000, -1.000000000000000000, -0.000000000000000000 ) ) ;
#3896 = DIRECTION ( 'NONE',  ( 0.000000000000000000, 0.000000000000000000, 1.000000000000000000 ) ) ;
#3897 = CARTESIAN_POINT ( 'NONE',  ( 1.149999999999999911, 0.000000000000000000, 1.250000000000000222 ) ) ;
#3898 = DIRECTION ( 'NONE',  ( -1.000000000000000000, 0.000000000000000000, 7.744301232039308793E-16 ) ) ;
#3899 = VECTOR ( 'NONE', #7111, 1000.000000000000000 ) ;
#3900 = CARTESIAN_POINT ( 'NONE',  ( -0.7499999999999997780, 0.2000000000000000111, -1.720000000000000862 ) ) ;
#3901 = ORIENTED_EDGE ( 'NONE', *, *, #7825, .F. ) ;
#3902 = CARTESIAN_POINT ( 'NONE',  ( -1.369999999999999662, 0.2000000000000000111, -1.720000000000000862 ) ) ;
#3903 = ORIENTED_EDGE ( 'NONE', *, *, #4618, .T. ) ;
#3904 = EDGE_CURVE ( 'NONE', #957, #5962, #4655, .T. ) ;
#3905 = ORIENTED_EDGE ( 'NONE', *, *, #5998, .F. ) ;
#3906 = ORIENTED_EDGE ( 'NONE', *, *, #7745, .T. ) ;
#3907 = CIRCLE ( 'NONE', #6269, 0.1199999999999998845 ) ;
#3908 = LINE ( 'NONE', #5825, #1044 ) ;
#3909 = ORIENTED_EDGE ( 'NONE', *, *, #176, .T. ) ;
#3910 = AXIS2_PLACEMENT_3D ( 'NONE', #778, #2810, #4714 ) ;
#3911 = VECTOR ( 'NONE', #4782, 1000.000000000000000 ) ;
#3912 = ORIENTED_EDGE ( 'NONE', *, *, #7002, .T. ) ;
#3913 = AXIS2_PLACEMENT_3D ( 'NONE', #184, #2653, #3542 ) ;
#3914 = DIRECTION ( 'NONE',  ( 0.000000000000000000, 0.000000000000000000, -1.000000000000000000 ) ) ;
#3915 = DIRECTION ( 'NONE',  ( 1.000000000000000000, 0.000000000000000000, 7.744301232039308793E-16 ) ) ;
#3916 = CARTESIAN_POINT ( 'NONE',  ( 0.6300000000000003375, 0.1999999999999999833, -1.720000000000000862 ) ) ;
#3917 = CARTESIAN_POINT ( 'NONE',  ( 1.250000000000000000, 0.2000000000000000944, -1.249999999999999778 ) ) ;
#3918 = DIRECTION ( 'NONE',  ( 0.000000000000000000, 1.000000000000000000, 0.000000000000000000 ) ) ;
#3919 = CARTESIAN_POINT ( 'NONE',  ( 1.130000000000000782, 0.1999999999999999833, 2.000000000000000888 ) ) ;
#3920 = PLANE ( 'NONE',  #1328 ) ;
#3921 = ORIENTED_EDGE ( 'NONE', *, *, #1061, .T. ) ;
#3922 = CARTESIAN_POINT ( 'NONE',  ( -1.999999999999999112, 0.1999999999999999833, 0.3700000000000001066 ) ) ;
#3923 = ORIENTED_EDGE ( 'NONE', *, *, #5539, .T. ) ;
#3924 = LINE ( 'NONE', #2502, #1162 ) ;
#3925 = CARTESIAN_POINT ( 'NONE',  ( 1.999999999999999112, 0.6664761515876242992, 0.1300000000000005596 ) ) ;
#3926 = FACE_OUTER_BOUND ( 'NONE', #6186, .T. ) ;
#3927 = ORIENTED_EDGE ( 'NONE', *, *, #6908, .F. ) ;
#3928 = EDGE_CURVE ( 'NONE', #5609, #5108, #7738, .T. ) ;
#3929 = AXIS2_PLACEMENT_3D ( 'NONE', #5911, #539, #6020 ) ;
#3930 = ADVANCED_FACE ( 'NONE', ( #1961 ), #3551, .T. ) ;
#3931 = ORIENTED_EDGE ( 'NONE', *, *, #8544, .T. ) ;
#3932 = MECHANICAL_DESIGN_GEOMETRIC_PRESENTATION_REPRESENTATION (  '', ( #1121 ), #7097 ) ;
#3933 = EDGE_LOOP ( 'NONE', ( #8404, #3268, #1393, #4837 ) ) ;
#3934 = AXIS2_PLACEMENT_3D ( 'NONE', #5694, #6285, #7682 ) ;
#3935 = DIRECTION ( 'NONE',  ( 1.000000000000000000, -0.000000000000000000, -0.000000000000000000 ) ) ;
#3936 = DIRECTION ( 'NONE',  ( -0.000000000000000000, 0.000000000000000000, 1.000000000000000000 ) ) ;
#3937 = VERTEX_POINT ( 'NONE', #6847 ) ;
#3938 = CARTESIAN_POINT ( 'NONE',  ( 1.719999999999998863, 0.1999999999999999833, -1.369999999999999662 ) ) ;
#3939 = ORIENTED_EDGE ( 'NONE', *, *, #7068, .T. ) ;
#3940 = COLOUR_RGB ( '',0.7921568627450980005, 0.8196078431372548767, 0.9333333333333333481 ) ;
#3941 = DIRECTION ( 'NONE',  ( -0.000000000000000000, -1.000000000000000000, -0.000000000000000000 ) ) ;
#3942 = VECTOR ( 'NONE', #421, 1000.000000000000000 ) ;
#3943 = CARTESIAN_POINT ( 'NONE',  ( -1.719999999999998863, 0.6664761515876242992, 0.6300000000000003375 ) ) ;
#3944 = PRESENTATION_STYLE_ASSIGNMENT (( #5792 ) ) ;
#3945 = VERTEX_POINT ( 'NONE', #4234 ) ;
#3946 = DIRECTION ( 'NONE',  ( -1.000000000000000000, 0.000000000000000000, -0.000000000000000000 ) ) ;
#3947 = EDGE_CURVE ( 'NONE', #2675, #5529, #7828, .T. ) ;
#3948 = VERTEX_POINT ( 'NONE', #406 ) ;
#3949 = ADVANCED_FACE ( 'NONE', ( #5007 ), #112, .F. ) ;
#3950 = VERTEX_POINT ( 'NONE', #1342 ) ;
#3951 = VECTOR ( 'NONE', #3085, 1000.000000000000000 ) ;
#3952 = CIRCLE ( 'NONE', #1761, 0.1199999999999998845 ) ;
#3953 = DIRECTION ( 'NONE',  ( -0.000000000000000000, -1.000000000000000000, -0.000000000000000000 ) ) ;
#3954 = DIRECTION ( 'NONE',  ( -0.000000000000000000, -1.000000000000000000, -0.000000000000000000 ) ) ;
#3955 = PRESENTATION_STYLE_ASSIGNMENT (( #1953 ) ) ;
#3956 = VERTEX_POINT ( 'NONE', #1032 ) ;
#3957 = CARTESIAN_POINT ( 'NONE',  ( -1.369999999999999218, 0.6664761515876238551, 1.720000000000000862 ) ) ;
#3958 = CARTESIAN_POINT ( 'NONE',  ( 1.999999999999999112, 0.000000000000000000, 1.370000000000000107 ) ) ;
#3959 = CARTESIAN_POINT ( 'NONE',  ( -1.719999999999998863, 0.05000000000000002359, -1.129999999999999893 ) ) ;
#3960 = DIRECTION ( 'NONE',  ( 1.000000000000000000, -0.000000000000000000, -1.084202172485504434E-16 ) ) ;
#3961 = LINE ( 'NONE', #8595, #3809 ) ;
#3962 = CARTESIAN_POINT ( 'NONE',  ( -1.719999999999998863, 0.000000000000000000, 0.7500000000000004441 ) ) ;
#3963 = VERTEX_POINT ( 'NONE', #2380 ) ;
#3964 = CARTESIAN_POINT ( 'NONE',  ( 1.999999999999999112, 0.1999999999999999833, 1.370000000000000107 ) ) ;
#3965 = VERTEX_POINT ( 'NONE', #7695 ) ;
#3966 = VERTEX_POINT ( 'NONE', #4669 ) ;
#3967 = VECTOR ( 'NONE', #5140, 1000.000000000000000 ) ;
#3968 = EDGE_CURVE ( 'NONE', #2431, #4367, #2099, .T. ) ;
#3969 = VECTOR ( 'NONE', #7980, 1000.000000000000000 ) ;
#3970 = EDGE_LOOP ( 'NONE', ( #5891, #3034, #143, #3048 ) ) ;
#3971 = DIRECTION ( 'NONE',  ( 0.000000000000000000, 0.000000000000000000, -1.000000000000000000 ) ) ;
#3972 = CARTESIAN_POINT ( 'NONE',  ( -1.250000000000000000, 0.2000000000000000944, -1.250000000000000222 ) ) ;
#3973 = ORIENTED_EDGE ( 'NONE', *, *, #2751, .T. ) ;
#3974 = DIRECTION ( 'NONE',  ( 0.000000000000000000, 0.000000000000000000, -1.000000000000000000 ) ) ;
#3975 = DIRECTION ( 'NONE',  ( 1.000000000000000000, -0.000000000000000000, 1.734723475976807094E-16 ) ) ;
#3976 = DIRECTION ( 'NONE',  ( 0.000000000000000000, 0.000000000000000000, -1.000000000000000000 ) ) ;
#3977 = EDGE_LOOP ( 'NONE', ( #1700, #7324, #8, #5506 ) ) ;
#3978 = CARTESIAN_POINT ( 'NONE',  ( 1.250000000000000000, 0.000000000000000000, 1.150000000000000355 ) ) ;
#3979 = CIRCLE ( 'NONE', #5187, 0.1000000000000000472 ) ;
#3980 = EDGE_CURVE ( 'NONE', #8189, #7515, #7540, .T. ) ;
#3981 = ORIENTED_EDGE ( 'NONE', *, *, #3575, .F. ) ;
#3982 = CIRCLE ( 'NONE', #6880, 0.1199999999999998845 ) ;
#3983 = DIRECTION ( 'NONE',  ( 0.000000000000000000, 1.000000000000000000, 0.000000000000000000 ) ) ;
#3984 = FACE_OUTER_BOUND ( 'NONE', #7012, .T. ) ;
#3985 = EDGE_CURVE ( 'NONE', #1978, #160, #4668, .T. ) ;
#3986 = LINE ( 'NONE', #7879, #6634 ) ;
#3987 = EDGE_LOOP ( 'NONE', ( #2867, #4596, #7528, #5623 ) ) ;
#3988 = ADVANCED_FACE ( 'NONE', ( #1804 ), #7341, .F. ) ;
#3989 = VERTEX_POINT ( 'NONE', #1217 ) ;
#3990 = VECTOR ( 'NONE', #3960, 1000.000000000000000 ) ;
#3991 = DIRECTION ( 'NONE',  ( -1.000000000000000000, 0.000000000000000000, 0.000000000000000000 ) ) ;
#3992 = EDGE_LOOP ( 'NONE', ( #2999, #3436, #3253, #6302 ) ) ;
#3993 = CARTESIAN_POINT ( 'NONE',  ( -1.249999999999999334, 0.1999999999999999833, 1.720000000000000862 ) ) ;
#3994 = ORIENTED_EDGE ( 'NONE', *, *, #399, .T. ) ;
#3995 = PLANE ( 'NONE',  #5094 ) ;
#3996 = FACE_OUTER_BOUND ( 'NONE', #918, .T. ) ;
#3997 = DIRECTION ( 'NONE',  ( 0.000000000000000000, 0.000000000000000000, -1.000000000000000000 ) ) ;
#3998 = CARTESIAN_POINT ( 'NONE',  ( -0.8699999999999992184, 0.05000000000000000278, 0.000000000000000000 ) ) ;
#3999 = CIRCLE ( 'NONE', #6424, 0.1199999999999998845 ) ;
#4000 = FACE_OUTER_BOUND ( 'NONE', #5695, .T. ) ;
#4001 = ORIENTED_EDGE ( 'NONE', *, *, #5307, .T. ) ;
#4002 = DIRECTION ( 'NONE',  ( 0.000000000000000000, -1.000000000000000000, 0.000000000000000000 ) ) ;
#4003 = LINE ( 'NONE', #1789, #6928 ) ;
#4004 = EDGE_CURVE ( 'NONE', #1283, #8454, #5106, .T. ) ;
#4005 = CARTESIAN_POINT ( 'NONE',  ( 1.719999999999998863, 0.000000000000000000, 1.130000000000000338 ) ) ;
#4006 = ADVANCED_FACE ( 'NONE', ( #5346 ), #7986, .F. ) ;
#4007 = ORIENTED_EDGE ( 'NONE', *, *, #8410, .T. ) ;
#4008 = AXIS2_PLACEMENT_3D ( 'NONE', #8107, #222, #8048 ) ;
#4009 = EDGE_LOOP ( 'NONE', ( #2398, #3549, #1996, #6440 ) ) ;
#4010 = FACE_OUTER_BOUND ( 'NONE', #6251, .T. ) ;
#4011 = VERTEX_POINT ( 'NONE', #667 ) ;
#4012 = VECTOR ( 'NONE', #218, 1000.000000000000000 ) ;
#4013 = DIRECTION ( 'NONE',  ( 1.000000000000000000, -0.000000000000000000, 0.000000000000000000 ) ) ;
#4014 = VERTEX_POINT ( 'NONE', #3083 ) ;
#4015 = DIRECTION ( 'NONE',  ( 0.000000000000000000, 0.000000000000000000, 1.000000000000000000 ) ) ;
#4016 = CARTESIAN_POINT ( 'NONE',  ( -1.999999999999999112, 1.000000000000000000, 1.999999999999999556 ) ) ;
#4017 = DIRECTION ( 'NONE',  ( 0.000000000000000000, 0.000000000000000000, -1.000000000000000000 ) ) ;
#4018 = EDGE_CURVE ( 'NONE', #404, #5033, #2370, .T. ) ;
#4019 = FACE_OUTER_BOUND ( 'NONE', #5658, .T. ) ;
#4020 = CARTESIAN_POINT ( 'NONE',  ( 0.3700000000000001066, 0.04999999999999999584, -1.720000000000000862 ) ) ;
#4021 = VERTEX_POINT ( 'NONE', #2630 ) ;
#4022 = AXIS2_PLACEMENT_3D ( 'NONE', #1625, #2270, #922 ) ;
#4023 = DIRECTION ( 'NONE',  ( 0.000000000000000000, 0.000000000000000000, 1.000000000000000000 ) ) ;
#4024 = AXIS2_PLACEMENT_3D ( 'NONE', #4257, #4119, #3361 ) ;
#4025 = CIRCLE ( 'NONE', #3496, 0.1199999999999998845 ) ;
#4026 = ORIENTED_EDGE ( 'NONE', *, *, #3146, .F. ) ;
#4027 = LINE ( 'NONE', #4481, #4138 ) ;
#4028 = CIRCLE ( 'NONE', #7698, 0.1199999999999998845 ) ;
#4029 = ORIENTED_EDGE ( 'NONE', *, *, #2507, .F. ) ;
#4030 = LINE ( 'NONE', #522, #913 ) ;
#4031 = PLANE ( 'NONE',  #5831 ) ;
#4032 = EDGE_LOOP ( 'NONE', ( #3116, #1143, #6568, #578 ) ) ;
#4033 = DIRECTION ( 'NONE',  ( -1.000000000000000000, 0.000000000000000000, -0.000000000000000000 ) ) ;
#4034 = DIRECTION ( 'NONE',  ( 7.744301232039308793E-16, 0.000000000000000000, 1.000000000000000000 ) ) ;
#4035 = CARTESIAN_POINT ( 'NONE',  ( 0.8700000000000005507, 0.04999999999999999584, 1.720000000000000862 ) ) ;
#4036 = CARTESIAN_POINT ( 'NONE',  ( 0.000000000000000000, 0.05000000000000000278, -0.6299999999999998934 ) ) ;
#4037 = AXIS2_PLACEMENT_3D ( 'NONE', #6606, #3918, #542 ) ;
#4038 = EDGE_CURVE ( 'NONE', #2341, #3750, #8187, .T. ) ;
#4039 = DIRECTION ( 'NONE',  ( -1.000000000000000000, 0.000000000000000000, 0.000000000000000000 ) ) ;
#4040 = FACE_OUTER_BOUND ( 'NONE', #5538, .T. ) ;
#4041 = AXIS2_PLACEMENT_3D ( 'NONE', #6844, #4423, #8323 ) ;
#4042 = ORIENTED_EDGE ( 'NONE', *, *, #7733, .T. ) ;
#4043 = VERTEX_POINT ( 'NONE', #2050 ) ;
#4044 = DIRECTION ( 'NONE',  ( 0.000000000000000000, 1.000000000000000000, 0.000000000000000000 ) ) ;
#4045 = VECTOR ( 'NONE', #6245, 1000.000000000000000 ) ;
#4046 = CARTESIAN_POINT ( 'NONE',  ( -1.369999999999999218, 0.1999999999999999833, 1.720000000000000862 ) ) ;
#4047 = FACE_OUTER_BOUND ( 'NONE', #3992, .T. ) ;
#4048 = LINE ( 'NONE', #4906, #7066 ) ;
#4049 = VERTEX_POINT ( 'NONE', #3715 ) ;
#4050 = EDGE_CURVE ( 'NONE', #6795, #4011, #7953, .T. ) ;
#4051 = VECTOR ( 'NONE', #2936, 1000.000000000000000 ) ;
#4052 = ORIENTED_EDGE ( 'NONE', *, *, #4884, .F. ) ;
#4053 = FACE_OUTER_BOUND ( 'NONE', #2866, .T. ) ;
#4054 = VERTEX_POINT ( 'NONE', #5882 ) ;
#4055 = EDGE_CURVE ( 'NONE', #5523, #5827, #8237, .T. ) ;
#4056 = DIRECTION ( 'NONE',  ( -0.000000000000000000, -1.000000000000000000, -0.000000000000000000 ) ) ;
#4057 = EDGE_LOOP ( 'NONE', ( #2129, #1464, #4770, #3195 ) ) ;
#4058 = LINE ( 'NONE', #4305, #6894 ) ;
#4059 = PLANE ( 'NONE',  #3313 ) ;
#4060 = DIRECTION ( 'NONE',  ( 0.000000000000000000, 0.000000000000000000, -1.000000000000000000 ) ) ;
#4061 = VECTOR ( 'NONE', #6259, 1000.000000000000000 ) ;
#4062 = CARTESIAN_POINT ( 'NONE',  ( 1.719999999999998863, 0.6664761515876242992, -0.6299999999999998934 ) ) ;
#4063 = CYLINDRICAL_SURFACE ( 'NONE', #6340, 0.1199999999999998845 ) ;
#4064 = VERTEX_POINT ( 'NONE', #8049 ) ;
#4065 = CARTESIAN_POINT ( 'NONE',  ( 1.719999999999998863, 0.000000000000000000, -0.8699999999999996625 ) ) ;
#4066 =( LENGTH_UNIT ( ) NAMED_UNIT ( * ) SI_UNIT ( .MILLI., .METRE. ) );
#4067 = ADVANCED_FACE ( 'NONE', ( #8201 ), #5329, .T. ) ;
#4068 = SURFACE_STYLE_USAGE ( .BOTH. , #4718 ) ;
#4069 = LINE ( 'NONE', #2520, #3899 ) ;
#4070 = AXIS2_PLACEMENT_3D ( 'NONE', #1256, #6022, #3976 ) ;
#4071 = VERTEX_POINT ( 'NONE', #1280 ) ;
#4072 = LINE ( 'NONE', #2070, #1368 ) ;
#4073 = EDGE_LOOP ( 'NONE', ( #1843, #4509, #1943, #1986 ) ) ;
#4074 = EDGE_LOOP ( 'NONE', ( #6463, #8242, #451, #2404, #2229 ) ) ;
#4075 = VECTOR ( 'NONE', #1512, 1000.000000000000000 ) ;
#4076 = PLANE ( 'NONE',  #7525 ) ;
#4077 = VECTOR ( 'NONE', #7900, 1000.000000000000000 ) ;
#4078 = VERTEX_POINT ( 'NONE', #8385 ) ;
#4079 = DIRECTION ( 'NONE',  ( -0.000000000000000000, -1.000000000000000000, -0.000000000000000000 ) ) ;
#4080 = CARTESIAN_POINT ( 'NONE',  ( -1.719999999999998863, 0.6664761515876242992, -0.8699999999999996625 ) ) ;
#4081 = DIRECTION ( 'NONE',  ( 1.000000000000000000, -0.000000000000000000, -0.000000000000000000 ) ) ;
#4082 = DIRECTION ( 'NONE',  ( -1.000000000000000000, 0.000000000000000000, 1.084202172485504434E-16 ) ) ;
#4083 = ADVANCED_FACE ( 'NONE', ( #8124 ), #3307, .T. ) ;
#4084 = DIRECTION ( 'NONE',  ( -0.000000000000000000, -1.000000000000000000, -0.000000000000000000 ) ) ;
#4085 = DIRECTION ( 'NONE',  ( 0.000000000000000000, -0.000000000000000000, 1.000000000000000000 ) ) ;
#4086 = ORIENTED_EDGE ( 'NONE', *, *, #1173, .F. ) ;
#4087 = EDGE_CURVE ( 'NONE', #3109, #962, #8097, .T. ) ;
#4088 = ORIENTED_EDGE ( 'NONE', *, *, #1998, .T. ) ;
#4089 = VECTOR ( 'NONE', #5843, 1000.000000000000000 ) ;
#4090 = ORIENTED_EDGE ( 'NONE', *, *, #8509, .T. ) ;
#4091 = VECTOR ( 'NONE', #4056, 1000.000000000000000 ) ;
#4092 = VECTOR ( 'NONE', #6350, 1000.000000000000000 ) ;
#4093 = ORIENTED_EDGE ( 'NONE', *, *, #2217, .T. ) ;
#4094 = EDGE_CURVE ( 'NONE', #3640, #1609, #2151, .T. ) ;
#4095 = ORIENTED_EDGE ( 'NONE', *, *, #5377, .T. ) ;
#4096 = DIRECTION ( 'NONE',  ( 0.000000000000000000, 1.000000000000000000, 0.000000000000000000 ) ) ;
#4097 = DIRECTION ( 'NONE',  ( 0.000000000000000000, 0.000000000000000000, 1.000000000000000000 ) ) ;
#4098 = DIRECTION ( 'NONE',  ( 0.000000000000000000, -1.000000000000000000, 0.000000000000000000 ) ) ;
#4099 = EDGE_CURVE ( 'NONE', #4049, #673, #2427, .T. ) ;
#4100 = DIRECTION ( 'NONE',  ( -1.000000000000000000, 0.000000000000000000, 0.000000000000000000 ) ) ;
#4101 = DIRECTION ( 'NONE',  ( -0.000000000000000000, -1.000000000000000000, -0.000000000000000000 ) ) ;
#4102 = EDGE_LOOP ( 'NONE', ( #6, #6225, #8515, #182 ) ) ;
#4103 = ADVANCED_FACE ( 'NONE', ( #7989 ), #223, .T. ) ;
#4104 = FACE_OUTER_BOUND ( 'NONE', #7230, .T. ) ;
#4105 = VERTEX_POINT ( 'NONE', #6810 ) ;
#4106 = ORIENTED_EDGE ( 'NONE', *, *, #7489, .T. ) ;
#4107 = CARTESIAN_POINT ( 'NONE',  ( -0.3699999999999992184, 0.000000000000000000, 2.000000000000000888 ) ) ;
#4108 = LINE ( 'NONE', #1936, #3951 ) ;
#4109 = CARTESIAN_POINT ( 'NONE',  ( -0.1299999999999994771, 0.05000000000000000278, 0.000000000000000000 ) ) ;
#4110 = LINE ( 'NONE', #3097, #7014 ) ;
#4111 = FACE_OUTER_BOUND ( 'NONE', #5629, .T. ) ;
#4112 = ORIENTED_EDGE ( 'NONE', *, *, #4516, .T. ) ;
#4113 = FACE_OUTER_BOUND ( 'NONE', #6403, .T. ) ;
#4114 = ORIENTED_EDGE ( 'NONE', *, *, #4827, .T. ) ;
#4115 = ORIENTED_EDGE ( 'NONE', *, *, #6917, .T. ) ;
#4116 = EDGE_CURVE ( 'NONE', #3041, #2695, #8174, .T. ) ;
#4117 = VECTOR ( 'NONE', #3898, 1000.000000000000000 ) ;
#4118 = ORIENTED_EDGE ( 'NONE', *, *, #5929, .T. ) ;
#4119 = DIRECTION ( 'NONE',  ( 0.000000000000000000, 1.000000000000000000, 0.000000000000000000 ) ) ;
#4120 = VECTOR ( 'NONE', #2934, 1000.000000000000000 ) ;
#4121 = DIRECTION ( 'NONE',  ( 1.000000000000000000, 0.000000000000000000, 0.000000000000000000 ) ) ;
#4122 = CARTESIAN_POINT ( 'NONE',  ( -0.2499999999999993616, 0.2000000000000000111, 1.720000000000000862 ) ) ;
#4123 = CARTESIAN_POINT ( 'NONE',  ( -0.8699999999999992184, 0.6664761515876238551, 1.720000000000000862 ) ) ;
#4124 = LINE ( 'NONE', #1397, #1114 ) ;
#4125 = PLANE ( 'NONE',  #6316 ) ;
#4126 = VERTEX_POINT ( 'NONE', #2110 ) ;
#4127 = PLANE ( 'NONE',  #2453 ) ;
#4128 =( GEOMETRIC_REPRESENTATION_CONTEXT ( 3 ) GLOBAL_UNCERTAINTY_ASSIGNED_CONTEXT ( ( #40 ) ) GLOBAL_UNIT_ASSIGNED_CONTEXT ( ( #8321, #349, #963 ) ) REPRESENTATION_CONTEXT ( 'NONE', 'WORKASPACE' ) );
#4129 = DIRECTION ( 'NONE',  ( 0.000000000000000000, 1.000000000000000000, 0.000000000000000000 ) ) ;
#4130 = CARTESIAN_POINT ( 'NONE',  ( 0.8700000000000001066, 0.2000000000000000111, -1.720000000000000862 ) ) ;
#4131 = LINE ( 'NONE', #4282, #4249 ) ;
#4132 = ORIENTED_EDGE ( 'NONE', *, *, #482, .T. ) ;
#4133 = STYLED_ITEM ( 'NONE', ( #5228 ), #6718 ) ;
#4134 = VECTOR ( 'NONE', #4325, 1000.000000000000000 ) ;
#4135 = EDGE_LOOP ( 'NONE', ( #5171, #7608, #5942, #6286 ) ) ;
#4136 = EDGE_CURVE ( 'NONE', #7193, #1895, #2396, .T. ) ;
#4137 = FACE_OUTER_BOUND ( 'NONE', #8095, .T. ) ;
#4138 = VECTOR ( 'NONE', #5768, 1000.000000000000000 ) ;
#4139 = DIRECTION ( 'NONE',  ( 0.000000000000000000, -1.000000000000000000, 0.000000000000000000 ) ) ;
#4140 = AXIS2_PLACEMENT_3D ( 'NONE', #7377, #4803, #1383 ) ;
#4141 = FACE_OUTER_BOUND ( 'NONE', #5053, .T. ) ;
#4142 = ORIENTED_EDGE ( 'NONE', *, *, #7155, .F. ) ;
#4143 = CARTESIAN_POINT ( 'NONE',  ( -1.150000000000000133, 3.735533905932738374, -1.150000000000000133 ) ) ;
#4144 = CARTESIAN_POINT ( 'NONE',  ( 1.999999999999999112, 0.1999999999999999833, -0.6299999999999998934 ) ) ;
#4145 = ADVANCED_FACE ( 'NONE', ( #8154 ), #275, .F. ) ;
#4146 = CARTESIAN_POINT ( 'NONE',  ( 0.8700000000000001066, 0.04999999999999999584, -1.720000000000000862 ) ) ;
#4147 = DIRECTION ( 'NONE',  ( 0.000000000000000000, -1.000000000000000000, 0.000000000000000000 ) ) ;
#4148 = VECTOR ( 'NONE', #4833, 1000.000000000000000 ) ;
#4149 = DIRECTION ( 'NONE',  ( 0.000000000000000000, 0.000000000000000000, 1.000000000000000000 ) ) ;
#4150 = ORIENTED_EDGE ( 'NONE', *, *, #6695, .T. ) ;
#4151 = LINE ( 'NONE', #3917, #7020 ) ;
#4152 = PLANE ( 'NONE',  #744 ) ;
#4153 = CARTESIAN_POINT ( 'NONE',  ( 0.2500000000000006661, 0.04999999999999999584, 1.720000000000000862 ) ) ;
#4154 = AXIS2_PLACEMENT_3D ( 'NONE', #6189, #8207, #4486 ) ;
#4155 = ORIENTED_EDGE ( 'NONE', *, *, #4661, .T. ) ;
#4156 =( GEOMETRIC_REPRESENTATION_CONTEXT ( 3 ) GLOBAL_UNCERTAINTY_ASSIGNED_CONTEXT ( ( #7994 ) ) GLOBAL_UNIT_ASSIGNED_CONTEXT ( ( #6486, #336, #5806 ) ) REPRESENTATION_CONTEXT ( 'NONE', 'WORKASPACE' ) );
#4157 = LINE ( 'NONE', #2710, #1202 ) ;
#4158 = CYLINDRICAL_SURFACE ( 'NONE', #5112, 0.1199999999999998845 ) ;
#4159 = FACE_OUTER_BOUND ( 'NONE', #1696, .T. ) ;
#4160 = CIRCLE ( 'NONE', #6421, 0.1199999999999998845 ) ;
#4161 = ORIENTED_EDGE ( 'NONE', *, *, #3968, .T. ) ;
#4162 = EDGE_CURVE ( 'NONE', #5570, #6358, #5312, .T. ) ;
#4163 = VECTOR ( 'NONE', #899, 1000.000000000000000 ) ;
#4164 = AXIS2_PLACEMENT_3D ( 'NONE', #5511, #391, #7728 ) ;
#4165 = CARTESIAN_POINT ( 'NONE',  ( 1.250000000000000000, 3.735533905932738374, 1.250000000000000222 ) ) ;
#4166 = ADVANCED_FACE ( 'NONE', ( #5179 ), #4127, .F. ) ;
#4167 = EDGE_LOOP ( 'NONE', ( #2605, #6288, #5701, #3423 ) ) ;
#4168 = CARTESIAN_POINT ( 'NONE',  ( -0.3699999999999996625, 0.1999999999999999833, -2.000000000000000888 ) ) ;
#4169 = VECTOR ( 'NONE', #2910, 1000.000000000000000 ) ;
#4170 = PLANE ( 'NONE',  #4273 ) ;
#4171 = DIRECTION ( 'NONE',  ( -0.000000000000000000, 0.000000000000000000, -1.000000000000000000 ) ) ;
#4172 =( NAMED_UNIT ( * ) PLANE_ANGLE_UNIT ( ) SI_UNIT ( $, .RADIAN. ) );
#4173 = ORIENTED_EDGE ( 'NONE', *, *, #1134, .F. ) ;
#4174 = DIRECTION ( 'NONE',  ( -1.000000000000000000, 0.000000000000000000, 7.744301232039308793E-16 ) ) ;
#4175 = CARTESIAN_POINT ( 'NONE',  ( 1.719999999999998863, 0.000000000000000000, -0.6299999999999998934 ) ) ;
#4176 =( GEOMETRIC_REPRESENTATION_CONTEXT ( 3 ) GLOBAL_UNCERTAINTY_ASSIGNED_CONTEXT ( ( #5870 ) ) GLOBAL_UNIT_ASSIGNED_CONTEXT ( ( #219, #1635, #3680 ) ) REPRESENTATION_CONTEXT ( 'NONE', 'WORKASPACE' ) );
#4177 = CIRCLE ( 'NONE', #4676, 0.1666666649999999361 ) ;
#4178 = DIRECTION ( 'NONE',  ( 0.000000000000000000, 0.000000000000000000, -1.000000000000000000 ) ) ;
#4179 = EDGE_CURVE ( 'NONE', #5529, #5828, #2178, .T. ) ;
#4180 = CIRCLE ( 'NONE', #630, 0.1000000000000000472 ) ;
#4181 = DIRECTION ( 'NONE',  ( -0.000000000000000000, -0.000000000000000000, 1.000000000000000000 ) ) ;
#4182 = CYLINDRICAL_SURFACE ( 'NONE', #331, 0.1000000000000000472 ) ;
#4183 = VERTEX_POINT ( 'NONE', #3570 ) ;
#4184 = FACE_OUTER_BOUND ( 'NONE', #1307, .T. ) ;
#4185 = VERTEX_POINT ( 'NONE', #5439 ) ;
#4186 = FACE_OUTER_BOUND ( 'NONE', #1458, .T. ) ;
#4187 = VECTOR ( 'NONE', #1055, 1000.000000000000000 ) ;
#4188 = CARTESIAN_POINT ( 'NONE',  ( -1.129999999999999893, 0.1999999999999999833, -1.720000000000000862 ) ) ;
#4189 = ORIENTED_EDGE ( 'NONE', *, *, #5128, .T. ) ;
#4190 = DIRECTION ( 'NONE',  ( 0.000000000000000000, -1.000000000000000000, 0.000000000000000000 ) ) ;
#4191 = DIRECTION ( 'NONE',  ( -1.000000000000000000, 0.000000000000000000, 7.744301232039308793E-16 ) ) ;
#4192 = VECTOR ( 'NONE', #7762, 1000.000000000000000 ) ;
#4193 = CARTESIAN_POINT ( 'NONE',  ( -1.249999999999999334, 0.2000000000000000111, 1.720000000000000862 ) ) ;
#4194 = AXIS2_PLACEMENT_3D ( 'NONE', #4550, #564, #7278 ) ;
#4195 = VECTOR ( 'NONE', #6823, 1000.000000000000000 ) ;
#4196 = DIRECTION ( 'NONE',  ( 0.000000000000000000, -1.000000000000000000, 0.000000000000000000 ) ) ;
#4197 = EDGE_CURVE ( 'NONE', #8455, #3797, #2356, .T. ) ;
#4198 = CIRCLE ( 'NONE', #7180, 0.1199999999999998845 ) ;
#4199 = EDGE_LOOP ( 'NONE', ( #599, #4880, #492, #8020 ) ) ;
#4200 = DIRECTION ( 'NONE',  ( -0.000000000000000000, 0.000000000000000000, -1.000000000000000000 ) ) ;
#4201 = DIRECTION ( 'NONE',  ( -0.000000000000000000, -1.000000000000000000, -0.000000000000000000 ) ) ;
#4202 = ORIENTED_EDGE ( 'NONE', *, *, #1389, .F. ) ;
#4203 = EDGE_LOOP ( 'NONE', ( #3277, #443, #3040, #6697 ) ) ;
#4204 = VECTOR ( 'NONE', #5338, 1000.000000000000000 ) ;
#4205 = CLOSED_SHELL ( 'NONE', ( #2711, #4540, #7549, #4683, #7653, #2054 ) ) ;
#4206 = EDGE_CURVE ( 'NONE', #2745, #3049, #5120, .T. ) ;
#4207 = VECTOR ( 'NONE', #2519, 1000.000000000000000 ) ;
#4208 = CIRCLE ( 'NONE', #8127, 0.1199999999999998845 ) ;
#4209 = VECTOR ( 'NONE', #8091, 1000.000000000000000 ) ;
#4210 = ORIENTED_EDGE ( 'NONE', *, *, #2602, .F. ) ;
#4211 = CARTESIAN_POINT ( 'NONE',  ( -1.150000000000000133, 0.2000000000000000944, 1.249999999999999778 ) ) ;
#4212 = EDGE_CURVE ( 'NONE', #6530, #1275, #5300, .T. ) ;
#4213 = CARTESIAN_POINT ( 'NONE',  ( -0.2499999999999993616, 0.2000000000000000111, 1.720000000000000862 ) ) ;
#4214 = CARTESIAN_POINT ( 'NONE',  ( -0.1299999999999998934, 0.6664761515876238551, -2.000000000000000888 ) ) ;
#4215 = VECTOR ( 'NONE', #1357, 1000.000000000000000 ) ;
#4216 = DIRECTION ( 'NONE',  ( -1.000000000000000000, 0.000000000000000000, 0.000000000000000000 ) ) ;
#4217 = EDGE_LOOP ( 'NONE', ( #10, #5642, #2752, #2798 ) ) ;
#4218 = CARTESIAN_POINT ( 'NONE',  ( -0.1299999999999998934, 0.000000000000000000, -1.720000000000000862 ) ) ;
#4219 = PLANE ( 'NONE',  #5227 ) ;
#4220 = EDGE_LOOP ( 'NONE', ( #8329, #7618, #7639, #4569 ) ) ;
#4221 = FACE_OUTER_BOUND ( 'NONE', #7017, .T. ) ;
#4222 = VERTEX_POINT ( 'NONE', #4651 ) ;
#4223 = LINE ( 'NONE', #8528, #1490 ) ;
#4224 = LINE ( 'NONE', #2604, #1347 ) ;
#4225 = ORIENTED_EDGE ( 'NONE', *, *, #1209, .T. ) ;
#4226 = ADVANCED_FACE ( 'NONE', ( #8063 ), #6608, .F. ) ;
#4227 = EDGE_CURVE ( 'NONE', #7043, #4928, #5191, .T. ) ;
#4228 = VECTOR ( 'NONE', #2069, 1000.000000000000000 ) ;
#4229 = DIRECTION ( 'NONE',  ( 0.000000000000000000, -1.000000000000000000, 0.000000000000000000 ) ) ;
#4230 = VERTEX_POINT ( 'NONE', #7835 ) ;
#4231 = DIRECTION ( 'NONE',  ( -0.000000000000000000, 0.000000000000000000, 1.000000000000000000 ) ) ;
#4232 = AXIS2_PLACEMENT_3D ( 'NONE', #4214, #4283, #7632 ) ;
#4233 = DIRECTION ( 'NONE',  ( -0.000000000000000000, -1.000000000000000000, -0.000000000000000000 ) ) ;
#4234 = CARTESIAN_POINT ( 'NONE',  ( 0.1300000000000003375, 0.2000000000000000111, -1.720000000000000862 ) ) ;
#4235 = CARTESIAN_POINT ( 'NONE',  ( 0.2500000000000006661, 0.000000000000000000, 1.720000000000000862 ) ) ;
#4236 = ADVANCED_FACE ( 'NONE', ( #7925 ), #1135, .F. ) ;
#4237 = CARTESIAN_POINT ( 'NONE',  ( -1.719999999999998863, 0.000000000000000000, 0.1300000000000003375 ) ) ;
#4238 = DIRECTION ( 'NONE',  ( 0.000000000000000000, 1.000000000000000000, 0.000000000000000000 ) ) ;
#4239 = DIRECTION ( 'NONE',  ( 0.000000000000000000, 1.000000000000000000, 0.000000000000000000 ) ) ;
#4240 = LINE ( 'NONE', #5789, #7077 ) ;
#4241 = ORIENTED_EDGE ( 'NONE', *, *, #4938, .F. ) ;
#4242 = DIRECTION ( 'NONE',  ( -0.000000000000000000, -1.000000000000000000, -0.000000000000000000 ) ) ;
#4243 = LINE ( 'NONE', #6738, #7254 ) ;
#4244 = CARTESIAN_POINT ( 'NONE',  ( -1.719999999999998863, 0.1999999999999999833, 0.3700000000000001066 ) ) ;
#4245 = LINE ( 'NONE', #2991, #4447 ) ;
#4246 = VECTOR ( 'NONE', #1658, 1000.000000000000000 ) ;
#4247 = ORIENTED_EDGE ( 'NONE', *, *, #6184, .T. ) ;
#4248 = EDGE_CURVE ( 'NONE', #4538, #582, #5206, .T. ) ;
#4249 = VECTOR ( 'NONE', #4940, 1000.000000000000000 ) ;
#4250 = ADVANCED_FACE ( 'NONE', ( #2412 ), #1974, .F. ) ;
#4251 = ORIENTED_EDGE ( 'NONE', *, *, #7524, .T. ) ;
#4252 = ORIENTED_EDGE ( 'NONE', *, *, #3174, .F. ) ;
#4253 = AXIS2_PLACEMENT_3D ( 'NONE', #5968, #6657, #1910 ) ;
#4254 = LINE ( 'NONE', #4784, #1292 ) ;
#4255 = DIRECTION ( 'NONE',  ( 0.000000000000000000, -1.000000000000000000, 0.000000000000000000 ) ) ;
#4256 = ORIENTED_EDGE ( 'NONE', *, *, #5057, .F. ) ;
#4257 = CARTESIAN_POINT ( 'NONE',  ( 1.250000000000000666, 0.2000000000000000111, 1.720000000000000862 ) ) ;
#4258 = CARTESIAN_POINT ( 'NONE',  ( 0.6300000000000003375, 0.6664761515876238551, -2.000000000000000888 ) ) ;
#4259 = FILL_AREA_STYLE_COLOUR ( '', #6985 ) ;
#4260 = DIRECTION ( 'NONE',  ( 0.000000000000000000, -1.000000000000000000, 0.000000000000000000 ) ) ;
#4261 = UNCERTAINTY_MEASURE_WITH_UNIT (LENGTH_MEASURE( 1.000000000000000082E-05 ), #6805, 'distance_accuracy_value', 'NONE');
#4262 = LINE ( 'NONE', #4780, #7379 ) ;
#4263 = DIRECTION ( 'NONE',  ( 0.000000000000000000, 1.000000000000000000, 0.000000000000000000 ) ) ;
#4264 = AXIS2_PLACEMENT_3D ( 'NONE', #5342, #1425, #3485 ) ;
#4265 = FACE_OUTER_BOUND ( 'NONE', #4381, .T. ) ;
#4266 = ORIENTED_EDGE ( 'NONE', *, *, #911, .T. ) ;
#4267 = ORIENTED_EDGE ( 'NONE', *, *, #8007, .T. ) ;
#4268 = DIRECTION ( 'NONE',  ( -0.000000000000000000, 1.000000000000000000, -0.000000000000000000 ) ) ;
#4269 = FILL_AREA_STYLE ('',( #891 ) ) ;
#4270 = LINE ( 'NONE', #2772, #4215 ) ;
#4271 = EDGE_LOOP ( 'NONE', ( #2891, #7636, #6975, #7070 ) ) ;
#4272 = FACE_OUTER_BOUND ( 'NONE', #7451, .T. ) ;
#4273 = AXIS2_PLACEMENT_3D ( 'NONE', #6845, #8210, #2206 ) ;
#4274 = LINE ( 'NONE', #373, #1476 ) ;
#4275 = FACE_OUTER_BOUND ( 'NONE', #7827, .T. ) ;
#4276 = CIRCLE ( 'NONE', #8444, 0.1199999999999998845 ) ;
#4277 = ORIENTED_EDGE ( 'NONE', *, *, #283, .T. ) ;
#4278 = EDGE_LOOP ( 'NONE', ( #3686, #4577, #4440, #3239 ) ) ;
#4279 = CARTESIAN_POINT ( 'NONE',  ( 1.130000000000000782, 0.2000000000000000111, 1.720000000000000862 ) ) ;
#4280 = DIRECTION ( 'NONE',  ( 0.000000000000000000, 0.000000000000000000, 1.000000000000000000 ) ) ;
#4281 = AXIS2_PLACEMENT_3D ( 'NONE', #4213, #6884, #8251 ) ;
#4282 = CARTESIAN_POINT ( 'NONE',  ( 2.000000000000000888, 0.05000000000000000278, -2.000000000000000888 ) ) ;
#4283 = DIRECTION ( 'NONE',  ( 0.000000000000000000, -0.000000000000000000, 1.000000000000000000 ) ) ;
#4284 = MECHANICAL_DESIGN_GEOMETRIC_PRESENTATION_REPRESENTATION (  '', ( #6255 ), #7309 ) ;
#4285 = DIRECTION ( 'NONE',  ( 0.000000000000000000, 0.000000000000000000, 1.000000000000000000 ) ) ;
#4286 = VERTEX_POINT ( 'NONE', #8556 ) ;
#4287 = VECTOR ( 'NONE', #967, 1000.000000000000000 ) ;
#4288 = CARTESIAN_POINT ( 'NONE',  ( 1.999999999999999112, 0.1999999999999999833, 1.370000000000000107 ) ) ;
#4289 = ORIENTED_EDGE ( 'NONE', *, *, #3778, .F. ) ;
#4290 = EDGE_LOOP ( 'NONE', ( #1229, #531, #4864, #7954 ) ) ;
#4291 = EDGE_CURVE ( 'NONE', #3655, #4929, #5051, .T. ) ;
#4292 = CIRCLE ( 'NONE', #1862, 0.1199999999999998845 ) ;
#4293 = LINE ( 'NONE', #2386, #6957 ) ;
#4294 = VERTEX_POINT ( 'NONE', #3978 ) ;
#4295 = VERTEX_POINT ( 'NONE', #6490 ) ;
#4296 = LINE ( 'NONE', #8188, #4148 ) ;
#4297 = AXIS2_PLACEMENT_3D ( 'NONE', #6084, #4039, #3347 ) ;
#4298 = DIRECTION ( 'NONE',  ( -0.000000000000000000, 0.000000000000000000, 1.000000000000000000 ) ) ;
#4299 = EDGE_CURVE ( 'NONE', #2549, #6409, #5064, .T. ) ;
#4300 = ORIENTED_EDGE ( 'NONE', *, *, #3181, .T. ) ;
#4301 = LINE ( 'NONE', #7273, #1544 ) ;
#4302 = FILL_AREA_STYLE ('',( #5296 ) ) ;
#4303 = DIRECTION ( 'NONE',  ( 0.000000000000000000, -0.000000000000000000, 1.000000000000000000 ) ) ;
#4304 = VERTEX_POINT ( 'NONE', #5364 ) ;
#4305 = CARTESIAN_POINT ( 'NONE',  ( 0.6300000000000003375, 0.2000000000000000111, -1.720000000000000862 ) ) ;
#4306 = DIRECTION ( 'NONE',  ( -1.000000000000000000, 0.000000000000000000, -7.744301232039308793E-16 ) ) ;
#4307 = LINE ( 'NONE', #322, #4134 ) ;
#4308 = EDGE_LOOP ( 'NONE', ( #771, #3629, #2279, #2266 ) ) ;
#4309 = LINE ( 'NONE', #1233, #1326 ) ;
#4310 = DIRECTION ( 'NONE',  ( -0.000000000000000000, -1.000000000000000000, -0.000000000000000000 ) ) ;
#4311 = FILL_AREA_STYLE_COLOUR ( '', #5255 ) ;
#4312 = SURFACE_STYLE_FILL_AREA ( #6058 ) ;
#4313 = CIRCLE ( 'NONE', #7904, 0.1199999999999998845 ) ;
#4314 = ORIENTED_EDGE ( 'NONE', *, *, #6998, .F. ) ;
#4315 = ORIENTED_EDGE ( 'NONE', *, *, #8281, .F. ) ;
#4316 = VECTOR ( 'NONE', #7356, 1000.000000000000000 ) ;
#4317 = ORIENTED_EDGE ( 'NONE', *, *, #7756, .T. ) ;
#4318 = CARTESIAN_POINT ( 'NONE',  ( 1.250000000000000666, 0.000000000000000000, 1.720000000000000862 ) ) ;
#4319 = DIRECTION ( 'NONE',  ( 0.000000000000000000, 1.000000000000000000, 0.000000000000000000 ) ) ;
#4320 = DIRECTION ( 'NONE',  ( 0.000000000000000000, 0.000000000000000000, 1.000000000000000000 ) ) ;
#4321 = FACE_OUTER_BOUND ( 'NONE', #3506, .T. ) ;
#4322 = CARTESIAN_POINT ( 'NONE',  ( -1.999999999999999112, 0.05000000000000000278, 1.999999999999999556 ) ) ;
#4323 = DIRECTION ( 'NONE',  ( 0.000000000000000000, -0.000000000000000000, 1.000000000000000000 ) ) ;
#4324 = LINE ( 'NONE', #5950, #4195 ) ;
#4325 = DIRECTION ( 'NONE',  ( -0.000000000000000000, -0.000000000000000000, 1.000000000000000000 ) ) ;
#4326 = VECTOR ( 'NONE', #4853, 1000.000000000000000 ) ;
#4327 = ORIENTED_EDGE ( 'NONE', *, *, #7832, .T. ) ;
#4328 = ORIENTED_EDGE ( 'NONE', *, *, #3270, .T. ) ;
#4329 = DIRECTION ( 'NONE',  ( 0.000000000000000000, 0.000000000000000000, 1.000000000000000000 ) ) ;
#4330 = CARTESIAN_POINT ( 'NONE',  ( -0.1299999999999994771, 0.1999999999999999833, 2.000000000000000888 ) ) ;
#4331 = COLOUR_RGB ( '',0.7921568627450980005, 0.8196078431372548767, 0.9333333333333333481 ) ;
#4332 = DIRECTION ( 'NONE',  ( -1.000000000000000000, 0.000000000000000000, 0.000000000000000000 ) ) ;
#4333 = EDGE_CURVE ( 'NONE', #6275, #8472, #2163, .T. ) ;
#4334 = ADVANCED_FACE ( 'NONE', ( #8112 ), #6554, .T. ) ;
#4335 = ORIENTED_EDGE ( 'NONE', *, *, #6594, .T. ) ;
#4336 = EDGE_CURVE ( 'NONE', #5225, #2355, #5075, .T. ) ;
#4337 = ORIENTED_EDGE ( 'NONE', *, *, #2098, .T. ) ;
#4338 = EDGE_CURVE ( 'NONE', #4286, #1204, #2293, .T. ) ;
#4339 = FACE_OUTER_BOUND ( 'NONE', #7240, .T. ) ;
#4340 = ORIENTED_EDGE ( 'NONE', *, *, #11, .F. ) ;
#4341 = VECTOR ( 'NONE', #4191, 1000.000000000000000 ) ;
#4342 = VECTOR ( 'NONE', #234, 1000.000000000000000 ) ;
#4343 = ORIENTED_EDGE ( 'NONE', *, *, #5014, .F. ) ;
#4344 = ORIENTED_EDGE ( 'NONE', *, *, #1474, .F. ) ;
#4345 = CARTESIAN_POINT ( 'NONE',  ( 0.6300000000000007816, 0.6664761515876238551, 2.000000000000000888 ) ) ;
#4346 = DIRECTION ( 'NONE',  ( -1.000000000000000000, 0.000000000000000000, 0.000000000000000000 ) ) ;
#4347 = CARTESIAN_POINT ( 'NONE',  ( 1.250000000000000666, 0.6664761515876238551, 1.720000000000000862 ) ) ;
#4348 = CARTESIAN_POINT ( 'NONE',  ( 1.006759160165102491E-16, 0.05000000000000000278, 0.1299999999999990052 ) ) ;
#4349 = ORIENTED_EDGE ( 'NONE', *, *, #385, .T. ) ;
#4350 = EDGE_CURVE ( 'NONE', #3694, #3963, #5132, .T. ) ;
#4351 = CARTESIAN_POINT ( 'NONE',  ( 1.130000000000000782, 0.04999999999999999584, 1.720000000000000862 ) ) ;
#4352 = ORIENTED_EDGE ( 'NONE', *, *, #828, .T. ) ;
#4353 = EDGE_CURVE ( 'NONE', #5016, #8065, #2236, .T. ) ;
#4354 = VECTOR ( 'NONE', #5971, 1000.000000000000000 ) ;
#4355 = LINE ( 'NONE', #7354, #7065 ) ;
#4356 = VERTEX_POINT ( 'NONE', #1820 ) ;
#4357 = VERTEX_POINT ( 'NONE', #2481 ) ;
#4358 = MECHANICAL_DESIGN_GEOMETRIC_PRESENTATION_REPRESENTATION (  '', ( #4776 ), #3406 ) ;
#4359 = LINE ( 'NONE', #3536, #1523 ) ;
#4360 = VERTEX_POINT ( 'NONE', #1872 ) ;
#4361 = SURFACE_SIDE_STYLE ('',( #8250 ) ) ;
#4362 = DIRECTION ( 'NONE',  ( 0.000000000000000000, -0.000000000000000000, 1.000000000000000000 ) ) ;
#4363 = CARTESIAN_POINT ( 'NONE',  ( -1.719999999999998863, 0.6664761515876242992, 0.1300000000000005596 ) ) ;
#4364 = ORIENTED_EDGE ( 'NONE', *, *, #7966, .T. ) ;
#4365 = CARTESIAN_POINT ( 'NONE',  ( -0.7499999999999993339, 0.1999999999999999833, 1.720000000000000862 ) ) ;
#4366 = CARTESIAN_POINT ( 'NONE',  ( -1.369999999999999218, 0.2000000000000000111, 2.000000000000000888 ) ) ;
#4367 = VERTEX_POINT ( 'NONE', #3919 ) ;
#4368 = EDGE_CURVE ( 'NONE', #8395, #2457, #5236, .T. ) ;
#4369 = VECTOR ( 'NONE', #2869, 1000.000000000000000 ) ;
#4370 = CARTESIAN_POINT ( 'NONE',  ( 1.719999999999998863, 0.000000000000000000, 0.7499999999999997780 ) ) ;
#4371 = VECTOR ( 'NONE', #973, 1000.000000000000000 ) ;
#4372 = ORIENTED_EDGE ( 'NONE', *, *, #6095, .T. ) ;
#4373 = ORIENTED_EDGE ( 'NONE', *, *, #6079, .T. ) ;
#4374 = AXIS2_PLACEMENT_3D ( 'NONE', #3416, #1586, #6214 ) ;
#4375 = LINE ( 'NONE', #8486, #4408 ) ;
#4376 = ORIENTED_EDGE ( 'NONE', *, *, #6674, .F. ) ;
#4377 = UNCERTAINTY_MEASURE_WITH_UNIT (LENGTH_MEASURE( 1.000000000000000082E-05 ), #1938, 'distance_accuracy_value', 'NONE');
#4378 = AXIS2_PLACEMENT_3D ( 'NONE', #8498, #7086, #7903 ) ;
#4379 = ORIENTED_EDGE ( 'NONE', *, *, #7721, .T. ) ;
#4380 = VECTOR ( 'NONE', #1132, 1000.000000000000000 ) ;
#4381 = EDGE_LOOP ( 'NONE', ( #1081, #1188, #4388, #1441 ) ) ;
#4382 = CARTESIAN_POINT ( 'NONE',  ( -1.150000000000000133, 0.000000000000000000, 1.149999999999999689 ) ) ;
#4383 = CIRCLE ( 'NONE', #335, 0.1199999999999998845 ) ;
#4384 =( NAMED_UNIT ( * ) SI_UNIT ( $, .STERADIAN. ) SOLID_ANGLE_UNIT ( ) );
#4385 = DIRECTION ( 'NONE',  ( 0.000000000000000000, 0.000000000000000000, 1.000000000000000000 ) ) ;
#4386 = LINE ( 'NONE', #6303, #1554 ) ;
#4387 = ORIENTED_EDGE ( 'NONE', *, *, #7663, .F. ) ;
#4388 = ORIENTED_EDGE ( 'NONE', *, *, #2111, .T. ) ;
#4389 = ADVANCED_FACE ( 'NONE', ( #2329 ), #7646, .T. ) ;
#4390 = CARTESIAN_POINT ( 'NONE',  ( -1.719999999999998863, 0.1999999999999999833, -1.129999999999999893 ) ) ;
#4391 = CARTESIAN_POINT ( 'NONE',  ( -1.999999999999999112, 0.6664761515876242992, -0.6299999999999998934 ) ) ;
#4392 = VECTOR ( 'NONE', #3008, 1000.000000000000000 ) ;
#4393 = AXIS2_PLACEMENT_3D ( 'NONE', #4318, #984, #4975 ) ;
#4394 = ORIENTED_EDGE ( 'NONE', *, *, #8441, .F. ) ;
#4395 = LINE ( 'NONE', #256, #1662 ) ;
#4396 = ADVANCED_FACE ( 'NONE', ( #948 ), #7501, .T. ) ;
#4397 = ORIENTED_EDGE ( 'NONE', *, *, #2865, .T. ) ;
#4398 = AXIS2_PLACEMENT_3D ( 'NONE', #3046, #8342, #2937 ) ;
#4399 = VECTOR ( 'NONE', #6886, 1000.000000000000000 ) ;
#4400 = EDGE_LOOP ( 'NONE', ( #4420, #1744, #4581, #7382, #3030 ) ) ;
#4401 =( GEOMETRIC_REPRESENTATION_CONTEXT ( 3 ) GLOBAL_UNCERTAINTY_ASSIGNED_CONTEXT ( ( #2201 ) ) GLOBAL_UNIT_ASSIGNED_CONTEXT ( ( #6932, #1637, #4384 ) ) REPRESENTATION_CONTEXT ( 'NONE', 'WORKASPACE' ) );
#4402 = VECTOR ( 'NONE', #7052, 1000.000000000000000 ) ;
#4403 = VECTOR ( 'NONE', #6641, 1000.000000000000000 ) ;
#4404 = ORIENTED_EDGE ( 'NONE', *, *, #5475, .T. ) ;
#4405 = ORIENTED_EDGE ( 'NONE', *, *, #3308, .T. ) ;
#4406 = CARTESIAN_POINT ( 'NONE',  ( -1.250000000000000000, 0.05000000000000000278, 0.000000000000000000 ) ) ;
#4407 = DIRECTION ( 'NONE',  ( 0.000000000000000000, -1.000000000000000000, 0.000000000000000000 ) ) ;
#4408 = VECTOR ( 'NONE', #7007, 1000.000000000000000 ) ;
#4409 = ADVANCED_FACE ( 'NONE', ( #1176 ), #2209, .F. ) ;
#4410 = VERTEX_POINT ( 'NONE', #307 ) ;
#4411 = CIRCLE ( 'NONE', #2811, 0.1199999999999998845 ) ;
#4412 = CARTESIAN_POINT ( 'NONE',  ( -0.6299999999999994493, 0.6664761515876238551, 2.000000000000000888 ) ) ;
#4413 = CARTESIAN_POINT ( 'NONE',  ( -0.8699999999999996625, 0.2000000000000000111, -2.000000000000000888 ) ) ;
#4414 = CARTESIAN_POINT ( 'NONE',  ( 1.250000000000000666, 0.04999999999999999584, 1.720000000000000862 ) ) ;
#4415 = VECTOR ( 'NONE', #3753, 1000.000000000000000 ) ;
#4416 = VERTEX_POINT ( 'NONE', #2976 ) ;
#4417 = LINE ( 'NONE', #3958, #7045 ) ;
#4418 = EDGE_CURVE ( 'NONE', #5038, #4992, #1007, .T. ) ;
#4419 = ORIENTED_EDGE ( 'NONE', *, *, #1430, .T. ) ;
#4420 = ORIENTED_EDGE ( 'NONE', *, *, #5248, .F. ) ;
#4421 = VECTOR ( 'NONE', #2243, 1000.000000000000000 ) ;
#4422 = ORIENTED_EDGE ( 'NONE', *, *, #2765, .T. ) ;
#4423 = DIRECTION ( 'NONE',  ( 0.000000000000000000, 1.000000000000000000, 0.000000000000000000 ) ) ;
#4424 = LINE ( 'NONE', #6680, #4544 ) ;
#4425 = DIRECTION ( 'NONE',  ( 0.000000000000000000, 0.000000000000000000, 1.000000000000000000 ) ) ;
#4426 = CARTESIAN_POINT ( 'NONE',  ( 0.1300000000000003375, 0.2000000000000000111, -2.000000000000000888 ) ) ;
#4427 = CARTESIAN_POINT ( 'NONE',  ( 1.719999999999998863, 0.1999999999999999833, 1.370000000000000107 ) ) ;
#4428 = VERTEX_POINT ( 'NONE', #2264 ) ;
#4429 = DIRECTION ( 'NONE',  ( 1.000000000000000000, -0.000000000000000000, -0.000000000000000000 ) ) ;
#4430 = DIRECTION ( 'NONE',  ( -0.000000000000000000, -1.000000000000000000, -0.000000000000000000 ) ) ;
#4431 = DIRECTION ( 'NONE',  ( 0.000000000000000000, 0.000000000000000000, 1.000000000000000000 ) ) ;
#4432 = ORIENTED_EDGE ( 'NONE', *, *, #1372, .F. ) ;
#4433 = LINE ( 'NONE', #4624, #4207 ) ;
#4434 = DIRECTION ( 'NONE',  ( 0.000000000000000000, 1.000000000000000000, 0.000000000000000000 ) ) ;
#4435 = VECTOR ( 'NONE', #1947, 1000.000000000000000 ) ;
#4436 = EDGE_LOOP ( 'NONE', ( #3759, #1126, #8183, #8046 ) ) ;
#4437 = ORIENTED_EDGE ( 'NONE', *, *, #3308, .F. ) ;
#4438 = EDGE_CURVE ( 'NONE', #2307, #6797, #924, .T. ) ;
#4439 = VECTOR ( 'NONE', #3081, 1000.000000000000000 ) ;
#4440 = ORIENTED_EDGE ( 'NONE', *, *, #5995, .T. ) ;
#4441 = LINE ( 'NONE', #2974, #4575 ) ;
#4442 = EDGE_CURVE ( 'NONE', #3488, #2673, #6715, .T. ) ;
#4443 = CARTESIAN_POINT ( 'NONE',  ( 1.130000000000000782, 0.04999999999999969746, 2.000000000000000888 ) ) ;
#4444 = ORIENTED_EDGE ( 'NONE', *, *, #3574, .F. ) ;
#4445 = CARTESIAN_POINT ( 'NONE',  ( 1.370000000000000107, 0.000000000000000000, -2.000000000000000888 ) ) ;
#4446 = EDGE_CURVE ( 'NONE', #5837, #2838, #6955, .T. ) ;
#4447 = VECTOR ( 'NONE', #3679, 1000.000000000000000 ) ;
#4448 = DIRECTION ( 'NONE',  ( -1.000000000000000000, 0.000000000000000000, 0.000000000000000000 ) ) ;
#4449 = LINE ( 'NONE', #8328, #4371 ) ;
#4450 = VERTEX_POINT ( 'NONE', #6915 ) ;
#4452 = EDGE_CURVE ( 'NONE', #2993, #5066, #3907, .T. ) ;
#4451 = CARTESIAN_POINT ( 'NONE',  ( -1.999999999999999112, 0.6664761515876242992, -0.1299999999999998934 ) ) ;
#4453 = DIRECTION ( 'NONE',  ( 0.000000000000000000, 1.000000000000000000, 0.000000000000000000 ) ) ;
#4454 = PLANE ( 'NONE',  #5352 ) ;
#4455 = VECTOR ( 'NONE', #8025, 1000.000000000000000 ) ;
#4456 = DIRECTION ( 'NONE',  ( 0.000000000000000000, -1.000000000000000000, 0.000000000000000000 ) ) ;
#4457 = VERTEX_POINT ( 'NONE', #2912 ) ;
#4458 = ORIENTED_EDGE ( 'NONE', *, *, #8544, .F. ) ;
#4459 = VERTEX_POINT ( 'NONE', #920 ) ;
#4460 = VERTEX_POINT ( 'NONE', #2149 ) ;
#4461 = CARTESIAN_POINT ( 'NONE',  ( -1.369999999999999662, 0.6664761515876238551, -2.000000000000000888 ) ) ;
#4462 = DIRECTION ( 'NONE',  ( 0.000000000000000000, 1.000000000000000000, 0.000000000000000000 ) ) ;
#4463 = ADVANCED_FACE ( 'NONE', ( #6798 ), #1619, .T. ) ;
#4464 = CARTESIAN_POINT ( 'NONE',  ( 1.999999999999999112, 0.1999999999999999833, 0.3700000000000001066 ) ) ;
#4465 = CARTESIAN_POINT ( 'NONE',  ( 2.000000000000000888, 0.05000000000000000278, 1.999999999999999112 ) ) ;
#4466 = FILL_AREA_STYLE ('',( #901 ) ) ;
#4467 = EDGE_CURVE ( 'NONE', #1743, #1795, #4058, .T. ) ;
#4468 = FILL_AREA_STYLE_COLOUR ( '', #6013 ) ;
#4469 = LINE ( 'NONE', #6347, #4287 ) ;
#4470 = ADVANCED_FACE ( 'NONE', ( #6780 ), #5029, .T. ) ;
#4471 = AXIS2_PLACEMENT_3D ( 'NONE', #6577, #6044, #7402 ) ;
#4472 = DIRECTION ( 'NONE',  ( 0.000000000000000000, 0.000000000000000000, -1.000000000000000000 ) ) ;
#4473 = SURFACE_STYLE_FILL_AREA ( #4466 ) ;
#4474 = VERTEX_POINT ( 'NONE', #5710 ) ;
#4475 = VECTOR ( 'NONE', #5840, 1000.000000000000000 ) ;
#4476 = ORIENTED_EDGE ( 'NONE', *, *, #5030, .F. ) ;
#4477 = DIRECTION ( 'NONE',  ( 0.000000000000000000, 1.000000000000000000, 0.000000000000000000 ) ) ;
#4478 = ADVANCED_FACE ( 'NONE', ( #6816 ), #1066, .T. ) ;
#4479 = EDGE_CURVE ( 'NONE', #4183, #3937, #4108, .T. ) ;
#4480 = CARTESIAN_POINT ( 'NONE',  ( 0.3700000000000001066, 0.6664761515876238551, -1.720000000000000862 ) ) ;
#4481 = CARTESIAN_POINT ( 'NONE',  ( -1.250000000000000000, 3.735533905932738374, 1.149999999999999911 ) ) ;
#4482 = CARTESIAN_POINT ( 'NONE',  ( -0.7499999999999993339, 0.000000000000000000, 1.600000000000000977 ) ) ;
#4483 = CARTESIAN_POINT ( 'NONE',  ( -0.3699999999999996625, 0.2000000000000000111, -1.720000000000000862 ) ) ;
#4484 = ORIENTED_EDGE ( 'NONE', *, *, #3214, .T. ) ;
#4485 = AXIS2_PLACEMENT_3D ( 'NONE', #7701, #971, #4431 ) ;
#4486 = DIRECTION ( 'NONE',  ( 1.000000000000000000, 0.000000000000000000, 1.734723475976807094E-16 ) ) ;
#4487 = DIRECTION ( 'NONE',  ( 0.000000000000000000, 0.000000000000000000, 1.000000000000000000 ) ) ;
#4488 = PLANE ( 'NONE',  #837 ) ;
#4489 = FACE_OUTER_BOUND ( 'NONE', #3029, .T. ) ;
#4490 = AXIS2_PLACEMENT_3D ( 'NONE', #6621, #4545, #4663 ) ;
#4491 = ORIENTED_EDGE ( 'NONE', *, *, #1705, .T. ) ;
#4492 =( NAMED_UNIT ( * ) PLANE_ANGLE_UNIT ( ) SI_UNIT ( $, .RADIAN. ) );
#4493 = FACE_OUTER_BOUND ( 'NONE', #1154, .T. ) ;
#4494 = ORIENTED_EDGE ( 'NONE', *, *, #794, .F. ) ;
#4495 = ORIENTED_EDGE ( 'NONE', *, *, #1802, .T. ) ;
#4496 = AXIS2_PLACEMENT_3D ( 'NONE', #1834, #6503, #4602 ) ;
#4497 = VECTOR ( 'NONE', #7894, 1000.000000000000000 ) ;
#4498 = CARTESIAN_POINT ( 'NONE',  ( -1.150000000000000133, 3.735533905932738374, 1.249999999999999778 ) ) ;
#4499 = LINE ( 'NONE', #2302, #4415 ) ;
#4500 = CARTESIAN_POINT ( 'NONE',  ( 0.3700000000000001066, 0.000000000000000000, -2.000000000000000888 ) ) ;
#4501 = VERTEX_POINT ( 'NONE', #5990 ) ;
#4502 = EDGE_CURVE ( 'NONE', #4428, #5012, #6877, .T. ) ;
#4503 = CARTESIAN_POINT ( 'NONE',  ( 0.3700000000000001066, 0.000000000000000000, -2.000000000000000888 ) ) ;
#4504 = DIRECTION ( 'NONE',  ( 0.000000000000000000, -1.000000000000000000, 0.000000000000000000 ) ) ;
#4505 = AXIS2_PLACEMENT_3D ( 'NONE', #2573, #3259, #6000 ) ;
#4506 = VECTOR ( 'NONE', #587, 1000.000000000000000 ) ;
#4507 = CARTESIAN_POINT ( 'NONE',  ( -1.369999999999999662, 0.1999999999999999833, -1.720000000000000862 ) ) ;
#4508 = COLOUR_RGB ( '',0.7921568627450980005, 0.8196078431372548767, 0.9333333333333333481 ) ;
#4509 = ORIENTED_EDGE ( 'NONE', *, *, #1508, .T. ) ;
#4510 = EDGE_LOOP ( 'NONE', ( #5795, #514, #2914, #8478 ) ) ;
#4511 = DIRECTION ( 'NONE',  ( -0.000000000000000000, -1.000000000000000000, -0.000000000000000000 ) ) ;
#4512 = CARTESIAN_POINT ( 'NONE',  ( -1.999999999999999112, 0.6664761515876242992, -0.3699999999999994404 ) ) ;
#4513 = LINE ( 'NONE', #4694, #4455 ) ;
#4514 = AXIS2_PLACEMENT_3D ( 'NONE', #3689, #431, #1060 ) ;
#4515 = ORIENTED_EDGE ( 'NONE', *, *, #1349, .F. ) ;
#4516 = EDGE_CURVE ( 'NONE', #2838, #6409, #6749, .T. ) ;
#4517 = COLOUR_RGB ( '',0.7921568627450980005, 0.8196078431372548767, 0.9333333333333333481 ) ;
#4518 = ORIENTED_EDGE ( 'NONE', *, *, #99, .F. ) ;
#4519 = ORIENTED_EDGE ( 'NONE', *, *, #1788, .T. ) ;
#4520 = CARTESIAN_POINT ( 'NONE',  ( 0.6300000000000007816, 0.04999999999999969746, 2.000000000000000888 ) ) ;
#4521 = CARTESIAN_POINT ( 'NONE',  ( 1.999999999999999112, 0.6664761515876242992, 1.370000000000000107 ) ) ;
#4522 = DIRECTION ( 'NONE',  ( 1.000000000000000000, -0.000000000000000000, 1.734723475976807094E-16 ) ) ;
#4523 = CARTESIAN_POINT ( 'NONE',  ( -1.719999999999998863, 0.05000000000000002359, 1.130000000000000560 ) ) ;
#4524 = FACE_OUTER_BOUND ( 'NONE', #5395, .T. ) ;
#4525 = SURFACE_SIDE_STYLE ('',( #5906 ) ) ;
#4526 = DIRECTION ( 'NONE',  ( 0.000000000000000000, 1.000000000000000000, 0.000000000000000000 ) ) ;
#4527 = CARTESIAN_POINT ( 'NONE',  ( 1.370000000000000551, 0.05000000000000000278, 0.000000000000000000 ) ) ;
#4528 = AXIS2_PLACEMENT_3D ( 'NONE', #6895, #3388, #8312 ) ;
#4529 = VECTOR ( 'NONE', #3768, 1000.000000000000000 ) ;
#4530 = DIRECTION ( 'NONE',  ( -1.000000000000000000, 0.000000000000000000, 0.000000000000000000 ) ) ;
#4531 = EDGE_CURVE ( 'NONE', #2413, #4450, #1101, .T. ) ;
#4532 = CARTESIAN_POINT ( 'NONE',  ( 0.8700000000000001066, 0.2000000000000000111, -1.720000000000000862 ) ) ;
#4533 = DIRECTION ( 'NONE',  ( -0.000000000000000000, -1.000000000000000000, -0.000000000000000000 ) ) ;
#4534 = VECTOR ( 'NONE', #3700, 1000.000000000000000 ) ;
#4535 = ORIENTED_EDGE ( 'NONE', *, *, #22, .T. ) ;
#4536 = VECTOR ( 'NONE', #1189, 1000.000000000000000 ) ;
#4537 = ORIENTED_EDGE ( 'NONE', *, *, #6533, .F. ) ;
#4538 = VERTEX_POINT ( 'NONE', #5880 ) ;
#4539 = EDGE_CURVE ( 'NONE', #8472, #3326, #3828, .T. ) ;
#4540 = ADVANCED_FACE ( 'NONE', ( #6940 ), #938, .T. ) ;
#4541 = CARTESIAN_POINT ( 'NONE',  ( -1.719999999999998863, 0.000000000000000000, 1.250000000000000444 ) ) ;
#4542 = EDGE_CURVE ( 'NONE', #4064, #6757, #6842, .T. ) ;
#4543 = DIRECTION ( 'NONE',  ( -1.000000000000000000, 0.000000000000000000, 0.000000000000000000 ) ) ;
#4544 = VECTOR ( 'NONE', #5383, 1000.000000000000000 ) ;
#4545 = DIRECTION ( 'NONE',  ( 0.000000000000000000, 1.000000000000000000, -0.000000000000000000 ) ) ;
#4546 = EDGE_CURVE ( 'NONE', #102, #51, #6731, .T. ) ;
#4547 = ADVANCED_FACE ( 'NONE', ( #959 ), #7749, .F. ) ;
#4548 = DIRECTION ( 'NONE',  ( 0.000000000000000000, 0.000000000000000000, -1.000000000000000000 ) ) ;
#4549 = DIRECTION ( 'NONE',  ( 0.000000000000000000, 0.000000000000000000, 1.000000000000000000 ) ) ;
#4550 = CARTESIAN_POINT ( 'NONE',  ( -1.249999999999999334, 0.1999999999999999833, 1.720000000000000862 ) ) ;
#4551 = EDGE_CURVE ( 'NONE', #7072, #6797, #3982, .T. ) ;
#4552 = DIRECTION ( 'NONE',  ( -0.000000000000000000, -1.000000000000000000, -0.000000000000000000 ) ) ;
#4553 = ORIENTED_EDGE ( 'NONE', *, *, #3056, .T. ) ;
#4554 = DIRECTION ( 'NONE',  ( 0.000000000000000000, -0.000000000000000000, 1.000000000000000000 ) ) ;
#4555 = FACE_OUTER_BOUND ( 'NONE', #3058, .T. ) ;
#4556 = LINE ( 'NONE', #1531, #1492 ) ;
#4557 = VERTEX_POINT ( 'NONE', #2385 ) ;
#4558 = ORIENTED_EDGE ( 'NONE', *, *, #4914, .T. ) ;
#4559 = VECTOR ( 'NONE', #7371, 1000.000000000000000 ) ;
#4560 = ADVANCED_FACE ( 'NONE', ( #3996 ), #1889, .T. ) ;
#4561 = VECTOR ( 'NONE', #6571, 1000.000000000000000 ) ;
#4562 = CARTESIAN_POINT ( 'NONE',  ( 4.878909776184757134E-16, 0.05000000000000000278, 0.6299999999999990052 ) ) ;
#4563 = LINE ( 'NONE', #1379, #7450 ) ;
#4564 = CARTESIAN_POINT ( 'NONE',  ( -0.1299999999999998934, 0.2000000000000000111, -2.000000000000000888 ) ) ;
#4565 = ORIENTED_EDGE ( 'NONE', *, *, #8441, .T. ) ;
#4566 = CARTESIAN_POINT ( 'NONE',  ( -1.249999999999999778, 0.2000000000000000111, -1.720000000000000862 ) ) ;
#4567 = CARTESIAN_POINT ( 'NONE',  ( 0.1300000000000007816, 0.6664761515876238551, 2.000000000000000888 ) ) ;
#4568 = SURFACE_STYLE_FILL_AREA ( #3623 ) ;
#4569 = ORIENTED_EDGE ( 'NONE', *, *, #745, .F. ) ;
#4570 = ORIENTED_EDGE ( 'NONE', *, *, #5556, .T. ) ;
#4571 = DIRECTION ( 'NONE',  ( -7.744301232039308793E-16, 0.000000000000000000, 1.000000000000000000 ) ) ;
#4572 = CARTESIAN_POINT ( 'NONE',  ( -1.129999999999999893, 0.000000000000000000, -2.000000000000000888 ) ) ;
#4573 = FACE_OUTER_BOUND ( 'NONE', #199, .T. ) ;
#4574 = PLANE ( 'NONE',  #4629 ) ;
#4575 = VECTOR ( 'NONE', #354, 1000.000000000000000 ) ;
#4576 = LINE ( 'NONE', #697, #7484 ) ;
#4577 = ORIENTED_EDGE ( 'NONE', *, *, #6934, .T. ) ;
#4578 = EDGE_CURVE ( 'NONE', #5802, #8564, #6967, .T. ) ;
#4579 = CIRCLE ( 'NONE', #6143, 0.1666666649999999361 ) ;
#4580 = ORIENTED_EDGE ( 'NONE', *, *, #3027, .T. ) ;
#4581 = ORIENTED_EDGE ( 'NONE', *, *, #1412, .F. ) ;
#4582 = DIRECTION ( 'NONE',  ( -0.000000000000000000, -1.000000000000000000, -0.000000000000000000 ) ) ;
#4583 = DIRECTION ( 'NONE',  ( 0.000000000000000000, 0.000000000000000000, -1.000000000000000000 ) ) ;
#4584 = AXIS2_PLACEMENT_3D ( 'NONE', #3339, #7433, #3971 ) ;
#4585 = CARTESIAN_POINT ( 'NONE',  ( -1.999999999999999112, 7.656854249492380582, 1.999999999999999556 ) ) ;
#4586 = LINE ( 'NONE', #862, #7403 ) ;
#4587 = CARTESIAN_POINT ( 'NONE',  ( -1.999999999999999112, 0.1999999999999999833, -0.1299999999999998934 ) ) ;
#4588 = FACE_OUTER_BOUND ( 'NONE', #1288, .T. ) ;
#4589 = PLANE ( 'NONE',  #58 ) ;
#4590 = AXIS2_PLACEMENT_3D ( 'NONE', #7040, #5031, #1737 ) ;
#4591 = CARTESIAN_POINT ( 'NONE',  ( 1.719999999999998863, 0.05000000000000002359, 0.8700000000000001066 ) ) ;
#4592 = CYLINDRICAL_SURFACE ( 'NONE', #2349, 0.1199999999999998845 ) ;
#4593 = ORIENTED_EDGE ( 'NONE', *, *, #2635, .T. ) ;
#4594 = EDGE_CURVE ( 'NONE', #324, #3512, #6906, .T. ) ;
#4595 = ORIENTED_EDGE ( 'NONE', *, *, #2524, .F. ) ;
#4596 = ORIENTED_EDGE ( 'NONE', *, *, #1518, .T. ) ;
#4597 = EDGE_CURVE ( 'NONE', #2075, #1722, #6704, .T. ) ;
#4598 = VECTOR ( 'NONE', #3914, 1000.000000000000000 ) ;
#4599 = AXIS2_PLACEMENT_3D ( 'NONE', #5805, #7581, #7778 ) ;
#4600 = DIRECTION ( 'NONE',  ( -0.000000000000000000, -1.000000000000000000, -0.000000000000000000 ) ) ;
#4601 = DIRECTION ( 'NONE',  ( 0.000000000000000000, -0.000000000000000000, 1.000000000000000000 ) ) ;
#4602 = DIRECTION ( 'NONE',  ( 0.000000000000000000, -0.000000000000000000, 1.000000000000000000 ) ) ;
#4603 = CARTESIAN_POINT ( 'NONE',  ( 0.8700000000000005507, 0.1999999999999999833, 1.720000000000000862 ) ) ;
#4604 = DIRECTION ( 'NONE',  ( 1.000000000000000000, -0.000000000000000000, 0.000000000000000000 ) ) ;
#4605 = CARTESIAN_POINT ( 'NONE',  ( -1.249999999999999334, 0.2000000000000000111, 1.720000000000000862 ) ) ;
#4606 = DIRECTION ( 'NONE',  ( -0.000000000000000000, -1.000000000000000000, -0.000000000000000000 ) ) ;
#4607 = PRESENTATION_LAYER_ASSIGNMENT (  '', '', ( #1121 ) ) ;
#4608 = CARTESIAN_POINT ( 'NONE',  ( 1.370000000000000551, 0.6664761515876238551, 2.000000000000000888 ) ) ;
#4609 = ORIENTED_EDGE ( 'NONE', *, *, #1999, .F. ) ;
#4610 = AXIS2_PLACEMENT_3D ( 'NONE', #237, #7417, #1421 ) ;
#4611 = DIRECTION ( 'NONE',  ( 1.000000000000000000, -0.000000000000000000, -0.000000000000000000 ) ) ;
#4612 = LINE ( 'NONE', #1651, #1603 ) ;
#4613 = FACE_OUTER_BOUND ( 'NONE', #4703, .T. ) ;
#4614 = ORIENTED_EDGE ( 'NONE', *, *, #5374, .F. ) ;
#4615 = ORIENTED_EDGE ( 'NONE', *, *, #672, .T. ) ;
#4616 = ADVANCED_FACE ( 'NONE', ( #3888 ), #3306, .F. ) ;
#4617 = VECTOR ( 'NONE', #6661, 1000.000000000000000 ) ;
#4618 = EDGE_CURVE ( 'NONE', #8349, #382, #3924, .T. ) ;
#4619 = PRESENTATION_STYLE_ASSIGNMENT (( #2734 ) ) ;
#4620 = DIRECTION ( 'NONE',  ( 0.000000000000000000, -1.000000000000000000, 0.000000000000000000 ) ) ;
#4621 = LINE ( 'NONE', #5808, #7235 ) ;
#4622 = ORIENTED_EDGE ( 'NONE', *, *, #2433, .F. ) ;
#4623 = DIRECTION ( 'NONE',  ( 1.000000000000000000, -0.000000000000000000, -0.000000000000000000 ) ) ;
#4624 = CARTESIAN_POINT ( 'NONE',  ( 1.999999999999999112, 0.1999999999999999833, 1.370000000000000107 ) ) ;
#4625 = AXIS2_PLACEMENT_3D ( 'NONE', #2225, #8164, #8228 ) ;
#4626 = PLANE ( 'NONE',  #7537 ) ;
#4627 = CYLINDRICAL_SURFACE ( 'NONE', #1003, 0.1199999999999998845 ) ;
#4628 = CARTESIAN_POINT ( 'NONE',  ( 0.3700000000000005507, 0.1999999999999996503, 1.999999999999999112 ) ) ;
#4629 = AXIS2_PLACEMENT_3D ( 'NONE', #529, #583, #135 ) ;
#4630 = CIRCLE ( 'NONE', #133, 0.1199999999999998845 ) ;
#4631 = ORIENTED_EDGE ( 'NONE', *, *, #4333, .T. ) ;
#4632 = ORIENTED_EDGE ( 'NONE', *, *, #2880, .T. ) ;
#4633 = CARTESIAN_POINT ( 'NONE',  ( 1.999999999999999112, 0.6664761515876242992, 0.6300000000000005596 ) ) ;
#4634 = CARTESIAN_POINT ( 'NONE',  ( -1.719999999999998863, 0.000000000000000000, -1.369999999999999662 ) ) ;
#4635 = ADVANCED_FACE ( 'NONE', ( #3817 ), #1036, .F. ) ;
#4636 = EDGE_CURVE ( 'NONE', #7713, #2935, #1024, .T. ) ;
#4637 = VECTOR ( 'NONE', #2363, 1000.000000000000000 ) ;
#4638 = ORIENTED_EDGE ( 'NONE', *, *, #7333, .T. ) ;
#4639 = VECTOR ( 'NONE', #2299, 1000.000000000000000 ) ;
#4640 = AXIS2_PLACEMENT_3D ( 'NONE', #458, #2503, #5144 ) ;
#4641 = VECTOR ( 'NONE', #6217, 1000.000000000000000 ) ;
#4642 = ORIENTED_EDGE ( 'NONE', *, *, #4759, .T. ) ;
#4643 = ORIENTED_EDGE ( 'NONE', *, *, #7846, .F. ) ;
#4644 = CARTESIAN_POINT ( 'NONE',  ( -1.369999999999999662, 0.000000000000000000, -1.720000000000000862 ) ) ;
#4645 = EDGE_CURVE ( 'NONE', #6814, #2768, #6860, .T. ) ;
#4646 = PLANE ( 'NONE',  #1009 ) ;
#4647 = DIRECTION ( 'NONE',  ( 0.000000000000000000, -1.000000000000000000, 0.000000000000000000 ) ) ;
#4648 = CARTESIAN_POINT ( 'NONE',  ( 1.370000000000000107, 0.04999999999999999584, -1.720000000000000862 ) ) ;
#4649 = LINE ( 'NONE', #6131, #4559 ) ;
#4650 = DIRECTION ( 'NONE',  ( -0.000000000000000000, -1.000000000000000000, -0.000000000000000000 ) ) ;
#4651 = CARTESIAN_POINT ( 'NONE',  ( 0.8700000000000005507, 0.000000000000000000, 2.000000000000000888 ) ) ;
#4652 = DIRECTION ( 'NONE',  ( 0.000000000000000000, 1.000000000000000000, 0.000000000000000000 ) ) ;
#4653 = CARTESIAN_POINT ( 'NONE',  ( 2.000000000000000888, 0.05000000000000000278, -2.000000000000000888 ) ) ;
#4654 = CARTESIAN_POINT ( 'NONE',  ( -1.999999999999999112, 0.000000000000000000, -0.6299999999999998934 ) ) ;
#4655 = CIRCLE ( 'NONE', #3787, 0.1199999999999998845 ) ;
#4656 = ORIENTED_EDGE ( 'NONE', *, *, #1811, .F. ) ;
#4657 = VECTOR ( 'NONE', #1704, 1000.000000000000000 ) ;
#4658 = LINE ( 'NONE', #6936, #4641 ) ;
#4659 = VERTEX_POINT ( 'NONE', #6984 ) ;
#4660 = ORIENTED_EDGE ( 'NONE', *, *, #4968, .F. ) ;
#4661 = EDGE_CURVE ( 'NONE', #76, #5350, #1056, .T. ) ;
#4662 = CIRCLE ( 'NONE', #2822, 0.1666666649999999361 ) ;
#4663 = DIRECTION ( 'NONE',  ( 0.000000000000000000, 0.000000000000000000, 1.000000000000000000 ) ) ;
#4664 = PLANE ( 'NONE',  #417 ) ;
#4665 = MANIFOLD_SOLID_BREP ( 'LPattern3[1]', #4205 ) ;
#4666 = DIRECTION ( 'NONE',  ( 0.000000000000000000, 1.000000000000000000, 0.000000000000000000 ) ) ;
#4667 = DIRECTION ( 'NONE',  ( -0.000000000000000000, -0.000000000000000000, 1.000000000000000000 ) ) ;
#4668 = LINE ( 'NONE', #5936, #1765 ) ;
#4669 = CARTESIAN_POINT ( 'NONE',  ( 2.000000000000000888, 0.1999999999999996503, -0.8700000000000001066 ) ) ;
#4670 = VERTEX_POINT ( 'NONE', #5494 ) ;
#4671 = DIRECTION ( 'NONE',  ( -0.000000000000000000, -1.000000000000000000, -0.000000000000000000 ) ) ;
#4672 = FACE_OUTER_BOUND ( 'NONE', #4135, .T. ) ;
#4673 = ORIENTED_EDGE ( 'NONE', *, *, #6308, .T. ) ;
#4674 = EDGE_CURVE ( 'NONE', #6833, #8396, #4180, .T. ) ;
#4675 = LINE ( 'NONE', #965, #1608 ) ;
#4676 = AXIS2_PLACEMENT_3D ( 'NONE', #7167, #3786, #7619 ) ;
#4677 = ORIENTED_EDGE ( 'NONE', *, *, #8482, .T. ) ;
#4678 = DIRECTION ( 'NONE',  ( 1.000000000000000000, -0.000000000000000000, 0.000000000000000000 ) ) ;
#4679 = DIRECTION ( 'NONE',  ( 0.000000000000000000, 0.000000000000000000, -1.000000000000000000 ) ) ;
#4680 = LINE ( 'NONE', #481, #4744 ) ;
#4681 = ORIENTED_EDGE ( 'NONE', *, *, #5556, .F. ) ;
#4682 = VERTEX_POINT ( 'NONE', #3618 ) ;
#4683 = ADVANCED_FACE ( 'NONE', ( #4321 ), #5617, .F. ) ;
#4684 = DIRECTION ( 'NONE',  ( 0.000000000000000000, -1.000000000000000000, 0.000000000000000000 ) ) ;
#4685 = LINE ( 'NONE', #7246, #4617 ) ;
#4686 = EDGE_CURVE ( 'NONE', #3155, #1962, #7144, .T. ) ;
#4687 = VECTOR ( 'NONE', #3344, 1000.000000000000000 ) ;
#4688 = ORIENTED_EDGE ( 'NONE', *, *, #1248, .T. ) ;
#4689 = EDGE_LOOP ( 'NONE', ( #1082, #8413, #3163, #3073 ) ) ;
#4690 = ORIENTED_EDGE ( 'NONE', *, *, #3373, .T. ) ;
#4691 = DIRECTION ( 'NONE',  ( 1.000000000000000000, -0.000000000000000000, 0.000000000000000000 ) ) ;
#4692 = DIRECTION ( 'NONE',  ( 0.000000000000000000, 1.000000000000000000, 0.000000000000000000 ) ) ;
#4693 = AXIS2_PLACEMENT_3D ( 'NONE', #3900, #8536, #6415 ) ;
#4694 = CARTESIAN_POINT ( 'NONE',  ( 1.130000000000000782, 0.2000000000000000111, 2.000000000000000888 ) ) ;
#4695 = DIRECTION ( 'NONE',  ( 0.000000000000000000, 0.000000000000000000, -1.000000000000000000 ) ) ;
#4696 = DIRECTION ( 'NONE',  ( -1.000000000000000000, 0.000000000000000000, 0.000000000000000000 ) ) ;
#4697 = VECTOR ( 'NONE', #1070, 1000.000000000000000 ) ;
#4698 = DIRECTION ( 'NONE',  ( 0.000000000000000000, -0.000000000000000000, 1.000000000000000000 ) ) ;
#4699 = DIRECTION ( 'NONE',  ( 1.000000000000000000, 0.000000000000000000, 0.000000000000000000 ) ) ;
#4700 = DIRECTION ( 'NONE',  ( 0.000000000000000000, -1.000000000000000000, 0.000000000000000000 ) ) ;
#4701 = AXIS2_PLACEMENT_3D ( 'NONE', #8274, #2851, #3599 ) ;
#4702 = VECTOR ( 'NONE', #201, 1000.000000000000000 ) ;
#4703 = EDGE_LOOP ( 'NONE', ( #7471, #6088, #1646, #8500 ) ) ;
#4704 =( GEOMETRIC_REPRESENTATION_CONTEXT ( 3 ) GLOBAL_UNCERTAINTY_ASSIGNED_CONTEXT ( ( #6689 ) ) GLOBAL_UNIT_ASSIGNED_CONTEXT ( ( #8059, #5276, #5455 ) ) REPRESENTATION_CONTEXT ( 'NONE', 'WORKASPACE' ) );
#4705 = PRESENTATION_STYLE_ASSIGNMENT (( #6239 ) ) ;
#4706 = EDGE_LOOP ( 'NONE', ( #1555, #3191, #1758, #8481 ) ) ;
#4707 = ORIENTED_EDGE ( 'NONE', *, *, #7663, .T. ) ;
#4708 = VECTOR ( 'NONE', #914, 1000.000000000000000 ) ;
#4709 = AXIS2_PLACEMENT_3D ( 'NONE', #6589, #5214, #2459 ) ;
#4710 = AXIS2_PLACEMENT_3D ( 'NONE', #763, #1574, #2857 ) ;
#4711 = DIRECTION ( 'NONE',  ( 0.000000000000000000, 0.000000000000000000, 1.000000000000000000 ) ) ;
#4712 = CARTESIAN_POINT ( 'NONE',  ( 1.719999999999998863, 0.6664761515876242992, -0.6299999999999998934 ) ) ;
#4713 = DIRECTION ( 'NONE',  ( 0.000000000000000000, 0.000000000000000000, -1.000000000000000000 ) ) ;
#4714 = DIRECTION ( 'NONE',  ( 0.000000000000000000, 0.000000000000000000, 1.000000000000000000 ) ) ;
#4715 = FACE_OUTER_BOUND ( 'NONE', #5418, .T. ) ;
#4716 = DIRECTION ( 'NONE',  ( -0.000000000000000000, -1.000000000000000000, 0.000000000000000000 ) ) ;
#4717 = ORIENTED_EDGE ( 'NONE', *, *, #4785, .T. ) ;
#4718 = SURFACE_SIDE_STYLE ('',( #2346 ) ) ;
#4719 = LINE ( 'NONE', #4345, #7453 ) ;
#4720 = VERTEX_POINT ( 'NONE', #7454 ) ;
#4721 = EDGE_LOOP ( 'NONE', ( #746, #6365, #3631, #5944 ) ) ;
#4722 = AXIS2_PLACEMENT_3D ( 'NONE', #5480, #4238, #259 ) ;
#4723 = EDGE_CURVE ( 'NONE', #3742, #5780, #4243, .T. ) ;
#4724 = CARTESIAN_POINT ( 'NONE',  ( -1.129999999999999449, 0.000000000000000000, 2.000000000000000888 ) ) ;
#4725 = LINE ( 'NONE', #4751, #5017 ) ;
#4726 = CARTESIAN_POINT ( 'NONE',  ( 1.719999999999998863, 0.05000000000000002359, 0.1299999999999998934 ) ) ;
#4727 = EDGE_LOOP ( 'NONE', ( #5252, #4352, #2591, #6761 ) ) ;
#4728 = CARTESIAN_POINT ( 'NONE',  ( -0.8699999999999992184, 0.1999999999999999833, 2.000000000000000888 ) ) ;
#4729 = CARTESIAN_POINT ( 'NONE',  ( 1.719999999999998863, 0.05000000000000002359, 1.370000000000000107 ) ) ;
#4730 = ADVANCED_FACE ( 'NONE', ( #1407 ), #773, .F. ) ;
#4731 = VECTOR ( 'NONE', #896, 1000.000000000000000 ) ;
#4732 = DIRECTION ( 'NONE',  ( 0.000000000000000000, 0.000000000000000000, 1.000000000000000000 ) ) ;
#4733 = VERTEX_POINT ( 'NONE', #7566 ) ;
#4734 = ORIENTED_EDGE ( 'NONE', *, *, #6447, .F. ) ;
#4735 = EDGE_CURVE ( 'NONE', #4720, #4043, #4274, .T. ) ;
#4736 = DIRECTION ( 'NONE',  ( 0.000000000000000000, -1.000000000000000000, 0.000000000000000000 ) ) ;
#4737 = DIRECTION ( 'NONE',  ( 0.000000000000000000, -1.000000000000000000, 0.000000000000000000 ) ) ;
#4738 = DIRECTION ( 'NONE',  ( 0.000000000000000000, 0.000000000000000000, -1.000000000000000000 ) ) ;
#4739 = EDGE_LOOP ( 'NONE', ( #6014, #6876, #3635, #2817 ) ) ;
#4740 = DIRECTION ( 'NONE',  ( 0.000000000000000000, 0.000000000000000000, 1.000000000000000000 ) ) ;
#4741 = FACE_OUTER_BOUND ( 'NONE', #379, .T. ) ;
#4742 = EDGE_CURVE ( 'NONE', #2157, #2927, #7092, .T. ) ;
#4743 = ORIENTED_EDGE ( 'NONE', *, *, #4551, .F. ) ;
#4744 = VECTOR ( 'NONE', #7367, 1000.000000000000000 ) ;
#4745 = EDGE_LOOP ( 'NONE', ( #4820, #1367, #1805, #8217 ) ) ;
#4746 = ORIENTED_EDGE ( 'NONE', *, *, #1981, .T. ) ;
#4747 = PLANE ( 'NONE',  #4584 ) ;
#4748 = ADVANCED_FACE ( 'NONE', ( #7133 ), #4870, .T. ) ;
#4749 = CARTESIAN_POINT ( 'NONE',  ( 1.370000000000000107, 0.2000000000000000111, -2.000000000000000888 ) ) ;
#4750 = CARTESIAN_POINT ( 'NONE',  ( -1.369999999999999662, 0.1999999999999999833, -1.720000000000000862 ) ) ;
#4751 = CARTESIAN_POINT ( 'NONE',  ( -0.3699999999999992184, 0.1999999999999999833, 2.000000000000000888 ) ) ;
#4752 = DIRECTION ( 'NONE',  ( -0.000000000000000000, -0.000000000000000000, 1.000000000000000000 ) ) ;
#4753 = DIRECTION ( 'NONE',  ( -1.000000000000000000, 0.000000000000000000, 0.000000000000000000 ) ) ;
#4754 = DIRECTION ( 'NONE',  ( 0.000000000000000000, -0.000000000000000000, 1.000000000000000000 ) ) ;
#4755 = SURFACE_SIDE_STYLE ('',( #1762 ) ) ;
#4756 = EDGE_CURVE ( 'NONE', #6795, #5465, #4383, .T. ) ;
#4757 = DIRECTION ( 'NONE',  ( 0.000000000000000000, -0.000000000000000000, 1.000000000000000000 ) ) ;
#4758 = PLANE ( 'NONE',  #4982 ) ;
#4759 = EDGE_CURVE ( 'NONE', #103, #3690, #1360, .T. ) ;
#4760 = ORIENTED_EDGE ( 'NONE', *, *, #8423, .T. ) ;
#4761 = FACE_OUTER_BOUND ( 'NONE', #7723, .T. ) ;
#4762 = EDGE_LOOP ( 'NONE', ( #5505, #2637, #5562, #3805, #114, #7958, #5889, #2240 ) ) ;
#4763 = ORIENTED_EDGE ( 'NONE', *, *, #553, .T. ) ;
#4764 = CARTESIAN_POINT ( 'NONE',  ( 1.719999999999998863, 0.6664761515876242992, -1.129999999999999893 ) ) ;
#4765 = DIRECTION ( 'NONE',  ( 0.000000000000000000, 1.000000000000000000, 0.000000000000000000 ) ) ;
#4766 = CARTESIAN_POINT ( 'NONE',  ( 8.751060392204411037E-16, 0.05000000000000000278, 1.129999999999999005 ) ) ;
#4767 = EDGE_CURVE ( 'NONE', #6778, #927, #1536, .T. ) ;
#4768 = CARTESIAN_POINT ( 'NONE',  ( 1.999999999999999112, 0.1999999999999999833, -1.129999999999999893 ) ) ;
#4769 = CARTESIAN_POINT ( 'NONE',  ( -0.1299999999999998934, 0.000000000000000000, -1.720000000000000862 ) ) ;
#4770 = ORIENTED_EDGE ( 'NONE', *, *, #1681, .T. ) ;
#4771 =( NAMED_UNIT ( * ) SI_UNIT ( $, .STERADIAN. ) SOLID_ANGLE_UNIT ( ) );
#4772 = EDGE_CURVE ( 'NONE', #3989, #8156, #7159, .T. ) ;
#4773 = VECTOR ( 'NONE', #2017, 1000.000000000000000 ) ;
#4774 = ORIENTED_EDGE ( 'NONE', *, *, #1518, .F. ) ;
#4775 = ORIENTED_EDGE ( 'NONE', *, *, #5056, .F. ) ;
#4776 = STYLED_ITEM ( 'NONE', ( #5521 ), #3258 ) ;
#4777 = FACE_OUTER_BOUND ( 'NONE', #3776, .T. ) ;
#4778 = DIRECTION ( 'NONE',  ( -7.744301232039308793E-16, 0.000000000000000000, 1.000000000000000000 ) ) ;
#4779 = ORIENTED_EDGE ( 'NONE', *, *, #1528, .F. ) ;
#4780 = CARTESIAN_POINT ( 'NONE',  ( 0.8700000000000005507, 0.05000000000000000278, 0.000000000000000000 ) ) ;
#4781 = DIRECTION ( 'NONE',  ( 0.000000000000000000, 0.000000000000000000, 1.000000000000000000 ) ) ;
#4782 = DIRECTION ( 'NONE',  ( -0.000000000000000000, 0.000000000000000000, 1.000000000000000000 ) ) ;
#4783 = FACE_OUTER_BOUND ( 'NONE', #983, .T. ) ;
#4784 = CARTESIAN_POINT ( 'NONE',  ( 1.149999999999999911, 3.735533905932738374, -1.249999999999999778 ) ) ;
#4785 = EDGE_CURVE ( 'NONE', #5309, #4416, #7120, .T. ) ;
#4786 = ORIENTED_EDGE ( 'NONE', *, *, #3295, .F. ) ;
#4787 = ORIENTED_EDGE ( 'NONE', *, *, #501, .F. ) ;
#4788 = DIRECTION ( 'NONE',  ( -1.000000000000000000, 0.000000000000000000, -7.744301232039308793E-16 ) ) ;
#4789 = AXIS2_PLACEMENT_3D ( 'NONE', #1694, #4571, #7171 ) ;
#4790 = EDGE_LOOP ( 'NONE', ( #6113, #7055, #1708, #4779 ) ) ;
#4791 = ADVANCED_FACE ( 'NONE', ( #7207 ), #1687, .F. ) ;
#4792 = VERTEX_POINT ( 'NONE', #3464 ) ;
#4793 = ORIENTED_EDGE ( 'NONE', *, *, #4723, .F. ) ;
#4794 = FILL_AREA_STYLE ('',( #3021 ) ) ;
#4795 = DIRECTION ( 'NONE',  ( -0.000000000000000000, -1.000000000000000000, -0.000000000000000000 ) ) ;
#4796 = DIRECTION ( 'NONE',  ( 0.000000000000000000, -1.000000000000000000, 0.000000000000000000 ) ) ;
#4797 = DIRECTION ( 'NONE',  ( 0.000000000000000000, 1.000000000000000000, 0.000000000000000000 ) ) ;
#4798 = CARTESIAN_POINT ( 'NONE',  ( -1.719999999999998863, 0.6664761515876242992, 0.3700000000000001066 ) ) ;
#4799 = PLANE ( 'NONE',  #8252 ) ;
#4800 = CARTESIAN_POINT ( 'NONE',  ( 2.000000000000000888, 0.05000000000000000278, 1.999999999999999112 ) ) ;
#4801 = STYLED_ITEM ( 'NONE', ( #3955 ), #8130 ) ;
#4802 = EDGE_CURVE ( 'NONE', #600, #4733, #7269, .T. ) ;
#4803 = DIRECTION ( 'NONE',  ( -1.000000000000000000, 0.000000000000000000, 0.000000000000000000 ) ) ;
#4804 = AXIS2_PLACEMENT_3D ( 'NONE', #7694, #7027, #3713 ) ;
#4805 = DIRECTION ( 'NONE',  ( 1.000000000000000000, -0.000000000000000000, 0.000000000000000000 ) ) ;
#4806 = CARTESIAN_POINT ( 'NONE',  ( 1.999999999999999112, 0.04999999999999969746, 0.3700000000000001066 ) ) ;
#4807 = ORIENTED_EDGE ( 'NONE', *, *, #6890, .T. ) ;
#4808 = AXIS2_PLACEMENT_3D ( 'NONE', #536, #333, #950 ) ;
#4809 = PRESENTATION_LAYER_ASSIGNMENT (  '', '', ( #1767 ) ) ;
#4810 = ORIENTED_EDGE ( 'NONE', *, *, #6447, .T. ) ;
#4811 = ORIENTED_EDGE ( 'NONE', *, *, #3022, .F. ) ;
#4812 = ADVANCED_FACE ( 'NONE', ( #7026 ), #1308, .T. ) ;
#4813 = DIRECTION ( 'NONE',  ( 1.000000000000000000, 0.000000000000000000, -7.744301232039308793E-16 ) ) ;
#4814 = EDGE_CURVE ( 'NONE', #7118, #5782, #4433, .T. ) ;
#4815 = FILL_AREA_STYLE_COLOUR ( '', #3940 ) ;
#4816 = PLANE ( 'NONE',  #5855 ) ;
#4817 = DIRECTION ( 'NONE',  ( 0.000000000000000000, 0.000000000000000000, 1.000000000000000000 ) ) ;
#4818 = PLANE ( 'NONE',  #4374 ) ;
#4819 = CARTESIAN_POINT ( 'NONE',  ( 0.000000000000000000, 0.05000000000000000278, 0.8700000000000001066 ) ) ;
#4820 = ORIENTED_EDGE ( 'NONE', *, *, #2800, .F. ) ;
#4821 = DIRECTION ( 'NONE',  ( -1.000000000000000000, 0.000000000000000000, 1.084202172485504434E-16 ) ) ;
#4822 = CARTESIAN_POINT ( 'NONE',  ( -1.719999999999998863, 0.6664761515876242992, -0.1299999999999998934 ) ) ;
#4823 = VECTOR ( 'NONE', #5591, 1000.000000000000000 ) ;
#4824 = AXIS2_PLACEMENT_3D ( 'NONE', #8409, #6370, #7060 ) ;
#4825 = ORIENTED_EDGE ( 'NONE', *, *, #5818, .T. ) ;
#4826 = ORIENTED_EDGE ( 'NONE', *, *, #6800, .F. ) ;
#4827 = EDGE_CURVE ( 'NONE', #7398, #532, #1438, .T. ) ;
#4828 = VECTOR ( 'NONE', #7744, 1000.000000000000000 ) ;
#4829 = DIRECTION ( 'NONE',  ( 0.000000000000000000, -1.000000000000000000, 0.000000000000000000 ) ) ;
#4830 = ORIENTED_EDGE ( 'NONE', *, *, #8405, .F. ) ;
#4831 = DIRECTION ( 'NONE',  ( 0.000000000000000000, 1.000000000000000000, 0.000000000000000000 ) ) ;
#4832 = CARTESIAN_POINT ( 'NONE',  ( 1.719999999999998863, 0.000000000000000000, 1.249999999999999778 ) ) ;
#4833 = DIRECTION ( 'NONE',  ( -1.000000000000000000, 0.000000000000000000, 0.000000000000000000 ) ) ;
#4834 = LINE ( 'NONE', #2255, #1994 ) ;
#4835 = CARTESIAN_POINT ( 'NONE',  ( -1.719999999999998863, 0.6664761515876242992, -0.3699999999999996625 ) ) ;
#4836 = ORIENTED_EDGE ( 'NONE', *, *, #6619, .T. ) ;
#4837 = ORIENTED_EDGE ( 'NONE', *, *, #7121, .T. ) ;
#4838 = CARTESIAN_POINT ( 'NONE',  ( 6.737542071874206548E-16, 0.05000000000000000278, -0.8700000000000009948 ) ) ;
#4839 = CARTESIAN_POINT ( 'NONE',  ( 0.1300000000000007816, 0.2000000000000000111, 2.000000000000000888 ) ) ;
#4840 = DIRECTION ( 'NONE',  ( 0.000000000000000000, 0.000000000000000000, -1.000000000000000000 ) ) ;
#4841 = PLANE ( 'NONE',  #1123 ) ;
#4842 = VECTOR ( 'NONE', #1385, 1000.000000000000000 ) ;
#4843 = FACE_OUTER_BOUND ( 'NONE', #4727, .T. ) ;
#4844 = VERTEX_POINT ( 'NONE', #1051 ) ;
#4845 = COLOUR_RGB ( '',0.7921568627450980005, 0.8196078431372548767, 0.9333333333333333481 ) ;
#4846 = ORIENTED_EDGE ( 'NONE', *, *, #1408, .F. ) ;
#4847 = ORIENTED_EDGE ( 'NONE', *, *, #4742, .F. ) ;
#4848 = EDGE_CURVE ( 'NONE', #7487, #6757, #4309, .T. ) ;
#4849 = PLANE ( 'NONE',  #7714 ) ;
#4850 = EDGE_CURVE ( 'NONE', #4733, #6275, #1501, .T. ) ;
#4851 = DIRECTION ( 'NONE',  ( 0.000000000000000000, 0.000000000000000000, -1.000000000000000000 ) ) ;
#4852 = CARTESIAN_POINT ( 'NONE',  ( -1.129999999999999893, 0.1999999999999999833, -2.000000000000000888 ) ) ;
#4853 = DIRECTION ( 'NONE',  ( -0.000000000000000000, -1.000000000000000000, -0.000000000000000000 ) ) ;
#4854 = EDGE_CURVE ( 'NONE', #956, #6311, #1249, .T. ) ;
#4855 = VECTOR ( 'NONE', #6611, 1000.000000000000000 ) ;
#4856 = CARTESIAN_POINT ( 'NONE',  ( -4.878909776184757134E-16, 0.05000000000000000278, 0.6299999999999990052 ) ) ;
#4857 = CIRCLE ( 'NONE', #4393, 0.1199999999999998845 ) ;
#4858 = CARTESIAN_POINT ( 'NONE',  ( -1.719999999999998863, 0.000000000000000000, 0.8700000000000001066 ) ) ;
#4859 = DIRECTION ( 'NONE',  ( 0.000000000000000000, -1.000000000000000000, 0.000000000000000000 ) ) ;
#4860 = VECTOR ( 'NONE', #5274, 1000.000000000000000 ) ;
#4861 = ORIENTED_EDGE ( 'NONE', *, *, #3002, .T. ) ;
#4862 = ADVANCED_FACE ( 'NONE', ( #7286 ), #5158, .F. ) ;
#4863 = LINE ( 'NONE', #5416, #7857 ) ;
#4864 = ORIENTED_EDGE ( 'NONE', *, *, #6232, .T. ) ;
#4865 = ORIENTED_EDGE ( 'NONE', *, *, #4299, .T. ) ;
#4866 = ADVANCED_FACE ( 'NONE', ( #4137 ), #4158, .F. ) ;
#4867 = EDGE_CURVE ( 'NONE', #3937, #5290, #4417, .T. ) ;
#4868 = DIRECTION ( 'NONE',  ( -0.000000000000000000, -1.000000000000000000, -0.000000000000000000 ) ) ;
#4869 = LINE ( 'NONE', #453, #7720 ) ;
#4870 = PLANE ( 'NONE',  #3439 ) ;
#4871 = CARTESIAN_POINT ( 'NONE',  ( 0.3700000000000001066, 0.2000000000000000111, -2.000000000000000888 ) ) ;
#4872 = PLANE ( 'NONE',  #7534 ) ;
#4873 = DIRECTION ( 'NONE',  ( 0.000000000000000000, 0.000000000000000000, -1.000000000000000000 ) ) ;
#4874 = VECTOR ( 'NONE', #4013, 1000.000000000000000 ) ;
#4875 = DIRECTION ( 'NONE',  ( 0.000000000000000000, 1.000000000000000000, 0.000000000000000000 ) ) ;
#4876 = AXIS2_PLACEMENT_3D ( 'NONE', #5135, #2376, #4873 ) ;
#4877 = VERTEX_POINT ( 'NONE', #7711 ) ;
#4878 = DIRECTION ( 'NONE',  ( -0.000000000000000000, 0.000000000000000000, 1.000000000000000000 ) ) ;
#4879 = DIRECTION ( 'NONE',  ( 0.000000000000000000, 0.000000000000000000, -1.000000000000000000 ) ) ;
#4880 = ORIENTED_EDGE ( 'NONE', *, *, #8289, .T. ) ;
#4881 = ORIENTED_EDGE ( 'NONE', *, *, #3508, .F. ) ;
#4882 = ADVANCED_FACE ( 'NONE', ( #1266 ), #2400, .T. ) ;
#4883 = LINE ( 'NONE', #1150, #1939 ) ;
#4884 = EDGE_CURVE ( 'NONE', #3357, #6342, #7064, .T. ) ;
#4885 = CARTESIAN_POINT ( 'NONE',  ( -0.2499999999999997780, 0.2000000000000000111, -1.720000000000000862 ) ) ;
#4886 = CIRCLE ( 'NONE', #5651, 0.1199999999999998845 ) ;
#4887 = AXIS2_PLACEMENT_3D ( 'NONE', #8030, #651, #6555 ) ;
#4888 = ORIENTED_EDGE ( 'NONE', *, *, #3412, .T. ) ;
#4889 = STYLED_ITEM ( 'NONE', ( #8077 ), #1877 ) ;
#4890 = CYLINDRICAL_SURFACE ( 'NONE', #3591, 0.1199999999999998845 ) ;
#4891 = ORIENTED_EDGE ( 'NONE', *, *, #79, .F. ) ;
#4892 = VERTEX_POINT ( 'NONE', #3151 ) ;
#4893 =( NAMED_UNIT ( * ) PLANE_ANGLE_UNIT ( ) SI_UNIT ( $, .RADIAN. ) );
#4894 = LINE ( 'NONE', #2100, #7863 ) ;
#4895 = LINE ( 'NONE', #7353, #7772 ) ;
#4896 = VERTEX_POINT ( 'NONE', #3321 ) ;
#4897 = LINE ( 'NONE', #2146, #7906 ) ;
#4898 = ORIENTED_EDGE ( 'NONE', *, *, #4934, .F. ) ;
#4899 = ORIENTED_EDGE ( 'NONE', *, *, #5515, .F. ) ;
#4900 =( GEOMETRIC_REPRESENTATION_CONTEXT ( 3 ) GLOBAL_UNCERTAINTY_ASSIGNED_CONTEXT ( ( #3094 ) ) GLOBAL_UNIT_ASSIGNED_CONTEXT ( ( #3317, #1898, #6696 ) ) REPRESENTATION_CONTEXT ( 'NONE', 'WORKASPACE' ) );
#4901 = CARTESIAN_POINT ( 'NONE',  ( 1.130000000000000338, 0.04999999999999969746, -2.000000000000000888 ) ) ;
#4902 = CARTESIAN_POINT ( 'NONE',  ( 0.000000000000000000, 0.05000000000000000278, 0.8700000000000001066 ) ) ;
#4903 = CARTESIAN_POINT ( 'NONE',  ( -1.369999999999999218, 0.05000000000000000278, 1.999999999999999556 ) ) ;
#4904 = DIRECTION ( 'NONE',  ( 0.000000000000000000, 0.000000000000000000, 1.000000000000000000 ) ) ;
#4905 = DIRECTION ( 'NONE',  ( -7.744301232039308793E-16, 0.000000000000000000, 1.000000000000000000 ) ) ;
#4906 = CARTESIAN_POINT ( 'NONE',  ( 1.719999999999998863, 0.1999999999999999833, -1.369999999999999662 ) ) ;
#4907 = AXIS2_PLACEMENT_3D ( 'NONE', #271, #7513, #6930 ) ;
#4908 = LINE ( 'NONE', #3302, #7947 ) ;
#4909 = EDGE_CURVE ( 'NONE', #4222, #3123, #1282, .T. ) ;
#4910 = DIRECTION ( 'NONE',  ( 0.000000000000000000, 1.000000000000000000, 0.000000000000000000 ) ) ;
#4911 = FACE_OUTER_BOUND ( 'NONE', #7300, .T. ) ;
#4912 = ORIENTED_EDGE ( 'NONE', *, *, #657, .T. ) ;
#4913 = VERTEX_POINT ( 'NONE', #27 ) ;
#4914 = EDGE_CURVE ( 'NONE', #687, #1795, #4292, .T. ) ;
#4915 = DIRECTION ( 'NONE',  ( 0.000000000000000000, 0.000000000000000000, 1.000000000000000000 ) ) ;
#4916 = DIRECTION ( 'NONE',  ( 0.000000000000000000, 0.000000000000000000, 1.000000000000000000 ) ) ;
#4917 = CIRCLE ( 'NONE', #6441, 0.1199999999999998845 ) ;
#4918 = CARTESIAN_POINT ( 'NONE',  ( 1.719999999999998863, 0.1999999999999999833, -1.129999999999999893 ) ) ;
#4919 = AXIS2_PLACEMENT_3D ( 'NONE', #836, #6167, #3523 ) ;
#4920 = FILL_AREA_STYLE ('',( #4259 ) ) ;
#4921 = CARTESIAN_POINT ( 'NONE',  ( 1.719999999999998863, 0.6664761515876242992, 0.7499999999999997780 ) ) ;
#4922 = CARTESIAN_POINT ( 'NONE',  ( -1.719999999999998863, 0.000000000000000000, -0.3699999999999994404 ) ) ;
#4923 = DIRECTION ( 'NONE',  ( -1.000000000000000000, 0.000000000000000000, -0.000000000000000000 ) ) ;
#4924 = VERTEX_POINT ( 'NONE', #3784 ) ;
#4925 = ADVANCED_FACE ( 'NONE', ( #97 ), #521, .F. ) ;
#4926 =( NAMED_UNIT ( * ) PLANE_ANGLE_UNIT ( ) SI_UNIT ( $, .RADIAN. ) );
#4927 = FACE_OUTER_BOUND ( 'NONE', #314, .T. ) ;
#4928 = VERTEX_POINT ( 'NONE', #5896 ) ;
#4929 = VERTEX_POINT ( 'NONE', #5728 ) ;
#4930 = MANIFOLD_SOLID_BREP ( 'LPattern4[6]', #2347 ) ;
#4931 = ADVANCED_FACE ( 'NONE', ( #2957 ), #3197, .T. ) ;
#4932 = EDGE_CURVE ( 'NONE', #1279, #2474, #295, .T. ) ;
#4933 = LINE ( 'NONE', #1933, #2126 ) ;
#4934 = EDGE_CURVE ( 'NONE', #2835, #1479, #175, .T. ) ;
#4935 = LINE ( 'NONE', #4562, #4860 ) ;
#4936 = VERTEX_POINT ( 'NONE', #7355 ) ;
#4937 = DIRECTION ( 'NONE',  ( 0.000000000000000000, 0.000000000000000000, -1.000000000000000000 ) ) ;
#4938 = EDGE_CURVE ( 'NONE', #18, #1038, #2969, .T. ) ;
#4939 = CARTESIAN_POINT ( 'NONE',  ( 1.130000000000000782, 0.000000000000000000, 2.000000000000000888 ) ) ;
#4940 = DIRECTION ( 'NONE',  ( -1.000000000000000000, 0.000000000000000000, 1.084202172485504434E-16 ) ) ;
#4941 = DIRECTION ( 'NONE',  ( 1.000000000000000000, -0.000000000000000000, 0.000000000000000000 ) ) ;
#4942 = CARTESIAN_POINT ( 'NONE',  ( 1.719999999999998863, 0.6664761515876242992, -1.129999999999999893 ) ) ;
#4943 = ORIENTED_EDGE ( 'NONE', *, *, #3636, .T. ) ;
#4944 = VERTEX_POINT ( 'NONE', #4144 ) ;
#4945 = ADVANCED_FACE ( 'NONE', ( #209 ), #1600, .T. ) ;
#4946 = PLANE ( 'NONE',  #3934 ) ;
#4947 = EDGE_CURVE ( 'NONE', #2570, #4183, #5856, .T. ) ;
#4948 = LINE ( 'NONE', #5838, #4874 ) ;
#4949 = VERTEX_POINT ( 'NONE', #4729 ) ;
#4950 = LINE ( 'NONE', #3711, #7856 ) ;
#4951 = VECTOR ( 'NONE', #4098, 1000.000000000000000 ) ;
#4952 = VERTEX_POINT ( 'NONE', #3432 ) ;
#4953 = ORIENTED_EDGE ( 'NONE', *, *, #5139, .F. ) ;
#4954 =( NAMED_UNIT ( * ) PLANE_ANGLE_UNIT ( ) SI_UNIT ( $, .RADIAN. ) );
#4955 = DIRECTION ( 'NONE',  ( -1.000000000000000000, 0.000000000000000000, -0.000000000000000000 ) ) ;
#4956 = AXIS2_PLACEMENT_3D ( 'NONE', #619, #1403, #7030 ) ;
#4957 = VERTEX_POINT ( 'NONE', #1354 ) ;
#4958 = DIRECTION ( 'NONE',  ( -1.000000000000000000, 0.000000000000000000, -0.000000000000000000 ) ) ;
#4959 = CARTESIAN_POINT ( 'NONE',  ( -0.2499999999999993616, 0.2000000000000000111, 1.720000000000000862 ) ) ;
#4960 = CARTESIAN_POINT ( 'NONE',  ( -0.6299999999999998934, 0.2000000000000000111, -1.720000000000000862 ) ) ;
#4961 = CARTESIAN_POINT ( 'NONE',  ( -1.719999999999998863, 0.05000000000000002359, -0.8699999999999994404 ) ) ;
#4962 = FACE_OUTER_BOUND ( 'NONE', #3775, .T. ) ;
#4963 = CARTESIAN_POINT ( 'NONE',  ( 2.000000000000000888, 1.000000000000001776, -2.000000000000000888 ) ) ;
#4964 = SURFACE_STYLE_USAGE ( .BOTH. , #5713 ) ;
#4965 = LINE ( 'NONE', #1417, #5032 ) ;
#4966 = ORIENTED_EDGE ( 'NONE', *, *, #4336, .F. ) ;
#4967 = FACE_OUTER_BOUND ( 'NONE', #5613, .T. ) ;
#4968 = EDGE_CURVE ( 'NONE', #2761, #5304, #6075, .T. ) ;
#4969 = LINE ( 'NONE', #3448, #7600 ) ;
#4970 = ORIENTED_EDGE ( 'NONE', *, *, #3865, .F. ) ;
#4971 = ORIENTED_EDGE ( 'NONE', *, *, #7297, .T. ) ;
#4972 = VECTOR ( 'NONE', #4611, 1000.000000000000000 ) ;
#4973 = ORIENTED_EDGE ( 'NONE', *, *, #7972, .F. ) ;
#4974 = AXIS2_PLACEMENT_3D ( 'NONE', #4541, #8571, #1208 ) ;
#4975 = DIRECTION ( 'NONE',  ( 0.000000000000000000, 0.000000000000000000, 1.000000000000000000 ) ) ;
#4976 = DIRECTION ( 'NONE',  ( 0.000000000000000000, -0.000000000000000000, 1.000000000000000000 ) ) ;
#4977 = FACE_OUTER_BOUND ( 'NONE', #2988, .T. ) ;
#4978 = DIRECTION ( 'NONE',  ( 0.000000000000000000, -1.000000000000000000, 0.000000000000000000 ) ) ;
#4979 = DIRECTION ( 'NONE',  ( -0.000000000000000000, -0.000000000000000000, 1.000000000000000000 ) ) ;
#4980 = DIRECTION ( 'NONE',  ( 0.000000000000000000, 0.000000000000000000, -1.000000000000000000 ) ) ;
#4981 = CARTESIAN_POINT ( 'NONE',  ( 1.250000000000000000, 0.2000000000000000944, 1.150000000000000355 ) ) ;
#4982 = AXIS2_PLACEMENT_3D ( 'NONE', #2032, #2094, #2156 ) ;
#4983 = ORIENTED_EDGE ( 'NONE', *, *, #4099, .T. ) ;
#4984 = CARTESIAN_POINT ( 'NONE',  ( -1.999999999999999112, 0.1999999999999996503, 0.8700000000000003286 ) ) ;
#4985 = PLANE ( 'NONE',  #5947 ) ;
#4986 = DIRECTION ( 'NONE',  ( 0.000000000000000000, 0.000000000000000000, -1.000000000000000000 ) ) ;
#4987 = CYLINDRICAL_SURFACE ( 'NONE', #224, 0.1199999999999998845 ) ;
#4988 = PRESENTATION_STYLE_ASSIGNMENT (( #6784 ) ) ;
#4989 = EDGE_LOOP ( 'NONE', ( #6879, #7709, #1594, #5218 ) ) ;
#4990 = ORIENTED_EDGE ( 'NONE', *, *, #1151, .F. ) ;
#4991 = CIRCLE ( 'NONE', #3755, 0.1000000000000000472 ) ;
#4992 = VERTEX_POINT ( 'NONE', #6176 ) ;
#4993 = AXIS2_PLACEMENT_3D ( 'NONE', #3499, #356, #2729 ) ;
#4994 = EDGE_CURVE ( 'NONE', #3822, #1398, #150, .T. ) ;
#4995 = PRESENTATION_LAYER_ASSIGNMENT (  '', '', ( #1655 ) ) ;
#4996 = LINE ( 'NONE', #3201, #2096 ) ;
#4997 = LINE ( 'NONE', #8460, #5129 ) ;
#4998 = ORIENTED_EDGE ( 'NONE', *, *, #5830, .F. ) ;
#4999 = CARTESIAN_POINT ( 'NONE',  ( 1.719999999999998863, 0.1999999999999999833, 0.1300000000000003375 ) ) ;
#5000 = MANIFOLD_SOLID_BREP ( 'LPattern4[9]', #5190 ) ;
#5001 = ADVANCED_FACE ( 'NONE', ( #6030 ), #3108, .T. ) ;
#5002 = AXIS2_PLACEMENT_3D ( 'NONE', #8417, #483, #3113 ) ;
#5003 = DIRECTION ( 'NONE',  ( 1.000000000000000000, -0.000000000000000000, 0.000000000000000000 ) ) ;
#5004 = VECTOR ( 'NONE', #1610, 1000.000000000000000 ) ;
#5005 = DIRECTION ( 'NONE',  ( -0.000000000000000000, -1.000000000000000000, -0.000000000000000000 ) ) ;
#5006 = AXIS2_PLACEMENT_3D ( 'NONE', #6986, #7659, #320 ) ;
#5007 = FACE_OUTER_BOUND ( 'NONE', #1601, .T. ) ;
#5008 = DIRECTION ( 'NONE',  ( 1.000000000000000000, 0.000000000000000000, -7.744301232039308793E-16 ) ) ;
#5009 = ORIENTED_EDGE ( 'NONE', *, *, #3196, .F. ) ;
#5010 = CARTESIAN_POINT ( 'NONE',  ( -0.1299999999999994771, 0.2000000000000000111, 2.000000000000000888 ) ) ;
#5011 = CARTESIAN_POINT ( 'NONE',  ( -1.999999999999999112, 0.05000000000000000278, 1.999999999999999556 ) ) ;
#5012 = VERTEX_POINT ( 'NONE', #2186 ) ;
#5013 = ADVANCED_FACE ( 'NONE', ( #5885 ), #6004, .T. ) ;
#5014 = EDGE_CURVE ( 'NONE', #7990, #6208, #5953, .T. ) ;
#5015 = LINE ( 'NONE', #5724, #7730 ) ;
#5016 = VERTEX_POINT ( 'NONE', #1419 ) ;
#5017 = VECTOR ( 'NONE', #864, 1000.000000000000000 ) ;
#5018 = AXIS2_PLACEMENT_3D ( 'NONE', #2442, #3771, #4487 ) ;
#5019 = ORIENTED_EDGE ( 'NONE', *, *, #3443, .T. ) ;
#5020 = PLANE ( 'NONE',  #6959 ) ;
#5021 = EDGE_CURVE ( 'NONE', #4078, #5903, #3020, .T. ) ;
#5022 = ADVANCED_FACE ( 'NONE', ( #192 ), #6330, .F. ) ;
#5023 = PLANE ( 'NONE',  #4804 ) ;
#5024 = VECTOR ( 'NONE', #1221, 1000.000000000000000 ) ;
#5025 =( NAMED_UNIT ( * ) PLANE_ANGLE_UNIT ( ) SI_UNIT ( $, .RADIAN. ) );
#5026 = VERTEX_POINT ( 'NONE', #7476 ) ;
#5027 = CARTESIAN_POINT ( 'NONE',  ( -1.719999999999998863, 0.000000000000000000, 1.130000000000000338 ) ) ;
#5028 = CARTESIAN_POINT ( 'NONE',  ( 1.719999999999998863, 0.05000000000000002359, -0.2500000000000002220 ) ) ;
#5029 = PLANE ( 'NONE',  #2290 ) ;
#5030 = EDGE_CURVE ( 'NONE', #1092, #4792, #574, .T. ) ;
#5031 = DIRECTION ( 'NONE',  ( -0.000000000000000000, -1.000000000000000000, -0.000000000000000000 ) ) ;
#5032 = VECTOR ( 'NONE', #6698, 1000.000000000000000 ) ;
#5033 = VERTEX_POINT ( 'NONE', #790 ) ;
#5034 = LINE ( 'NONE', #1314, #4687 ) ;
#5035 = ORIENTED_EDGE ( 'NONE', *, *, #6553, .F. ) ;
#5036 = ORIENTED_EDGE ( 'NONE', *, *, #7693, .F. ) ;
#5037 = CIRCLE ( 'NONE', #4919, 0.1199999999999998845 ) ;
#5038 = VERTEX_POINT ( 'NONE', #2067 ) ;
#5039 = CARTESIAN_POINT ( 'NONE',  ( -1.719999999999998863, 0.1999999999999999833, 0.2500000000000004441 ) ) ;
#5040 = CARTESIAN_POINT ( 'NONE',  ( 0.7500000000000006661, 0.6664761515876238551, 1.720000000000000862 ) ) ;
#5041 = VECTOR ( 'NONE', #3935, 1000.000000000000000 ) ;
#5042 = CARTESIAN_POINT ( 'NONE',  ( 0.7500000000000002220, 0.04999999999999999584, -1.720000000000000862 ) ) ;
#5043 = CARTESIAN_POINT ( 'NONE',  ( -1.719999999999998863, 0.1999999999999999833, 0.3700000000000001066 ) ) ;
#5044 = CIRCLE ( 'NONE', #906, 0.1000000000000000472 ) ;
#5045 = ORIENTED_EDGE ( 'NONE', *, *, #6283, .F. ) ;
#5046 = EDGE_CURVE ( 'NONE', #6183, #4357, #3390, .T. ) ;
#5047 = PRODUCT_CONTEXT ( 'NONE', #2112, 'mechanical' ) ;
#5048 = CARTESIAN_POINT ( 'NONE',  ( -1.719999999999998863, 0.000000000000000000, 0.3700000000000001066 ) ) ;
#5049 = CARTESIAN_POINT ( 'NONE',  ( -1.999999999999999112, 0.1999999999999999833, -0.8699999999999994404 ) ) ;
#5050 = CYLINDRICAL_SURFACE ( 'NONE', #7886, 0.1199999999999998845 ) ;
#5051 = CIRCLE ( 'NONE', #8593, 0.1199999999999998845 ) ;
#5052 = ORIENTED_EDGE ( 'NONE', *, *, #8393, .T. ) ;
#5053 = EDGE_LOOP ( 'NONE', ( #1874, #194, #4953, #5719 ) ) ;
#5054 = EDGE_CURVE ( 'NONE', #2898, #7407, #3301, .T. ) ;
#5055 = VERTEX_POINT ( 'NONE', #6426 ) ;
#5056 = EDGE_CURVE ( 'NONE', #5330, #85, #533, .T. ) ;
#5057 = EDGE_CURVE ( 'NONE', #5823, #3963, #466, .T. ) ;
#5058 = LINE ( 'NONE', #7413, #2128 ) ;
#5059 = ORIENTED_EDGE ( 'NONE', *, *, #6478, .F. ) ;
#5060 = CARTESIAN_POINT ( 'NONE',  ( 1.250000000000000222, 0.2000000000000000111, -1.720000000000000862 ) ) ;
#5061 = DIRECTION ( 'NONE',  ( -0.000000000000000000, -1.000000000000000000, -0.000000000000000000 ) ) ;
#5062 = DIRECTION ( 'NONE',  ( 0.000000000000000000, 0.000000000000000000, -1.000000000000000000 ) ) ;
#5063 = LINE ( 'NONE', #140, #4823 ) ;
#5064 = LINE ( 'NONE', #2027, #7973 ) ;
#5065 = ORIENTED_EDGE ( 'NONE', *, *, #3778, .T. ) ;
#5066 = VERTEX_POINT ( 'NONE', #1652 ) ;
#5067 = EDGE_LOOP ( 'NONE', ( #3840, #7252, #7376, #6922 ) ) ;
#5068 = CARTESIAN_POINT ( 'NONE',  ( -1.369999999999999218, 0.000000000000000000, 2.000000000000000888 ) ) ;
#5069 = EDGE_CURVE ( 'NONE', #1161, #5026, #3359, .T. ) ;
#5070 = VECTOR ( 'NONE', #6240, 1000.000000000000000 ) ;
#5071 = AXIS2_PLACEMENT_3D ( 'NONE', #7664, #8343, #991 ) ;
#5072 = ORIENTED_EDGE ( 'NONE', *, *, #2035, .T. ) ;
#5073 = ADVANCED_FACE ( 'NONE', ( #3425 ), #449, .T. ) ;
#5074 = SURFACE_STYLE_FILL_AREA ( #1562 ) ;
#5075 = LINE ( 'NONE', #1257, #5088 ) ;
#5076 = EDGE_LOOP ( 'NONE', ( #6123, #2238, #7687, #547 ) ) ;
#5077 = EDGE_LOOP ( 'NONE', ( #2060, #7505, #7199, #7383 ) ) ;
#5078 = ORIENTED_EDGE ( 'NONE', *, *, #4350, .F. ) ;
#5079 = DIRECTION ( 'NONE',  ( 1.000000000000000000, 0.000000000000000000, -7.744301232039308793E-16 ) ) ;
#5080 = ADVANCED_FACE ( 'NONE', ( #419 ), #6947, .F. ) ;
#5081 = CARTESIAN_POINT ( 'NONE',  ( -1.719999999999998863, 0.6664761515876242992, 1.130000000000000338 ) ) ;
#5082 = PLANE ( 'NONE',  #895 ) ;
#5083 = LINE ( 'NONE', #5492, #1980 ) ;
#5084 = EDGE_CURVE ( 'NONE', #4557, #7806, #3487, .T. ) ;
#5085 = VECTOR ( 'NONE', #420, 1000.000000000000000 ) ;
#5086 = EDGE_LOOP ( 'NONE', ( #4495, #7048, #4519, #7198 ) ) ;
#5087 = VECTOR ( 'NONE', #196, 1000.000000000000000 ) ;
#5088 = VECTOR ( 'NONE', #2603, 1000.000000000000000 ) ;
#5089 = ORIENTED_EDGE ( 'NONE', *, *, #7667, .F. ) ;
#5090 = ORIENTED_EDGE ( 'NONE', *, *, #8101, .F. ) ;
#5091 = ADVANCED_FACE ( 'NONE', ( #6306 ), #7005, .F. ) ;
#5092 = LINE ( 'NONE', #2816, #4972 ) ;
#5093 = ORIENTED_EDGE ( 'NONE', *, *, #723, .F. ) ;
#5094 = AXIS2_PLACEMENT_3D ( 'NONE', #6622, #7396, #3245 ) ;
#5095 = DIRECTION ( 'NONE',  ( -0.000000000000000000, -1.000000000000000000, 0.000000000000000000 ) ) ;
#5096 = PLANE ( 'NONE',  #1331 ) ;
#5097 = SURFACE_SIDE_STYLE ('',( #358 ) ) ;
#5098 = PLANE ( 'NONE',  #8209 ) ;
#5099 = VECTOR ( 'NONE', #8058, 1000.000000000000000 ) ;
#5100 = ORIENTED_EDGE ( 'NONE', *, *, #1631, .T. ) ;
#5101 = DIRECTION ( 'NONE',  ( 0.000000000000000000, 0.000000000000000000, -1.000000000000000000 ) ) ;
#5102 = CARTESIAN_POINT ( 'NONE',  ( -0.6299999999999998934, 0.000000000000000000, -2.000000000000000888 ) ) ;
#5103 = EDGE_CURVE ( 'NONE', #7940, #5766, #3316, .T. ) ;
#5104 = CARTESIAN_POINT ( 'NONE',  ( 1.719999999999998863, 0.6664761515876242992, 0.1300000000000003375 ) ) ;
#5105 = FACE_OUTER_BOUND ( 'NONE', #6354, .T. ) ;
#5106 = LINE ( 'NONE', #7923, #5250 ) ;
#5107 = EDGE_LOOP ( 'NONE', ( #7556, #7629, #5121, #3812 ) ) ;
#5108 = VERTEX_POINT ( 'NONE', #1814 ) ;
#5109 = AXIS2_PLACEMENT_3D ( 'NONE', #7998, #6636, #2700 ) ;
#5110 = FACE_OUTER_BOUND ( 'NONE', #116, .T. ) ;
#5111 = EDGE_LOOP ( 'NONE', ( #5537, #7889, #4155, #464 ) ) ;
#5112 = AXIS2_PLACEMENT_3D ( 'NONE', #2578, #577, #1748 ) ;
#5113 = AXIS2_PLACEMENT_3D ( 'NONE', #6312, #8230, #775 ) ;
#5114 = LINE ( 'NONE', #7651, #7357 ) ;
#5115 = ORIENTED_EDGE ( 'NONE', *, *, #5461, .T. ) ;
#5116 = DIRECTION ( 'NONE',  ( 0.000000000000000000, 0.000000000000000000, 1.000000000000000000 ) ) ;
#5117 = DIRECTION ( 'NONE',  ( -0.000000000000000000, -1.000000000000000000, 0.000000000000000000 ) ) ;
#5118 = FACE_OUTER_BOUND ( 'NONE', #5086, .T. ) ;
#5119 = DIRECTION ( 'NONE',  ( 1.000000000000000000, 0.000000000000000000, -7.744301232039308793E-16 ) ) ;
#5120 = LINE ( 'NONE', #7899, #5268 ) ;
#5121 = ORIENTED_EDGE ( 'NONE', *, *, #1151, .T. ) ;
#5122 = ORIENTED_EDGE ( 'NONE', *, *, #7156, .T. ) ;
#5123 = EDGE_CURVE ( 'NONE', #5421, #641, #435, .T. ) ;
#5124 = CARTESIAN_POINT ( 'NONE',  ( 1.250000000000000666, 0.04999999999999999584, 1.600000000000000977 ) ) ;
#5125 = ORIENTED_EDGE ( 'NONE', *, *, #765, .T. ) ;
#5126 = DIRECTION ( 'NONE',  ( 0.000000000000000000, 0.000000000000000000, -1.000000000000000000 ) ) ;
#5127 = DIRECTION ( 'NONE',  ( -1.000000000000000000, 0.000000000000000000, 0.000000000000000000 ) ) ;
#5128 = EDGE_CURVE ( 'NONE', #6257, #8464, #517, .T. ) ;
#5129 = VECTOR ( 'NONE', #3375, 1000.000000000000000 ) ;
#5130 = ORIENTED_EDGE ( 'NONE', *, *, #3811, .T. ) ;
#5131 = CIRCLE ( 'NONE', #611, 0.1199999999999998845 ) ;
#5132 = LINE ( 'NONE', #8493, #8018 ) ;
#5133 = EDGE_LOOP ( 'NONE', ( #1541, #1522, #7950, #6826 ) ) ;
#5134 = VERTEX_POINT ( 'NONE', #3697 ) ;
#5135 = CARTESIAN_POINT ( 'NONE',  ( 0.2500000000000006661, 0.6664761515876238551, 1.720000000000000862 ) ) ;
#5136 =( GEOMETRIC_REPRESENTATION_CONTEXT ( 3 ) GLOBAL_UNCERTAINTY_ASSIGNED_CONTEXT ( ( #1894 ) ) GLOBAL_UNIT_ASSIGNED_CONTEXT ( ( #4066, #3469, #4771 ) ) REPRESENTATION_CONTEXT ( 'NONE', 'WORKASPACE' ) );
#5137 = DIRECTION ( 'NONE',  ( -0.000000000000000000, -0.000000000000000000, 1.000000000000000000 ) ) ;
#5138 = LINE ( 'NONE', #4822, #2551 ) ;
#5139 = EDGE_CURVE ( 'NONE', #8076, #7712, #3372, .T. ) ;
#5140 = DIRECTION ( 'NONE',  ( 1.000000000000000000, -0.000000000000000000, 0.000000000000000000 ) ) ;
#5141 = VERTEX_POINT ( 'NONE', #389 ) ;
#5142 = CARTESIAN_POINT ( 'NONE',  ( -1.719999999999998863, 0.1999999999999999833, -0.6299999999999998934 ) ) ;
#5143 = CARTESIAN_POINT ( 'NONE',  ( 1.999999999999999112, 0.6664761515876242992, -0.1299999999999998934 ) ) ;
#5144 = DIRECTION ( 'NONE',  ( 0.000000000000000000, 0.000000000000000000, 1.000000000000000000 ) ) ;
#5145 =( NAMED_UNIT ( * ) SI_UNIT ( $, .STERADIAN. ) SOLID_ANGLE_UNIT ( ) );
#5146 = VECTOR ( 'NONE', #3953, 1000.000000000000000 ) ;
#5147 = EDGE_LOOP ( 'NONE', ( #4394, #4095, #1956, #6372 ) ) ;
#5148 = EDGE_CURVE ( 'NONE', #1216, #2980, #6267, .T. ) ;
#5149 = VECTOR ( 'NONE', #7496, 1000.000000000000000 ) ;
#5150 = VECTOR ( 'NONE', #5387, 1000.000000000000000 ) ;
#5151 = ORIENTED_EDGE ( 'NONE', *, *, #6202, .F. ) ;
#5152 = LINE ( 'NONE', #6920, #5184 ) ;
#5153 = ORIENTED_EDGE ( 'NONE', *, *, #6374, .F. ) ;
#5154 = ADVANCED_FACE ( 'NONE', ( #387 ), #3400, .T. ) ;
#5155 = DIRECTION ( 'NONE',  ( 0.000000000000000000, 0.000000000000000000, -1.000000000000000000 ) ) ;
#5156 = DIRECTION ( 'NONE',  ( 0.000000000000000000, 0.000000000000000000, -1.000000000000000000 ) ) ;
#5157 = DIRECTION ( 'NONE',  ( 0.000000000000000000, 1.000000000000000000, 0.000000000000000000 ) ) ;
#5158 = PLANE ( 'NONE',  #2590 ) ;
#5159 = PLANE ( 'NONE',  #1863 ) ;
#5160 = EDGE_CURVE ( 'NONE', #8587, #8600, #3334, .T. ) ;
#5161 = VECTOR ( 'NONE', #3096, 1000.000000000000000 ) ;
#5162 = ORIENTED_EDGE ( 'NONE', *, *, #7461, .F. ) ;
#5164 = EDGE_CURVE ( 'NONE', #2900, #962, #6116, .T. ) ;
#5163 = DIRECTION ( 'NONE',  ( 0.000000000000000000, 0.000000000000000000, -1.000000000000000000 ) ) ;
#5165 = CARTESIAN_POINT ( 'NONE',  ( -1.149999999999999911, 0.2000000000000000944, 1.149999999999999467 ) ) ;
#5166 = CARTESIAN_POINT ( 'NONE',  ( -1.369999999999999218, 0.6664761515876238551, 2.000000000000000888 ) ) ;
#5167 = CIRCLE ( 'NONE', #6537, 0.1199999999999998845 ) ;
#5168 = ORIENTED_EDGE ( 'NONE', *, *, #2897, .T. ) ;
#5169 = EDGE_LOOP ( 'NONE', ( #6870, #1358, #6989, #8458 ) ) ;
#5170 = ADVANCED_FACE ( 'NONE', ( #459 ), #2083, .T. ) ;
#5171 = ORIENTED_EDGE ( 'NONE', *, *, #3746, .F. ) ;
#5172 = VECTOR ( 'NONE', #1867, 1000.000000000000000 ) ;
#5173 = ORIENTED_EDGE ( 'NONE', *, *, #6419, .F. ) ;
#5174 = CARTESIAN_POINT ( 'NONE',  ( -1.999999999999999112, 0.6664761515876242992, 1.370000000000000107 ) ) ;
#5175 = EDGE_CURVE ( 'NONE', #1053, #8414, #6279, .T. ) ;
#5176 = DIRECTION ( 'NONE',  ( -0.000000000000000000, -1.000000000000000000, -0.000000000000000000 ) ) ;
#5177 = LINE ( 'NONE', #1783, #2384 ) ;
#5178 = EDGE_CURVE ( 'NONE', #2761, #3512, #3346, .T. ) ;
#5179 = FACE_OUTER_BOUND ( 'NONE', #8202, .T. ) ;
#5180 = DIRECTION ( 'NONE',  ( 0.000000000000000000, -1.000000000000000000, 0.000000000000000000 ) ) ;
#5181 = ORIENTED_EDGE ( 'NONE', *, *, #1019, .F. ) ;
#5182 = ORIENTED_EDGE ( 'NONE', *, *, #4136, .T. ) ;
#5183 = DIRECTION ( 'NONE',  ( 1.000000000000000000, 0.000000000000000000, -7.744301232039308793E-16 ) ) ;
#5184 = VECTOR ( 'NONE', #6456, 1000.000000000000000 ) ;
#5185 = DIRECTION ( 'NONE',  ( -0.000000000000000000, 1.000000000000000000, -0.000000000000000000 ) ) ;
#5186 = ORIENTED_EDGE ( 'NONE', *, *, #3867, .T. ) ;
#5187 = AXIS2_PLACEMENT_3D ( 'NONE', #3382, #2829, #5458 ) ;
#5188 = CIRCLE ( 'NONE', #602, 0.1000000000000000472 ) ;
#5189 = VECTOR ( 'NONE', #840, 1000.000000000000000 ) ;
#5190 = CLOSED_SHELL ( 'NONE', ( #4547, #2786, #3080, #5001, #3001, #3391 ) ) ;
#5191 = LINE ( 'NONE', #46, #2195 ) ;
#5192 = ORIENTED_EDGE ( 'NONE', *, *, #7971, .F. ) ;
#5193 = EDGE_LOOP ( 'NONE', ( #7339, #7429, #5413, #4142 ) ) ;
#5194 = DIRECTION ( 'NONE',  ( 0.000000000000000000, 1.000000000000000000, 0.000000000000000000 ) ) ;
#5195 = EDGE_CURVE ( 'NONE', #4929, #5479, #3438, .T. ) ;
#5196 = CARTESIAN_POINT ( 'NONE',  ( 1.250000000000000222, 0.04999999999999999584, -1.720000000000000862 ) ) ;
#5197 = CARTESIAN_POINT ( 'NONE',  ( 1.130000000000000782, 0.2000000000000000111, 2.000000000000000888 ) ) ;
#5198 = ORIENTED_EDGE ( 'NONE', *, *, #7928, .T. ) ;
#5199 = CARTESIAN_POINT ( 'NONE',  ( -1.999999999999999112, 0.6664761515876242992, -0.1299999999999998934 ) ) ;
#5200 = CARTESIAN_POINT ( 'NONE',  ( 1.999999999999999112, 0.6664761515876242992, -1.369999999999999440 ) ) ;
#5201 = CARTESIAN_POINT ( 'NONE',  ( -1.249999999999999334, 0.2000000000000000111, 1.720000000000000862 ) ) ;
#5202 = AXIS2_PLACEMENT_3D ( 'NONE', #6413, #3735, #7656 ) ;
#5203 = LINE ( 'NONE', #25, #5217 ) ;
#5204 = ORIENTED_EDGE ( 'NONE', *, *, #6184, .F. ) ;
#5205 = PRESENTATION_LAYER_ASSIGNMENT (  '', '', ( #2477 ) ) ;
#5206 = CIRCLE ( 'NONE', #7110, 0.1199999999999998845 ) ;
#5207 = ORIENTED_EDGE ( 'NONE', *, *, #3546, .F. ) ;
#5208 = COLOUR_RGB ( '',0.2509803921568627416, 0.2509803921568627416, 0.2509803921568627416 ) ;
#5209 = ORIENTED_EDGE ( 'NONE', *, *, #8224, .F. ) ;
#5210 = CARTESIAN_POINT ( 'NONE',  ( 0.2500000000000006661, 0.6664761515876238551, 1.600000000000000977 ) ) ;
#5211 = STYLED_ITEM ( 'NONE', ( #3075 ), #7681 ) ;
#5212 = DIRECTION ( 'NONE',  ( 0.000000000000000000, 1.000000000000000000, 0.000000000000000000 ) ) ;
#5213 = DIRECTION ( 'NONE',  ( 0.000000000000000000, -0.000000000000000000, 1.000000000000000000 ) ) ;
#5214 = DIRECTION ( 'NONE',  ( -0.000000000000000000, 0.000000000000000000, -1.000000000000000000 ) ) ;
#5215 = DIRECTION ( 'NONE',  ( -0.000000000000000000, 0.000000000000000000, 1.000000000000000000 ) ) ;
#5216 = PLANE ( 'NONE',  #494 ) ;
#5217 = VECTOR ( 'NONE', #3779, 1000.000000000000000 ) ;
#5218 = ORIENTED_EDGE ( 'NONE', *, *, #1807, .T. ) ;
#5219 = ADVANCED_FACE ( 'NONE', ( #6229 ), #5356, .F. ) ;
#5220 = DIRECTION ( 'NONE',  ( 0.000000000000000000, 0.000000000000000000, -1.000000000000000000 ) ) ;
#5221 = DIRECTION ( 'NONE',  ( 1.000000000000000000, 0.000000000000000000, 0.000000000000000000 ) ) ;
#5222 = VECTOR ( 'NONE', #4233, 1000.000000000000000 ) ;
#5223 = VECTOR ( 'NONE', #1, 1000.000000000000000 ) ;
#5224 = AXIS2_PLACEMENT_3D ( 'NONE', #1989, #1468, #4060 ) ;
#5225 = VERTEX_POINT ( 'NONE', #8143 ) ;
#5226 = ORIENTED_EDGE ( 'NONE', *, *, #482, .F. ) ;
#5227 = AXIS2_PLACEMENT_3D ( 'NONE', #8260, #5640, #6235 ) ;
#5228 = PRESENTATION_STYLE_ASSIGNMENT (( #4068 ) ) ;
#5229 = EDGE_LOOP ( 'NONE', ( #7148, #4786, #37, #1683 ) ) ;
#5230 = VECTOR ( 'NONE', #2766, 1000.000000000000000 ) ;
#5231 = ORIENTED_EDGE ( 'NONE', *, *, #7126, .T. ) ;
#5232 = FILL_AREA_STYLE_COLOUR ( '', #6165 ) ;
#5233 = DIRECTION ( 'NONE',  ( -0.000000000000000000, -1.000000000000000000, -0.000000000000000000 ) ) ;
#5234 = LINE ( 'NONE', #2909, #5222 ) ;
#5235 = DIRECTION ( 'NONE',  ( 0.000000000000000000, -1.000000000000000000, 0.000000000000000000 ) ) ;
#5236 = CIRCLE ( 'NONE', #8268, 0.1199999999999998845 ) ;
#5237 = DIRECTION ( 'NONE',  ( -0.000000000000000000, -1.000000000000000000, -0.000000000000000000 ) ) ;
#5238 = ORIENTED_EDGE ( 'NONE', *, *, #6729, .F. ) ;
#5239 = ORIENTED_EDGE ( 'NONE', *, *, #3389, .T. ) ;
#5240 = CARTESIAN_POINT ( 'NONE',  ( 1.719999999999998863, 0.1999999999999999833, -1.250000000000000222 ) ) ;
#5241 = ADVANCED_FACE ( 'NONE', ( #6369 ), #4646, .T. ) ;
#5242 = DIRECTION ( 'NONE',  ( -0.000000000000000000, -1.000000000000000000, -0.000000000000000000 ) ) ;
#5243 = AXIS2_PLACEMENT_3D ( 'NONE', #7669, #429, #7521 ) ;
#5244 = CIRCLE ( 'NONE', #1688, 0.1666666649999999361 ) ;
#5245 = ORIENTED_EDGE ( 'NONE', *, *, #7068, .F. ) ;
#5246 = DIRECTION ( 'NONE',  ( -1.000000000000000000, 0.000000000000000000, -0.000000000000000000 ) ) ;
#5247 = ORIENTED_EDGE ( 'NONE', *, *, #2035, .F. ) ;
#5248 = EDGE_CURVE ( 'NONE', #2421, #972, #3510, .T. ) ;
#5249 = FACE_OUTER_BOUND ( 'NONE', #8114, .T. ) ;
#5250 = VECTOR ( 'NONE', #2693, 1000.000000000000000 ) ;
#5251 = ORIENTED_EDGE ( 'NONE', *, *, #880, .T. ) ;
#5252 = ORIENTED_EDGE ( 'NONE', *, *, #565, .F. ) ;
#5253 = DIRECTION ( 'NONE',  ( 0.000000000000000000, -0.000000000000000000, 1.000000000000000000 ) ) ;
#5254 = CARTESIAN_POINT ( 'NONE',  ( -1.719999999999998863, 0.000000000000000000, -1.129999999999999893 ) ) ;
#5255 = COLOUR_RGB ( '',0.7921568627450980005, 0.8196078431372548767, 0.9333333333333333481 ) ;
#5256 = CARTESIAN_POINT ( 'NONE',  ( -1.719999999999998863, 0.1999999999999999833, -0.2499999999999995837 ) ) ;
#5257 = EDGE_LOOP ( 'NONE', ( #7363, #5009, #6701, #6182 ) ) ;
#5258 = EDGE_CURVE ( 'NONE', #1442, #1039, #3240, .T. ) ;
#5259 = CARTESIAN_POINT ( 'NONE',  ( 1.130000000000000338, 0.2000000000000000111, -1.720000000000000862 ) ) ;
#5260 = DIRECTION ( 'NONE',  ( 0.000000000000000000, 0.000000000000000000, 1.000000000000000000 ) ) ;
#5261 = DIRECTION ( 'NONE',  ( 0.000000000000000000, -0.000000000000000000, 1.000000000000000000 ) ) ;
#5262 = DIRECTION ( 'NONE',  ( -1.000000000000000000, 0.000000000000000000, -7.744301232039308793E-16 ) ) ;
#5263 = DIRECTION ( 'NONE',  ( 0.000000000000000000, -1.000000000000000000, 0.000000000000000000 ) ) ;
#5264 = MANIFOLD_SOLID_BREP ( 'Boss-Extrude2[1]', #903 ) ;
#5265 = VECTOR ( 'NONE', #1817, 1000.000000000000000 ) ;
#5266 = ORIENTED_EDGE ( 'NONE', *, *, #71, .F. ) ;
#5267 = LINE ( 'NONE', #3303, #2369 ) ;
#5268 = VECTOR ( 'NONE', #6023, 1000.000000000000000 ) ;
#5269 = VERTEX_POINT ( 'NONE', #7892 ) ;
#5270 = ORIENTED_EDGE ( 'NONE', *, *, #2449, .F. ) ;
#5271 = LINE ( 'NONE', #6812, #8204 ) ;
#5272 = ORIENTED_EDGE ( 'NONE', *, *, #6493, .T. ) ;
#5273 = EDGE_CURVE ( 'NONE', #6204, #7072, #6632, .T. ) ;
#5274 = DIRECTION ( 'NONE',  ( 1.000000000000000000, 0.000000000000000000, -7.744301232039308793E-16 ) ) ;
#5275 = DIRECTION ( 'NONE',  ( 0.000000000000000000, -0.000000000000000000, 1.000000000000000000 ) ) ;
#5276 =( NAMED_UNIT ( * ) PLANE_ANGLE_UNIT ( ) SI_UNIT ( $, .RADIAN. ) );
#5277 = EDGE_CURVE ( 'NONE', #4682, #3309, #6580, .T. ) ;
#5278 = CARTESIAN_POINT ( 'NONE',  ( -1.129999999999999449, 0.2000000000000000111, 2.000000000000000888 ) ) ;
#5279 = PLANE ( 'NONE',  #5922 ) ;
#5280 = FACE_OUTER_BOUND ( 'NONE', #2717, .T. ) ;
#5281 = VERTEX_POINT ( 'NONE', #2382 ) ;
#5282 = DIRECTION ( 'NONE',  ( 1.000000000000000000, -0.000000000000000000, 0.000000000000000000 ) ) ;
#5283 = VECTOR ( 'NONE', #210, 1000.000000000000000 ) ;
#5284 = FACE_OUTER_BOUND ( 'NONE', #7184, .T. ) ;
#5285 = EDGE_LOOP ( 'NONE', ( #4622, #6710, #7485, #6744 ) ) ;
#5286 = LINE ( 'NONE', #4572, #2648 ) ;
#5287 = ORIENTED_EDGE ( 'NONE', *, *, #3275, .F. ) ;
#5288 = EDGE_CURVE ( 'NONE', #1283, #798, #6595, .T. ) ;
#5289 = VECTOR ( 'NONE', #6756, 1000.000000000000000 ) ;
#5290 = VERTEX_POINT ( 'NONE', #860 ) ;
#5291 = CARTESIAN_POINT ( 'NONE',  ( -1.999999999999999112, 0.6664761515876242992, 0.1300000000000005596 ) ) ;
#5292 = CARTESIAN_POINT ( 'NONE',  ( -1.369999999999999218, 0.2000000000000000111, 2.000000000000000888 ) ) ;
#5293 = ADVANCED_FACE ( 'NONE', ( #731 ), #409, .F. ) ;
#5294 = DIRECTION ( 'NONE',  ( 0.000000000000000000, 0.000000000000000000, -1.000000000000000000 ) ) ;
#5295 = AXIS2_PLACEMENT_3D ( 'NONE', #7913, #6741, #5436 ) ;
#5296 = FILL_AREA_STYLE_COLOUR ( '', #2395 ) ;
#5297 = LINE ( 'NONE', #5197, #3861 ) ;
#5298 = CARTESIAN_POINT ( 'NONE',  ( 1.719999999999998863, 0.6664761515876242992, 1.370000000000000107 ) ) ;
#5299 = DIRECTION ( 'NONE',  ( 0.000000000000000000, 0.000000000000000000, 1.000000000000000000 ) ) ;
#5300 = LINE ( 'NONE', #650, #2312 ) ;
#5301 = ORIENTED_EDGE ( 'NONE', *, *, #947, .T. ) ;
#5302 = CARTESIAN_POINT ( 'NONE',  ( 2.000000000000000888, 0.1999999999999996503, 0.6299999999999996714 ) ) ;
#5303 = VECTOR ( 'NONE', #7573, 1000.000000000000000 ) ;
#5304 = VERTEX_POINT ( 'NONE', #6505 ) ;
#5305 = MECHANICAL_DESIGN_GEOMETRIC_PRESENTATION_REPRESENTATION (  '', ( #4133 ), #3066 ) ;
#5306 = DIRECTION ( 'NONE',  ( 0.000000000000000000, -1.000000000000000000, 0.000000000000000000 ) ) ;
#5307 = EDGE_CURVE ( 'NONE', #5016, #5548, #6603, .T. ) ;
#5308 = LINE ( 'NONE', #2479, #2335 ) ;
#5309 = VERTEX_POINT ( 'NONE', #3719 ) ;
#5310 = AXIS2_PLACEMENT_3D ( 'NONE', #6105, #7519, #4878 ) ;
#5311 = FACE_OUTER_BOUND ( 'NONE', #5643, .T. ) ;
#5312 = LINE ( 'NONE', #4819, #2277 ) ;
#5313 = EDGE_LOOP ( 'NONE', ( #3763, #8334 ) ) ;
#5314 = ADVANCED_FACE ( 'NONE', ( #3553 ), #2439, .F. ) ;
#5315 = DIRECTION ( 'NONE',  ( 0.000000000000000000, 0.000000000000000000, -1.000000000000000000 ) ) ;
#5316 = LINE ( 'NONE', #4512, #2506 ) ;
#5317 = CARTESIAN_POINT ( 'NONE',  ( -0.7499999999999993339, 0.04999999999999999584, 1.720000000000000862 ) ) ;
#5318 = VERTEX_POINT ( 'NONE', #1156 ) ;
#5319 = CARTESIAN_POINT ( 'NONE',  ( 0.7500000000000006661, 0.000000000000000000, 1.720000000000000862 ) ) ;
#5320 = DIRECTION ( 'NONE',  ( -1.000000000000000000, 0.000000000000000000, 1.084202172485504434E-16 ) ) ;
#5321 = CARTESIAN_POINT ( 'NONE',  ( -0.8699999999999996625, 0.05000000000000000278, 0.000000000000000000 ) ) ;
#5322 = DIRECTION ( 'NONE',  ( 7.744301232039308793E-16, -0.000000000000000000, 1.000000000000000000 ) ) ;
#5323 = AXIS2_PLACEMENT_3D ( 'NONE', #6647, #3328, #7944 ) ;
#5324 = PRESENTATION_LAYER_ASSIGNMENT (  '', '', ( #6353 ) ) ;
#5325 = CARTESIAN_POINT ( 'NONE',  ( -1.999999999999999112, 0.6664761515876242992, 1.370000000000000107 ) ) ;
#5326 = LINE ( 'NONE', #3752, #5289 ) ;
#5327 = ORIENTED_EDGE ( 'NONE', *, *, #5175, .T. ) ;
#5328 = LINE ( 'NONE', #4902, #8110 ) ;
#5329 = CYLINDRICAL_SURFACE ( 'NONE', #4956, 0.1199999999999998845 ) ;
#5330 = VERTEX_POINT ( 'NONE', #7548 ) ;
#5331 = EDGE_CURVE ( 'NONE', #890, #3383, #823, .T. ) ;
#5332 = AXIS2_PLACEMENT_3D ( 'NONE', #2516, #628, #5275 ) ;
#5333 = CIRCLE ( 'NONE', #3465, 0.1199999999999998845 ) ;
#5334 = UNCERTAINTY_MEASURE_WITH_UNIT (LENGTH_MEASURE( 1.000000000000000082E-05 ), #6994, 'distance_accuracy_value', 'NONE');
#5335 = ORIENTED_EDGE ( 'NONE', *, *, #5103, .T. ) ;
#5336 = CARTESIAN_POINT ( 'NONE',  ( -1.129999999999999449, 0.1999999999999999833, 1.720000000000000862 ) ) ;
#5337 = CARTESIAN_POINT ( 'NONE',  ( -1.719999999999998863, 0.6664761515876242992, -0.2499999999999995837 ) ) ;
#5338 = DIRECTION ( 'NONE',  ( -0.000000000000000000, -1.000000000000000000, -0.000000000000000000 ) ) ;
#5339 = EDGE_CURVE ( 'NONE', #641, #5510, #6546, .T. ) ;
#5340 = VECTOR ( 'NONE', #2184, 1000.000000000000000 ) ;
#5341 = ORIENTED_EDGE ( 'NONE', *, *, #2537, .T. ) ;
#5342 = CARTESIAN_POINT ( 'NONE',  ( 1.250000000000000000, 3.735533905932738374, -1.249999999999999778 ) ) ;
#5343 = FACE_OUTER_BOUND ( 'NONE', #2550, .T. ) ;
#5344 = DIRECTION ( 'NONE',  ( -0.000000000000000000, -1.000000000000000000, -0.000000000000000000 ) ) ;
#5345 = VECTOR ( 'NONE', #1031, 1000.000000000000000 ) ;
#5346 = FACE_OUTER_BOUND ( 'NONE', #3673, .T. ) ;
#5347 = ORIENTED_EDGE ( 'NONE', *, *, #6095, .F. ) ;
#5348 = CIRCLE ( 'NONE', #2634, 0.1199999999999998845 ) ;
#5349 = EDGE_CURVE ( 'NONE', #5318, #2709, #6427, .T. ) ;
#5350 = VERTEX_POINT ( 'NONE', #1835 ) ;
#5351 = ADVANCED_FACE ( 'NONE', ( #6616 ), #3136, .T. ) ;
#5352 = AXIS2_PLACEMENT_3D ( 'NONE', #3902, #5221, #2465 ) ;
#5353 = EDGE_LOOP ( 'NONE', ( #2824, #1484, #5836, #2678 ) ) ;
#5354 = DIRECTION ( 'NONE',  ( 0.000000000000000000, 0.000000000000000000, -1.000000000000000000 ) ) ;
#5355 = EDGE_CURVE ( 'NONE', #18, #6342, #779, .T. ) ;
#5356 = PLANE ( 'NONE',  #1241 ) ;
#5357 = CARTESIAN_POINT ( 'NONE',  ( 1.719999999999998863, 0.1999999999999999833, 1.129999999999999893 ) ) ;
#5358 = LINE ( 'NONE', #3157, #8283 ) ;
#5359 = FACE_OUTER_BOUND ( 'NONE', #3148, .T. ) ;
#5360 = CARTESIAN_POINT ( 'NONE',  ( 0.8700000000000007727, 0.1999999999999996503, 1.999999999999999112 ) ) ;
#5361 = DIRECTION ( 'NONE',  ( -0.000000000000000000, -1.000000000000000000, -0.000000000000000000 ) ) ;
#5362 = FACE_OUTER_BOUND ( 'NONE', #6673, .T. ) ;
#5363 = ORIENTED_EDGE ( 'NONE', *, *, #1648, .F. ) ;
#5364 = CARTESIAN_POINT ( 'NONE',  ( -0.1299999999999994771, 0.1999999999999996503, 1.999999999999999556 ) ) ;
#5365 = DIRECTION ( 'NONE',  ( 0.000000000000000000, 0.000000000000000000, 1.000000000000000000 ) ) ;
#5366 = VECTOR ( 'NONE', #3210, 1000.000000000000000 ) ;
#5367 = CARTESIAN_POINT ( 'NONE',  ( 1.719999999999998863, 0.05000000000000002359, -1.370000000000000107 ) ) ;
#5368 = EDGE_CURVE ( 'NONE', #4105, #2075, #6690, .T. ) ;
#5369 = CARTESIAN_POINT ( 'NONE',  ( -1.719999999999998863, 0.1999999999999999833, -0.6299999999999998934 ) ) ;
#5370 = EDGE_CURVE ( 'NONE', #7175, #2838, #677, .T. ) ;
#5371 = CYLINDRICAL_SURFACE ( 'NONE', #8456, 0.1666666649999999361 ) ;
#5372 = ORIENTED_EDGE ( 'NONE', *, *, #2537, .F. ) ;
#5373 = ADVANCED_FACE ( 'NONE', ( #642 ), #1338, .F. ) ;
#5374 = EDGE_CURVE ( 'NONE', #4286, #5523, #766, .T. ) ;
#5375 = FACE_OUTER_BOUND ( 'NONE', #6839, .T. ) ;
#5376 = LINE ( 'NONE', #6190, #2220 ) ;
#5377 = EDGE_CURVE ( 'NONE', #2414, #8432, #6443, .T. ) ;
#5378 = VECTOR ( 'NONE', #1339, 1000.000000000000000 ) ;
#5379 = ORIENTED_EDGE ( 'NONE', *, *, #4206, .T. ) ;
#5380 = LINE ( 'NONE', #5504, #5451 ) ;
#5381 = PLANE ( 'NONE',  #2925 ) ;
#5382 = ORIENTED_EDGE ( 'NONE', *, *, #8074, .F. ) ;
#5383 = DIRECTION ( 'NONE',  ( 0.000000000000000000, -1.000000000000000000, 0.000000000000000000 ) ) ;
#5384 = CARTESIAN_POINT ( 'NONE',  ( -1.369999999999999218, 0.000000000000000000, 2.000000000000000888 ) ) ;
#5385 = DIRECTION ( 'NONE',  ( 0.000000000000000000, -1.000000000000000000, 0.000000000000000000 ) ) ;
#5386 = CARTESIAN_POINT ( 'NONE',  ( 1.719999999999998863, 0.000000000000000000, -1.250000000000000222 ) ) ;
#5387 = DIRECTION ( 'NONE',  ( -1.000000000000000000, 0.000000000000000000, 7.744301232039308793E-16 ) ) ;
#5388 =( NAMED_UNIT ( * ) PLANE_ANGLE_UNIT ( ) SI_UNIT ( $, .RADIAN. ) );
#5389 = CYLINDRICAL_SURFACE ( 'NONE', #4164, 0.1199999999999998845 ) ;
#5390 = EDGE_LOOP ( 'NONE', ( #367, #7527, #4266, #1934 ) ) ;
#5391 = EDGE_CURVE ( 'NONE', #4944, #3966, #6648, .T. ) ;
#5392 = VECTOR ( 'NONE', #7114, 1000.000000000000000 ) ;
#5393 = EDGE_CURVE ( 'NONE', #3337, #5479, #656, .T. ) ;
#5394 = EDGE_LOOP ( 'NONE', ( #5849, #7486, #5779, #6070 ) ) ;
#5395 = EDGE_LOOP ( 'NONE', ( #8440, #5663, #4515, #4256, #1324 ) ) ;
#5396 = CARTESIAN_POINT ( 'NONE',  ( -0.6299999999999998934, 0.2000000000000000111, -2.000000000000000888 ) ) ;
#5397 = PLANE ( 'NONE',  #3813 ) ;
#5398 = DIRECTION ( 'NONE',  ( 0.000000000000000000, 0.000000000000000000, -1.000000000000000000 ) ) ;
#5399 = DIRECTION ( 'NONE',  ( 0.000000000000000000, 1.000000000000000000, 0.000000000000000000 ) ) ;
#5400 = CARTESIAN_POINT ( 'NONE',  ( -1.719999999999998863, 0.1999999999999999833, -1.369999999999999440 ) ) ;
#5401 = LINE ( 'NONE', #5807, #5442 ) ;
#5402 = ORIENTED_EDGE ( 'NONE', *, *, #3767, .T. ) ;
#5403 = DIRECTION ( 'NONE',  ( 0.000000000000000000, 0.000000000000000000, -1.000000000000000000 ) ) ;
#5404 = LINE ( 'NONE', #873, #8198 ) ;
#5405 = CARTESIAN_POINT ( 'NONE',  ( -1.129999999999999893, 0.2000000000000000111, -2.000000000000000888 ) ) ;
#5406 = VECTOR ( 'NONE', #8439, 1000.000000000000000 ) ;
#5407 = CARTESIAN_POINT ( 'NONE',  ( -1.369999999999999662, 0.000000000000000000, -1.720000000000000862 ) ) ;
#5408 = ORIENTED_EDGE ( 'NONE', *, *, #5123, .T. ) ;
#5409 = EDGE_CURVE ( 'NONE', #6903, #6236, #833, .T. ) ;
#5410 = EDGE_LOOP ( 'NONE', ( #5036, #2212, #1794, #5363 ) ) ;
#5411 = PRESENTATION_LAYER_ASSIGNMENT (  '', '', ( #692 ) ) ;
#5412 = LINE ( 'NONE', #1944, #8262 ) ;
#5413 = ORIENTED_EDGE ( 'NONE', *, *, #5648, .F. ) ;
#5414 = MECHANICAL_DESIGN_GEOMETRIC_PRESENTATION_REPRESENTATION (  '', ( #2477 ), #513 ) ;
#5415 = PLANE ( 'NONE',  #3738 ) ;
#5416 = CARTESIAN_POINT ( 'NONE',  ( 2.000000000000000888, 0.05000000000000000278, 1.999999999999999112 ) ) ;
#5417 = CARTESIAN_POINT ( 'NONE',  ( 0.1300000000000007816, 0.2000000000000000111, 2.000000000000000888 ) ) ;
#5418 = EDGE_LOOP ( 'NONE', ( #4811, #6054, #5207, #1301 ) ) ;
#5419 = DIRECTION ( 'NONE',  ( 1.000000000000000000, -0.000000000000000000, 0.000000000000000000 ) ) ;
#5420 = DIRECTION ( 'NONE',  ( 0.000000000000000000, -1.000000000000000000, 0.000000000000000000 ) ) ;
#5421 = VERTEX_POINT ( 'NONE', #5989 ) ;
#5422 = CARTESIAN_POINT ( 'NONE',  ( -1.719999999999998863, 0.6664761515876242992, 1.250000000000000444 ) ) ;
#5423 = DIRECTION ( 'NONE',  ( 0.000000000000000000, 0.000000000000000000, 1.000000000000000000 ) ) ;
#5424 = AXIS2_PLACEMENT_3D ( 'NONE', #5600, #6912, #7599 ) ;
#5425 = ADVANCED_FACE ( 'NONE', ( #691 ), #3466, .F. ) ;
#5426 = CYLINDRICAL_SURFACE ( 'NONE', #8031, 0.1000000000000000472 ) ;
#5427 = EDGE_LOOP ( 'NONE', ( #6972, #1984, #7224, #6652 ) ) ;
#5428 = FACE_OUTER_BOUND ( 'NONE', #1172, .T. ) ;
#5429 = LINE ( 'NONE', #4062, #2740 ) ;
#5430 = ORIENTED_EDGE ( 'NONE', *, *, #1648, .T. ) ;
#5431 = MECHANICAL_DESIGN_GEOMETRIC_PRESENTATION_REPRESENTATION (  '', ( #6353 ), #4401 ) ;
#5432 = FACE_OUTER_BOUND ( 'NONE', #3178, .T. ) ;
#5433 = CARTESIAN_POINT ( 'NONE',  ( -1.636363636363635132, 0.9000000000000000222, -1.636363636363636909 ) ) ;
#5434 = ORIENTED_EDGE ( 'NONE', *, *, #6166, .T. ) ;
#5435 = DIRECTION ( 'NONE',  ( -1.000000000000000000, 0.000000000000000000, 0.000000000000000000 ) ) ;
#5436 = DIRECTION ( 'NONE',  ( 0.000000000000000000, 0.000000000000000000, -1.000000000000000000 ) ) ;
#5437 = CARTESIAN_POINT ( 'NONE',  ( -0.8699999999999992184, 0.6664761515876238551, 2.000000000000000888 ) ) ;
#5438 = DIRECTION ( 'NONE',  ( -0.000000000000000000, -1.000000000000000000, -0.000000000000000000 ) ) ;
#5439 = CARTESIAN_POINT ( 'NONE',  ( 1.719999999999998863, 0.000000000000000000, 0.6299999999999998934 ) ) ;
#5440 = DIRECTION ( 'NONE',  ( 1.000000000000000000, -0.000000000000000000, 0.000000000000000000 ) ) ;
#5441 = FILL_AREA_STYLE ('',( #5940 ) ) ;
#5442 = VECTOR ( 'NONE', #4139, 1000.000000000000000 ) ;
#5443 = ORIENTED_EDGE ( 'NONE', *, *, #6093, .F. ) ;
#5444 = UNCERTAINTY_MEASURE_WITH_UNIT (LENGTH_MEASURE( 1.000000000000000082E-05 ), #2834, 'distance_accuracy_value', 'NONE');
#5445 = ADVANCED_FACE ( 'NONE', ( #3576 ), #6625, .T. ) ;
#5446 = VECTOR ( 'NONE', #3789, 1000.000000000000000 ) ;
#5447 = VECTOR ( 'NONE', #3415, 1000.000000000000000 ) ;
#5448 = ORIENTED_EDGE ( 'NONE', *, *, #6881, .T. ) ;
#5449 = ORIENTED_EDGE ( 'NONE', *, *, #828, .F. ) ;
#5450 = AXIS2_PLACEMENT_3D ( 'NONE', #5081, #5322, #1836 ) ;
#5451 = VECTOR ( 'NONE', #4986, 1000.000000000000000 ) ;
#5452 = ORIENTED_EDGE ( 'NONE', *, *, #4772, .T. ) ;
#5453 = EDGE_CURVE ( 'NONE', #4126, #7764, #6457, .T. ) ;
#5454 = CARTESIAN_POINT ( 'NONE',  ( 0.6300000000000003375, 0.04999999999999999584, -1.720000000000000862 ) ) ;
#5455 =( NAMED_UNIT ( * ) SI_UNIT ( $, .STERADIAN. ) SOLID_ANGLE_UNIT ( ) );
#5456 = DIRECTION ( 'NONE',  ( 0.000000000000000000, 1.000000000000000000, 0.000000000000000000 ) ) ;
#5457 = DIRECTION ( 'NONE',  ( -0.000000000000000000, -1.000000000000000000, -0.000000000000000000 ) ) ;
#5458 = DIRECTION ( 'NONE',  ( 0.000000000000000000, 0.000000000000000000, 1.000000000000000000 ) ) ;
#5459 = FACE_OUTER_BOUND ( 'NONE', #3571, .T. ) ;
#5460 = ORIENTED_EDGE ( 'NONE', *, *, #3068, .T. ) ;
#5461 = EDGE_CURVE ( 'NONE', #930, #5903, #3662, .T. ) ;
#5462 = CARTESIAN_POINT ( 'NONE',  ( -1.999999999999999112, 0.1999999999999996503, -0.6299999999999998934 ) ) ;
#5463 = DIRECTION ( 'NONE',  ( -0.000000000000000000, -1.000000000000000000, -0.000000000000000000 ) ) ;
#5464 = FACE_OUTER_BOUND ( 'NONE', #7158, .T. ) ;
#5465 = VERTEX_POINT ( 'NONE', #7400 ) ;
#5466 = LINE ( 'NONE', #1182, #5366 ) ;
#5467 = ORIENTED_EDGE ( 'NONE', *, *, #1904, .F. ) ;
#5468 = AXIS2_PLACEMENT_3D ( 'NONE', #1345, #7342, #7992 ) ;
#5469 = EDGE_CURVE ( 'NONE', #4457, #7579, #875, .T. ) ;
#5470 = CYLINDRICAL_SURFACE ( 'NONE', #7624, 0.1199999999999998845 ) ;
#5471 = ORIENTED_EDGE ( 'NONE', *, *, #3325, .T. ) ;
#5472 = SURFACE_STYLE_USAGE ( .BOTH. , #2318 ) ;
#5473 = CARTESIAN_POINT ( 'NONE',  ( -1.999999999999999112, 0.1999999999999999833, -0.8699999999999994404 ) ) ;
#5475 = EDGE_CURVE ( 'NONE', #968, #3825, #3525, .T. ) ;
#5474 = CYLINDRICAL_SURFACE ( 'NONE', #8336, 0.1199999999999998845 ) ;
#5476 = DIRECTION ( 'NONE',  ( 0.000000000000000000, 0.000000000000000000, -1.000000000000000000 ) ) ;
#5477 = CARTESIAN_POINT ( 'NONE',  ( -1.719999999999998863, 0.000000000000000000, 0.2500000000000004441 ) ) ;
#5478 = DIRECTION ( 'NONE',  ( 0.000000000000000000, 1.000000000000000000, 0.000000000000000000 ) ) ;
#5479 = VERTEX_POINT ( 'NONE', #3364 ) ;
#5480 = CARTESIAN_POINT ( 'NONE',  ( -1.249999999999999778, 0.2000000000000000111, -1.720000000000000862 ) ) ;
#5481 = CARTESIAN_POINT ( 'NONE',  ( -0.3699999999999996625, 0.2000000000000000111, -2.000000000000000888 ) ) ;
#5482 = FACE_OUTER_BOUND ( 'NONE', #3458, .T. ) ;
#5483 = CARTESIAN_POINT ( 'NONE',  ( 0.8700000000000001066, 0.000000000000000000, -2.000000000000000888 ) ) ;
#5484 = EDGE_CURVE ( 'NONE', #2927, #5612, #6660, .T. ) ;
#5485 = VERTEX_POINT ( 'NONE', #1400 ) ;
#5486 = CARTESIAN_POINT ( 'NONE',  ( -0.6299999999999998934, 0.6664761515876238551, -1.720000000000000862 ) ) ;
#5487 = EDGE_CURVE ( 'NONE', #2905, #4428, #706, .T. ) ;
#5488 = VERTEX_POINT ( 'NONE', #7277 ) ;
#5489 = EDGE_LOOP ( 'NONE', ( #7688, #6140, #2990, #4681 ) ) ;
#5490 = CYLINDRICAL_SURFACE ( 'NONE', #3121, 0.1199999999999998845 ) ;
#5491 = ORIENTED_EDGE ( 'NONE', *, *, #2530, .T. ) ;
#5492 = CARTESIAN_POINT ( 'NONE',  ( 1.130000000000000338, 0.6664761515876238551, -1.720000000000000862 ) ) ;
#5493 = ORIENTED_EDGE ( 'NONE', *, *, #865, .T. ) ;
#5494 = CARTESIAN_POINT ( 'NONE',  ( -1.999999999999999112, 0.1999999999999999833, 0.8700000000000001066 ) ) ;
#5495 = CARTESIAN_POINT ( 'NONE',  ( 0.8700000000000005507, 0.2000000000000000111, 2.000000000000000888 ) ) ;
#5496 = DIRECTION ( 'NONE',  ( 0.000000000000000000, 0.000000000000000000, 1.000000000000000000 ) ) ;
#5497 = CARTESIAN_POINT ( 'NONE',  ( -1.999999999999999112, 0.6664761515876242992, -0.8699999999999994404 ) ) ;
#5498 = EDGE_CURVE ( 'NONE', #160, #6635, #6473, .T. ) ;
#5499 = DIRECTION ( 'NONE',  ( -0.000000000000000000, -1.000000000000000000, -0.000000000000000000 ) ) ;
#5500 = DIRECTION ( 'NONE',  ( -1.000000000000000000, 0.000000000000000000, 0.000000000000000000 ) ) ;
#5501 = CARTESIAN_POINT ( 'NONE',  ( -1.719999999999998863, 0.05000000000000002359, -1.249999999999999556 ) ) ;
#5502 = ADVANCED_FACE ( 'NONE', ( #6499 ), #718, .T. ) ;
#5503 = EDGE_CURVE ( 'NONE', #4720, #1743, #3598, .T. ) ;
#5504 = CARTESIAN_POINT ( 'NONE',  ( 0.3700000000000001066, 0.1999999999999999833, -1.720000000000000862 ) ) ;
#5505 = ORIENTED_EDGE ( 'NONE', *, *, #1372, .T. ) ;
#5506 = ORIENTED_EDGE ( 'NONE', *, *, #129, .T. ) ;
#5507 = LINE ( 'NONE', #4766, #2471 ) ;
#5508 = ORIENTED_EDGE ( 'NONE', *, *, #6684, .F. ) ;
#5509 = VECTOR ( 'NONE', #8299, 1000.000000000000000 ) ;
#5510 = VERTEX_POINT ( 'NONE', #7569 ) ;
#5511 = CARTESIAN_POINT ( 'NONE',  ( 0.2500000000000006661, 0.2000000000000000111, 1.720000000000000862 ) ) ;
#5512 = DIRECTION ( 'NONE',  ( 0.000000000000000000, 0.000000000000000000, 1.000000000000000000 ) ) ;
#5513 = DIRECTION ( 'NONE',  ( -0.000000000000000000, -1.000000000000000000, -0.000000000000000000 ) ) ;
#5514 = CARTESIAN_POINT ( 'NONE',  ( 1.719999999999998863, 0.6664761515876242992, 1.370000000000000107 ) ) ;
#5515 = EDGE_CURVE ( 'NONE', #8463, #4896, #747, .T. ) ;
#5516 = ORIENTED_EDGE ( 'NONE', *, *, #197, .F. ) ;
#5517 = ADVANCED_FACE ( 'NONE', ( #6495 ), #6411, .T. ) ;
#5518 = CARTESIAN_POINT ( 'NONE',  ( 1.999999999999999112, 0.1999999999999999833, 0.8700000000000001066 ) ) ;
#5519 = DIRECTION ( 'NONE',  ( 0.000000000000000000, 0.000000000000000000, -1.000000000000000000 ) ) ;
#5520 = CARTESIAN_POINT ( 'NONE',  ( -1.719999999999998863, 0.6664761515876242992, 0.1300000000000005596 ) ) ;
#5521 = PRESENTATION_STYLE_ASSIGNMENT (( #7819 ) ) ;
#5522 = CARTESIAN_POINT ( 'NONE',  ( 1.370000000000000551, 0.000000000000000000, 2.000000000000000888 ) ) ;
#5523 = VERTEX_POINT ( 'NONE', #884 ) ;
#5524 = ORIENTED_EDGE ( 'NONE', *, *, #2078, .F. ) ;
#5525 = AXIS2_PLACEMENT_3D ( 'NONE', #5386, #4263, #2048 ) ;
#5526 = FACE_OUTER_BOUND ( 'NONE', #3322, .T. ) ;
#5527 = VERTEX_POINT ( 'NONE', #3569 ) ;
#5528 = AXIS2_PLACEMENT_3D ( 'NONE', #8192, #241, #8430 ) ;
#5529 = VERTEX_POINT ( 'NONE', #2345 ) ;
#5530 = ORIENTED_EDGE ( 'NONE', *, *, #99, .T. ) ;
#5531 =( LENGTH_UNIT ( ) NAMED_UNIT ( * ) SI_UNIT ( .MILLI., .METRE. ) );
#5532 = DIRECTION ( 'NONE',  ( 0.000000000000000000, 1.000000000000000000, 0.000000000000000000 ) ) ;
#5533 = VECTOR ( 'NONE', #6992, 1000.000000000000000 ) ;
#5534 = CARTESIAN_POINT ( 'NONE',  ( -0.6299999999999994493, 0.1999999999999999833, 2.000000000000000888 ) ) ;
#5535 = CIRCLE ( 'NONE', #6516, 0.1199999999999998845 ) ;
#5536 =( NAMED_UNIT ( * ) PLANE_ANGLE_UNIT ( ) SI_UNIT ( $, .RADIAN. ) );
#5537 = ORIENTED_EDGE ( 'NONE', *, *, #5030, .T. ) ;
#5538 = EDGE_LOOP ( 'NONE', ( #5722, #4397, #2901, #2861 ) ) ;
#5539 = EDGE_CURVE ( 'NONE', #1609, #8419, #555, .T. ) ;
#5540 = CARTESIAN_POINT ( 'NONE',  ( 1.250000000000000000, 0.2000000000000000944, 1.250000000000000222 ) ) ;
#5541 = DIRECTION ( 'NONE',  ( 0.000000000000000000, 1.000000000000000000, 0.000000000000000000 ) ) ;
#5542 = AXIS2_PLACEMENT_3D ( 'NONE', #7073, #3641, #440 ) ;
#5543 = COLOUR_RGB ( '',0.7921568627450980005, 0.8196078431372548767, 0.9333333333333333481 ) ;
#5544 = EDGE_LOOP ( 'NONE', ( #1605, #2606, #4343, #7457 ) ) ;
#5545 = CARTESIAN_POINT ( 'NONE',  ( -1.999999999999999112, 0.000000000000000000, -0.6299999999999998934 ) ) ;
#5546 = AXIS2_PLACEMENT_3D ( 'NONE', #8002, #6228, #2825 ) ;
#5547 = STYLED_ITEM ( 'NONE', ( #6557 ), #461 ) ;
#5548 = VERTEX_POINT ( 'NONE', #6314 ) ;
#5549 = ORIENTED_EDGE ( 'NONE', *, *, #2879, .T. ) ;
#5550 = EDGE_LOOP ( 'NONE', ( #4317, #1174, #7424, #3477 ) ) ;
#5551 = VECTOR ( 'NONE', #4085, 1000.000000000000000 ) ;
#5552 = ORIENTED_EDGE ( 'NONE', *, *, #381, .F. ) ;
#5553 = EDGE_LOOP ( 'NONE', ( #4881, #1614, #8376, #1963 ) ) ;
#5554 = CARTESIAN_POINT ( 'NONE',  ( 1.250000000000000666, 0.2000000000000000111, 1.720000000000000862 ) ) ;
#5555 = FACE_OUTER_BOUND ( 'NONE', #4102, .T. ) ;
#5556 = EDGE_CURVE ( 'NONE', #5465, #1828, #661, .T. ) ;
#5557 = CARTESIAN_POINT ( 'NONE',  ( 0.8700000000000001066, 0.1999999999999999833, -1.720000000000000862 ) ) ;
#5558 = EDGE_LOOP ( 'NONE', ( #1776, #6965, #2784, #3617 ) ) ;
#5559 =( NAMED_UNIT ( * ) SI_UNIT ( $, .STERADIAN. ) SOLID_ANGLE_UNIT ( ) );
#5560 = DIRECTION ( 'NONE',  ( -0.000000000000000000, -1.000000000000000000, -0.000000000000000000 ) ) ;
#5561 = UNCERTAINTY_MEASURE_WITH_UNIT (LENGTH_MEASURE( 1.000000000000000082E-05 ), #761, 'distance_accuracy_value', 'NONE');
#5562 = ORIENTED_EDGE ( 'NONE', *, *, #4884, .T. ) ;
#5563 = CARTESIAN_POINT ( 'NONE',  ( -1.719999999999998863, 0.1999999999999999833, -0.7499999999999995559 ) ) ;
#5564 = ORIENTED_EDGE ( 'NONE', *, *, #6900, .T. ) ;
#5565 = LINE ( 'NONE', #6007, #5580 ) ;
#5566 = VECTOR ( 'NONE', #5438, 1000.000000000000000 ) ;
#5567 = VERTEX_POINT ( 'NONE', #988 ) ;
#5568 = EDGE_LOOP ( 'NONE', ( #2117, #6175, #1351, #1319, #5895 ) ) ;
#5569 = PRESENTATION_STYLE_ASSIGNMENT (( #1643 ) ) ;
#5570 = VERTEX_POINT ( 'NONE', #1690 ) ;
#5571 = AXIS2_PLACEMENT_3D ( 'NONE', #7463, #8111, #1472 ) ;
#5572 = CARTESIAN_POINT ( 'NONE',  ( 1.719999999999998863, 0.1999999999999999833, 0.6299999999999998934 ) ) ;
#5573 = DIRECTION ( 'NONE',  ( 0.000000000000000000, -1.000000000000000000, 0.000000000000000000 ) ) ;
#5574 = ADVANCED_FACE ( 'NONE', ( #3583 ), #6933, .F. ) ;
#5575 = DIRECTION ( 'NONE',  ( -1.000000000000000000, 0.000000000000000000, 0.000000000000000000 ) ) ;
#5576 = ORIENTED_EDGE ( 'NONE', *, *, #7951, .F. ) ;
#5577 = ORIENTED_EDGE ( 'NONE', *, *, #3146, .T. ) ;
#5578 = DIRECTION ( 'NONE',  ( 0.000000000000000000, 0.000000000000000000, -1.000000000000000000 ) ) ;
#5579 = ORIENTED_EDGE ( 'NONE', *, *, #7297, .F. ) ;
#5580 = VECTOR ( 'NONE', #2190, 1000.000000000000000 ) ;
#5581 = EDGE_CURVE ( 'NONE', #5038, #6814, #6423, .T. ) ;
#5582 = LINE ( 'NONE', #8233, #2699 ) ;
#5583 =( NAMED_UNIT ( * ) SI_UNIT ( $, .STERADIAN. ) SOLID_ANGLE_UNIT ( ) );
#5584 = ADVANCED_FACE ( 'NONE', ( #543 ), #5676, .T. ) ;
#5585 = ORIENTED_EDGE ( 'NONE', *, *, #690, .T. ) ;
#5586 = ORIENTED_EDGE ( 'NONE', *, *, #6772, .F. ) ;
#5587 = CIRCLE ( 'NONE', #4640, 0.1199999999999998845 ) ;
#5588 = ORIENTED_EDGE ( 'NONE', *, *, #7031, .T. ) ;
#5589 = ORIENTED_EDGE ( 'NONE', *, *, #5393, .F. ) ;
#5590 = ORIENTED_EDGE ( 'NONE', *, *, #5056, .T. ) ;
#5591 = DIRECTION ( 'NONE',  ( -1.000000000000000000, 0.000000000000000000, 7.744301232039308793E-16 ) ) ;
#5592 = ADVANCED_FACE ( 'NONE', ( #610 ), #4872, .F. ) ;
#5593 = EDGE_LOOP ( 'NONE', ( #1821, #127, #4327, #1822 ) ) ;
#5594 = PLANE ( 'NONE',  #4041 ) ;
#5595 = CARTESIAN_POINT ( 'NONE',  ( 1.719999999999998863, 0.000000000000000000, -1.250000000000000222 ) ) ;
#5596 = DIRECTION ( 'NONE',  ( 0.000000000000000000, 0.000000000000000000, 1.000000000000000000 ) ) ;
#5597 = EDGE_CURVE ( 'NONE', #8126, #6195, #6438, .T. ) ;
#5598 = PLANE ( 'NONE',  #3335 ) ;
#5599 = VECTOR ( 'NONE', #6743, 1000.000000000000000 ) ;
#5600 = CARTESIAN_POINT ( 'NONE',  ( -1.719999999999998863, 0.1999999999999999833, -1.249999999999999556 ) ) ;
#5601 = ORIENTED_EDGE ( 'NONE', *, *, #3443, .F. ) ;
#5602 = ORIENTED_EDGE ( 'NONE', *, *, #872, .T. ) ;
#5603 = CARTESIAN_POINT ( 'NONE',  ( -1.719999999999998863, 0.1999999999999999833, 0.6300000000000003375 ) ) ;
#5604 = CARTESIAN_POINT ( 'NONE',  ( -1.249999999999999778, 0.000000000000000000, -1.720000000000000862 ) ) ;
#5605 = LINE ( 'NONE', #3756, #105 ) ;
#5606 = ORIENTED_EDGE ( 'NONE', *, *, #7031, .F. ) ;
#5607 = PLANE ( 'NONE',  #892 ) ;
#5608 = ORIENTED_EDGE ( 'NONE', *, *, #3550, .F. ) ;
#5609 = VERTEX_POINT ( 'NONE', #2728 ) ;
#5610 = ORIENTED_EDGE ( 'NONE', *, *, #4850, .F. ) ;
#5611 = EDGE_CURVE ( 'NONE', #6126, #1054, #674, .T. ) ;
#5612 = VERTEX_POINT ( 'NONE', #4035 ) ;
#5613 = EDGE_LOOP ( 'NONE', ( #1432, #4593, #1386, #7203 ) ) ;
#5614 = EDGE_CURVE ( 'NONE', #5567, #974, #584, .T. ) ;
#5615 = FACE_OUTER_BOUND ( 'NONE', #7841, .T. ) ;
#5616 = ORIENTED_EDGE ( 'NONE', *, *, #6477, .F. ) ;
#5617 = PLANE ( 'NONE',  #5762 ) ;
#5618 = CARTESIAN_POINT ( 'NONE',  ( -1.719999999999998863, 0.1999999999999999833, -0.3699999999999994404 ) ) ;
#5619 = STYLED_ITEM ( 'NONE', ( #4988 ), #3847 ) ;
#5620 = DIRECTION ( 'NONE',  ( 0.000000000000000000, 0.000000000000000000, 1.000000000000000000 ) ) ;
#5621 = SURFACE_SIDE_STYLE ('',( #2631 ) ) ;
#5622 = ORIENTED_EDGE ( 'NONE', *, *, #1286, .F. ) ;
#5623 = ORIENTED_EDGE ( 'NONE', *, *, #6393, .F. ) ;
#5624 = ORIENTED_EDGE ( 'NONE', *, *, #470, .F. ) ;
#5625 = CIRCLE ( 'NONE', #5937, 0.1199999999999998845 ) ;
#5626 = VERTEX_POINT ( 'NONE', #4648 ) ;
#5627 = EDGE_LOOP ( 'NONE', ( #5739, #5783, #2753, #8438 ) ) ;
#5628 = LINE ( 'NONE', #6575, #8521 ) ;
#5629 = EDGE_LOOP ( 'NONE', ( #1079, #1246, #5904, #8530 ) ) ;
#5630 = EDGE_CURVE ( 'NONE', #2837, #798, #499, .T. ) ;
#5631 = AXIS2_PLACEMENT_3D ( 'NONE', #3403, #6724, #1920 ) ;
#5632 = DIRECTION ( 'NONE',  ( 1.000000000000000000, -0.000000000000000000, 0.000000000000000000 ) ) ;
#5633 = CARTESIAN_POINT ( 'NONE',  ( -1.719999999999998863, 0.6664761515876242992, -0.8699999999999994404 ) ) ;
#5634 = ORIENTED_EDGE ( 'NONE', *, *, #2984, .F. ) ;
#5635 = CARTESIAN_POINT ( 'NONE',  ( 0.3700000000000005507, 0.1999999999999999833, 2.000000000000000888 ) ) ;
#5636 = ORIENTED_EDGE ( 'NONE', *, *, #4116, .T. ) ;
#5637 = LINE ( 'NONE', #4856, #8502 ) ;
#5638 = DIRECTION ( 'NONE',  ( 0.000000000000000000, 0.000000000000000000, -1.000000000000000000 ) ) ;
#5639 = VECTOR ( 'NONE', #4196, 1000.000000000000000 ) ;
#5640 = DIRECTION ( 'NONE',  ( -1.000000000000000000, 0.000000000000000000, -0.000000000000000000 ) ) ;
#5641 = AXIS2_PLACEMENT_3D ( 'NONE', #5028, #1784, #2438 ) ;
#5642 = ORIENTED_EDGE ( 'NONE', *, *, #2328, .T. ) ;
#5643 = EDGE_LOOP ( 'NONE', ( #812, #6935, #8412, #5774 ) ) ;
#5644 = LINE ( 'NONE', #8073, #2756 ) ;
#5645 = VERTEX_POINT ( 'NONE', #7317 ) ;
#5646 = ADVANCED_FACE ( 'NONE', ( #3481 ), #6133, .T. ) ;
#5647 = STYLED_ITEM ( 'NONE', ( #668 ), #7726 ) ;
#5648 = EDGE_CURVE ( 'NONE', #2799, #5548, #3563, .T. ) ;
#5649 = ORIENTED_EDGE ( 'NONE', *, *, #100, .T. ) ;
#5650 = ORIENTED_EDGE ( 'NONE', *, *, #2979, .T. ) ;
#5651 = AXIS2_PLACEMENT_3D ( 'NONE', #5039, #1231, #7164 ) ;
#5652 = ORIENTED_EDGE ( 'NONE', *, *, #7634, .F. ) ;
#5653 = DIRECTION ( 'NONE',  ( 0.000000000000000000, 1.000000000000000000, 0.000000000000000000 ) ) ;
#5654 = CARTESIAN_POINT ( 'NONE',  ( -1.999999999999999112, 0.1999999999999999833, -0.1299999999999998934 ) ) ;
#5655 = CARTESIAN_POINT ( 'NONE',  ( -0.2499999999999997780, 0.6664761515876238551, -1.720000000000000862 ) ) ;
#5656 = DIRECTION ( 'NONE',  ( 0.000000000000000000, 1.000000000000000000, 0.000000000000000000 ) ) ;
#5657 = ADVANCED_FACE ( 'NONE', ( #3491 ), #4799, .F. ) ;
#5658 = EDGE_LOOP ( 'NONE', ( #7722, #3667, #5045, #7654 ) ) ;
#5659 = ORIENTED_EDGE ( 'NONE', *, *, #1719, .T. ) ;
#5660 = CARTESIAN_POINT ( 'NONE',  ( 0.7500000000000002220, 0.000000000000000000, -1.720000000000000862 ) ) ;
#5661 = AXIS2_PLACEMENT_3D ( 'NONE', #6041, #3305, #2626 ) ;
#5662 = LINE ( 'NONE', #1557, #2926 ) ;
#5663 = ORIENTED_EDGE ( 'NONE', *, *, #5929, .F. ) ;
#5664 = EDGE_CURVE ( 'NONE', #139, #908, #688, .T. ) ;
#5665 = CARTESIAN_POINT ( 'NONE',  ( 1.370000000000000107, 0.6664761515876238551, -2.000000000000000888 ) ) ;
#5666 = ORIENTED_EDGE ( 'NONE', *, *, #3068, .F. ) ;
#5667 = ORIENTED_EDGE ( 'NONE', *, *, #1430, .F. ) ;
#5668 = EDGE_CURVE ( 'NONE', #8389, #6530, #701, .T. ) ;
#5669 = ORIENTED_EDGE ( 'NONE', *, *, #7488, .T. ) ;
#5670 = ORIENTED_EDGE ( 'NONE', *, *, #5814, .T. ) ;
#5671 = ORIENTED_EDGE ( 'NONE', *, *, #2245, .T. ) ;
#5672 = LINE ( 'NONE', #2366, #5839 ) ;
#5673 = CARTESIAN_POINT ( 'NONE',  ( -1.719999999999998863, 0.000000000000000000, 1.130000000000000560 ) ) ;
#5674 = ORIENTED_EDGE ( 'NONE', *, *, #8410, .F. ) ;
#5675 = CARTESIAN_POINT ( 'NONE',  ( 0.1300000000000007816, 0.04999999999999999584, 1.720000000000000862 ) ) ;
#5676 = PLANE ( 'NONE',  #824 ) ;
#5677 = CARTESIAN_POINT ( 'NONE',  ( 0.1300000000000007816, 0.2000000000000000111, 1.720000000000000862 ) ) ;
#5678 = EDGE_CURVE ( 'NONE', #3183, #2993, #6465, .T. ) ;
#5679 = CARTESIAN_POINT ( 'NONE',  ( 0.3700000000000001066, 0.1999999999999999833, -1.720000000000000862 ) ) ;
#5680 = EDGE_LOOP ( 'NONE', ( #8572, #7154, #3842, #4349 ) ) ;
#5681 = ORIENTED_EDGE ( 'NONE', *, *, #187, .F. ) ;
#5682 = EDGE_LOOP ( 'NONE', ( #2365, #6216, #7276, #7936 ) ) ;
#5683 = EDGE_CURVE ( 'NONE', #195, #5837, #3593, .T. ) ;
#5684 = VERTEX_POINT ( 'NONE', #2024 ) ;
#5685 = ORIENTED_EDGE ( 'NONE', *, *, #7742, .T. ) ;
#5686 = ORIENTED_EDGE ( 'NONE', *, *, #3398, .F. ) ;
#5687 = DIRECTION ( 'NONE',  ( -0.000000000000000000, -1.000000000000000000, -0.000000000000000000 ) ) ;
#5688 = EDGE_CURVE ( 'NONE', #532, #3109, #743, .T. ) ;
#5689 = DIRECTION ( 'NONE',  ( -1.000000000000000000, 0.000000000000000000, 0.000000000000000000 ) ) ;
#5690 = CARTESIAN_POINT ( 'NONE',  ( -1.249999999999999334, 0.2000000000000000111, 1.600000000000000977 ) ) ;
#5691 = ORIENTED_EDGE ( 'NONE', *, *, #411, .F. ) ;
#5692 = ORIENTED_EDGE ( 'NONE', *, *, #8072, .F. ) ;
#5693 = CARTESIAN_POINT ( 'NONE',  ( 1.719999999999998863, 0.6664761515876242992, 0.3700000000000001066 ) ) ;
#5694 = CARTESIAN_POINT ( 'NONE',  ( -0.1299999999999998934, 0.2000000000000000111, -1.720000000000000862 ) ) ;
#5695 = EDGE_LOOP ( 'NONE', ( #6708, #6618, #7773, #2498 ) ) ;
#5696 = VERTEX_POINT ( 'NONE', #3399 ) ;
#5697 = LINE ( 'NONE', #5520, #2862 ) ;
#5698 = ORIENTED_EDGE ( 'NONE', *, *, #7392, .T. ) ;
#5699 = EDGE_CURVE ( 'NONE', #962, #7398, #3626, .T. ) ;
#5700 = EDGE_CURVE ( 'NONE', #1795, #4043, #756, .T. ) ;
#5701 = ORIENTED_EDGE ( 'NONE', *, *, #4867, .T. ) ;
#5702 = ORIENTED_EDGE ( 'NONE', *, *, #1267, .F. ) ;
#5703 = DIRECTION ( 'NONE',  ( 0.000000000000000000, 0.000000000000000000, 1.000000000000000000 ) ) ;
#5704 = ORIENTED_EDGE ( 'NONE', *, *, #1870, .T. ) ;
#5705 = AXIS2_PLACEMENT_3D ( 'NONE', #1919, #5419, #1317 ) ;
#5706 = CARTESIAN_POINT ( 'NONE',  ( 1.719999999999998863, 0.6664761515876242992, 0.1299999999999998934 ) ) ;
#5707 = CARTESIAN_POINT ( 'NONE',  ( 1.130000000000000338, 0.1999999999999999833, -1.720000000000000862 ) ) ;
#5708 = EDGE_LOOP ( 'NONE', ( #3981, #2393, #3782, #3858 ) ) ;
#5709 = ORIENTED_EDGE ( 'NONE', *, *, #2819, .F. ) ;
#5710 = CARTESIAN_POINT ( 'NONE',  ( 0.6300000000000007816, 0.000000000000000000, 2.000000000000000888 ) ) ;
#5711 = CARTESIAN_POINT ( 'NONE',  ( -1.369999999999999662, 0.04999999999999999584, -1.720000000000000862 ) ) ;
#5712 = ORIENTED_EDGE ( 'NONE', *, *, #1305, .T. ) ;
#5713 = SURFACE_SIDE_STYLE ('',( #2047 ) ) ;
#5714 = MANIFOLD_SOLID_BREP ( 'LPattern3[4]', #2534 ) ;
#5715 = ADVANCED_FACE ( 'NONE', ( #4186 ), #6990, .F. ) ;
#5716 = EDGE_CURVE ( 'NONE', #3956, #5488, #4151, .T. ) ;
#5717 = VERTEX_POINT ( 'NONE', #1255 ) ;
#5718 = LINE ( 'NONE', #3504, #5797 ) ;
#5719 = ORIENTED_EDGE ( 'NONE', *, *, #911, .F. ) ;
#5720 = ORIENTED_EDGE ( 'NONE', *, *, #4636, .F. ) ;
#5721 = ADVANCED_FACE ( 'NONE', ( #1245 ), #6296, .F. ) ;
#5722 = ORIENTED_EDGE ( 'NONE', *, *, #3174, .T. ) ;
#5723 = ORIENTED_EDGE ( 'NONE', *, *, #1812, .F. ) ;
#5724 = CARTESIAN_POINT ( 'NONE',  ( 1.719999999999998863, 0.6664761515876242992, 1.129999999999999893 ) ) ;
#5725 = CIRCLE ( 'NONE', #1259, 0.1199999999999998845 ) ;
#5726 = DIRECTION ( 'NONE',  ( -0.000000000000000000, -1.000000000000000000, -0.000000000000000000 ) ) ;
#5727 = ORIENTED_EDGE ( 'NONE', *, *, #3712, .T. ) ;
#5728 = CARTESIAN_POINT ( 'NONE',  ( -0.8699999999999992184, 0.2000000000000000111, 1.720000000000000862 ) ) ;
#5729 = PRESENTATION_LAYER_ASSIGNMENT (  '', '', ( #4133 ) ) ;
#5730 = CARTESIAN_POINT ( 'NONE',  ( 1.999999999999999112, 0.6664761515876242992, -1.129999999999999893 ) ) ;
#5731 = CARTESIAN_POINT ( 'NONE',  ( 0.3700000000000005507, 0.000000000000000000, 2.000000000000000888 ) ) ;
#5732 = ORIENTED_EDGE ( 'NONE', *, *, #7745, .F. ) ;
#5733 = VECTOR ( 'NONE', #3454, 1000.000000000000000 ) ;
#5734 = VERTEX_POINT ( 'NONE', #6971 ) ;
#5735 = ADVANCED_FACE ( 'NONE', ( #7042 ), #2207, .F. ) ;
#5736 = EDGE_CURVE ( 'NONE', #3868, #5872, #1277, .T. ) ;
#5737 = AXIS2_PLACEMENT_3D ( 'NONE', #5604, #357, #3086 ) ;
#5738 = VERTEX_POINT ( 'NONE', #6243 ) ;
#5739 = ORIENTED_EDGE ( 'NONE', *, *, #6917, .F. ) ;
#5740 = AXIS2_PLACEMENT_3D ( 'NONE', #303, #8324, #353 ) ;
#5741 = VECTOR ( 'NONE', #4530, 1000.000000000000000 ) ;
#5742 = ORIENTED_EDGE ( 'NONE', *, *, #4350, .T. ) ;
#5743 = DIRECTION ( 'NONE',  ( 0.000000000000000000, 1.000000000000000000, 0.000000000000000000 ) ) ;
#5744 = DIRECTION ( 'NONE',  ( 0.000000000000000000, 0.000000000000000000, 1.000000000000000000 ) ) ;
#5745 = AXIS2_PLACEMENT_3D ( 'NONE', #16, #6742, #6101 ) ;
#5746 = CARTESIAN_POINT ( 'NONE',  ( -1.369999999999999662, 0.05000000000000000278, 0.000000000000000000 ) ) ;
#5747 = CARTESIAN_POINT ( 'NONE',  ( 0.6300000000000003375, 0.000000000000000000, -1.720000000000000862 ) ) ;
#5748 = DIRECTION ( 'NONE',  ( 1.000000000000000000, -0.000000000000000000, 0.000000000000000000 ) ) ;
#5749 = ORIENTED_EDGE ( 'NONE', *, *, #2723, .F. ) ;
#5750 = DIRECTION ( 'NONE',  ( 0.000000000000000000, 0.000000000000000000, -1.000000000000000000 ) ) ;
#5751 = LINE ( 'NONE', #4244, #8531 ) ;
#5752 = ORIENTED_EDGE ( 'NONE', *, *, #1267, .T. ) ;
#5753 = CARTESIAN_POINT ( 'NONE',  ( 0.8700000000000001066, 0.1999999999999999833, -2.000000000000000888 ) ) ;
#5754 = CARTESIAN_POINT ( 'NONE',  ( 0.000000000000000000, 0.05000000000000000278, 1.370000000000000107 ) ) ;
#5755 = VERTEX_POINT ( 'NONE', #7598 ) ;
#5756 = ORIENTED_EDGE ( 'NONE', *, *, #5391, .T. ) ;
#5757 = DIRECTION ( 'NONE',  ( -1.000000000000000000, 0.000000000000000000, 0.000000000000000000 ) ) ;
#5758 = EDGE_CURVE ( 'NONE', #2295, #297, #4441, .T. ) ;
#5759 = EDGE_LOOP ( 'NONE', ( #6122, #6273, #6168, #2359 ) ) ;
#5760 = AXIS2_PLACEMENT_3D ( 'NONE', #7869, #676, #3830 ) ;
#5761 = ORIENTED_EDGE ( 'NONE', *, *, #7846, .T. ) ;
#5762 = AXIS2_PLACEMENT_3D ( 'NONE', #7658, #6260, #8339 ) ;
#5763 = LINE ( 'NONE', #4109, #5733 ) ;
#5764 = CARTESIAN_POINT ( 'NONE',  ( -0.1299999999999998934, 0.2000000000000000111, -1.720000000000000862 ) ) ;
#5765 = EDGE_CURVE ( 'NONE', #1263, #5823, #4411, .T. ) ;
#5766 = VERTEX_POINT ( 'NONE', #6911 ) ;
#5767 = CARTESIAN_POINT ( 'NONE',  ( -0.1299999999999994771, 0.2000000000000000111, 1.720000000000000862 ) ) ;
#5768 = DIRECTION ( 'NONE',  ( -0.000000000000000000, 1.000000000000000000, -0.000000000000000000 ) ) ;
#5769 = DIRECTION ( 'NONE',  ( 1.000000000000000000, -0.000000000000000000, 0.000000000000000000 ) ) ;
#5770 = ORIENTED_EDGE ( 'NONE', *, *, #2490, .F. ) ;
#5771 = DIRECTION ( 'NONE',  ( -1.734723475976807094E-16, 0.000000000000000000, 1.000000000000000000 ) ) ;
#5772 = CARTESIAN_POINT ( 'NONE',  ( -0.7499999999999997780, 0.6664761515876238551, -1.720000000000000862 ) ) ;
#5773 = VECTOR ( 'NONE', #2422, 1000.000000000000000 ) ;
#5774 = ORIENTED_EDGE ( 'NONE', *, *, #4087, .T. ) ;
#5775 = EDGE_CURVE ( 'NONE', #7236, #1039, #7283, .T. ) ;
#5776 = DIRECTION ( 'NONE',  ( 0.000000000000000000, -1.000000000000000000, 0.000000000000000000 ) ) ;
#5777 = ORIENTED_EDGE ( 'NONE', *, *, #1826, .F. ) ;
#5778 = VECTOR ( 'NONE', #2215, 1000.000000000000000 ) ;
#5779 = ORIENTED_EDGE ( 'NONE', *, *, #4594, .T. ) ;
#5780 = VERTEX_POINT ( 'NONE', #3597 ) ;
#5781 = MECHANICAL_DESIGN_GEOMETRIC_PRESENTATION_REPRESENTATION (  '', ( #2843 ), #8494 ) ;
#5782 = VERTEX_POINT ( 'NONE', #3134 ) ;
#5783 = ORIENTED_EDGE ( 'NONE', *, *, #6712, .F. ) ;
#5784 = PRESENTATION_STYLE_ASSIGNMENT (( #1823 ) ) ;
#5785 = CARTESIAN_POINT ( 'NONE',  ( -1.999999999999999112, 0.1999999999999999833, -0.6299999999999998934 ) ) ;
#5786 = ORIENTED_EDGE ( 'NONE', *, *, #8245, .F. ) ;
#5787 =( LENGTH_UNIT ( ) NAMED_UNIT ( * ) SI_UNIT ( .MILLI., .METRE. ) );
#5788 = CARTESIAN_POINT ( 'NONE',  ( 1.250000000000000666, 0.6664761515876238551, 1.600000000000000977 ) ) ;
#5789 = CARTESIAN_POINT ( 'NONE',  ( 1.719999999999998863, 0.1999999999999999833, -0.8699999999999996625 ) ) ;
#5790 = EDGE_CURVE ( 'NONE', #8463, #6199, #1636, .T. ) ;
#5791 = ADVANCED_FACE ( 'NONE', ( #1575 ), #5598, .F. ) ;
#5792 = SURFACE_STYLE_USAGE ( .BOTH. , #525 ) ;
#5793 = CARTESIAN_POINT ( 'NONE',  ( 1.999999999999999112, 0.000000000000000000, -0.1299999999999998934 ) ) ;
#5794 = DIRECTION ( 'NONE',  ( 0.000000000000000000, -1.000000000000000000, 0.000000000000000000 ) ) ;
#5795 = ORIENTED_EDGE ( 'NONE', *, *, #1040, .F. ) ;
#5796 = DIRECTION ( 'NONE',  ( -0.000000000000000000, -0.000000000000000000, 1.000000000000000000 ) ) ;
#5797 = VECTOR ( 'NONE', #705, 1000.000000000000000 ) ;
#5798 = ORIENTED_EDGE ( 'NONE', *, *, #928, .F. ) ;
#5799 = EDGE_CURVE ( 'NONE', #7567, #6945, #4469, .T. ) ;
#5800 = EDGE_CURVE ( 'NONE', #5927, #7601, #1466, .T. ) ;
#5801 = ORIENTED_EDGE ( 'NONE', *, *, #6202, .T. ) ;
#5802 = VERTEX_POINT ( 'NONE', #866 ) ;
#5803 = LINE ( 'NONE', #361, #174 ) ;
#5804 = ORIENTED_EDGE ( 'NONE', *, *, #1359, .F. ) ;
#5805 = CARTESIAN_POINT ( 'NONE',  ( 1.719999999999998863, 0.6664761515876242992, -0.8699999999999996625 ) ) ;
#5806 =( NAMED_UNIT ( * ) SI_UNIT ( $, .STERADIAN. ) SOLID_ANGLE_UNIT ( ) );
#5807 = CARTESIAN_POINT ( 'NONE',  ( 1.999999999999999112, 0.6664761515876242992, 1.370000000000000107 ) ) ;
#5808 = CARTESIAN_POINT ( 'NONE',  ( -0.8699999999999996625, 0.000000000000000000, -1.720000000000000862 ) ) ;
#5809 = VECTOR ( 'NONE', #8351, 1000.000000000000000 ) ;
#5810 = ORIENTED_EDGE ( 'NONE', *, *, #6640, .T. ) ;
#5811 = ADVANCED_FACE ( 'NONE', ( #4588 ), #8212, .F. ) ;
#5812 = VERTEX_POINT ( 'NONE', #1618 ) ;
#5813 = CARTESIAN_POINT ( 'NONE',  ( 1.149999999999999911, 0.2000000000000000944, -1.249999999999999778 ) ) ;
#5814 = EDGE_CURVE ( 'NONE', #7713, #4360, #1624, .T. ) ;
#5815 = EDGE_LOOP ( 'NONE', ( #4518, #7162, #4112, #7472 ) ) ;
#5816 = ORIENTED_EDGE ( 'NONE', *, *, #6693, .F. ) ;
#5817 = DIRECTION ( 'NONE',  ( 0.000000000000000000, -1.000000000000000000, 0.000000000000000000 ) ) ;
#5818 = EDGE_CURVE ( 'NONE', #4936, #5108, #7169, .T. ) ;
#5819 = LINE ( 'NONE', #4412, #2904 ) ;
#5820 = ORIENTED_EDGE ( 'NONE', *, *, #5765, .T. ) ;
#5821 = PRESENTATION_LAYER_ASSIGNMENT (  '', '', ( #7056 ) ) ;
#5822 = VECTOR ( 'NONE', #4332, 1000.000000000000000 ) ;
#5823 = VERTEX_POINT ( 'NONE', #3025 ) ;
#5824 = ORIENTED_EDGE ( 'NONE', *, *, #928, .T. ) ;
#5825 = CARTESIAN_POINT ( 'NONE',  ( -1.999999999999999112, 0.6664761515876242992, 1.130000000000000560 ) ) ;
#5826 = CARTESIAN_POINT ( 'NONE',  ( -1.249999999999999778, 0.2000000000000000111, -1.720000000000000862 ) ) ;
#5827 = VERTEX_POINT ( 'NONE', #2381 ) ;
#5828 = VERTEX_POINT ( 'NONE', #5707 ) ;
#5829 = ORIENTED_EDGE ( 'NONE', *, *, #1811, .T. ) ;
#5830 = EDGE_CURVE ( 'NONE', #1684, #673, #7388, .T. ) ;
#5831 = AXIS2_PLACEMENT_3D ( 'NONE', #8022, #7186, #3849 ) ;
#5832 = ORIENTED_EDGE ( 'NONE', *, *, #3276, .T. ) ;
#5833 = EDGE_LOOP ( 'NONE', ( #5173, #7506, #3863, #3748 ) ) ;
#5834 = ORIENTED_EDGE ( 'NONE', *, *, #4099, .F. ) ;
#5835 = AXIS2_PLACEMENT_3D ( 'NONE', #664, #60, #4711 ) ;
#5836 = ORIENTED_EDGE ( 'NONE', *, *, #4038, .T. ) ;
#5837 = VERTEX_POINT ( 'NONE', #4482 ) ;
#5838 = CARTESIAN_POINT ( 'NONE',  ( 0.8700000000000005507, 0.1999999999999999833, 2.000000000000000888 ) ) ;
#5839 = VECTOR ( 'NONE', #8427, 1000.000000000000000 ) ;
#5840 = DIRECTION ( 'NONE',  ( -0.000000000000000000, 0.000000000000000000, 1.000000000000000000 ) ) ;
#5841 = VERTEX_POINT ( 'NONE', #5142 ) ;
#5842 = DIRECTION ( 'NONE',  ( 0.000000000000000000, -0.000000000000000000, 1.000000000000000000 ) ) ;
#5843 = DIRECTION ( 'NONE',  ( -0.000000000000000000, -1.000000000000000000, -0.000000000000000000 ) ) ;
#5844 =( NAMED_UNIT ( * ) SI_UNIT ( $, .STERADIAN. ) SOLID_ANGLE_UNIT ( ) );
#5845 = CARTESIAN_POINT ( 'NONE',  ( -1.719999999999998863, 0.6664761515876242992, 0.7500000000000004441 ) ) ;
#5846 = EDGE_CURVE ( 'NONE', #3945, #4049, #4395, .T. ) ;
#5847 = DIRECTION ( 'NONE',  ( 0.000000000000000000, -1.000000000000000000, 0.000000000000000000 ) ) ;
#5848 = ORIENTED_EDGE ( 'NONE', *, *, #4197, .T. ) ;
#5849 = ORIENTED_EDGE ( 'NONE', *, *, #8393, .F. ) ;
#5850 = AXIS2_PLACEMENT_3D ( 'NONE', #1272, #2437, #3714 ) ;
#5851 = ORIENTED_EDGE ( 'NONE', *, *, #100, .F. ) ;
#5852 = ORIENTED_EDGE ( 'NONE', *, *, #4212, .T. ) ;
#5853 = AXIS2_PLACEMENT_3D ( 'NONE', #588, #141, #750 ) ;
#5854 = ORIENTED_EDGE ( 'NONE', *, *, #1040, .T. ) ;
#5855 = AXIS2_PLACEMENT_3D ( 'NONE', #5954, #1052, #3100 ) ;
#5856 = CIRCLE ( 'NONE', #6650, 0.1199999999999998845 ) ;
#5857 = CARTESIAN_POINT ( 'NONE',  ( 2.000000000000000888, 0.05000000000000000278, 1.999999999999999112 ) ) ;
#5858 = ADVANCED_FACE ( 'NONE', ( #7480 ), #3995, .T. ) ;
#5859 = FILL_AREA_STYLE ('',( #3798 ) ) ;
#5860 = DIRECTION ( 'NONE',  ( -0.000000000000000000, -1.000000000000000000, -0.000000000000000000 ) ) ;
#5861 = PLANE ( 'NONE',  #6613 ) ;
#5862 =( NAMED_UNIT ( * ) PLANE_ANGLE_UNIT ( ) SI_UNIT ( $, .RADIAN. ) );
#5863 = ORIENTED_EDGE ( 'NONE', *, *, #8514, .T. ) ;
#5864 = EDGE_CURVE ( 'NONE', #1092, #5350, #4424, .T. ) ;
#5865 = CLOSED_SHELL ( 'NONE', ( #3596, #4635, #5154, #537, #3949, #7105, #1590 ) ) ;
#5866 = ADVANCED_FACE ( 'NONE', ( #7432 ), #5932, .T. ) ;
#5867 = CARTESIAN_POINT ( 'NONE',  ( 1.149999999999999911, 0.05000000000000000278, -1.249999999999999778 ) ) ;
#5868 = ORIENTED_EDGE ( 'NONE', *, *, #5273, .F. ) ;
#5869 = AXIS2_PLACEMENT_3D ( 'NONE', #2326, #4905, #8275 ) ;
#5870 = UNCERTAINTY_MEASURE_WITH_UNIT (LENGTH_MEASURE( 1.000000000000000082E-05 ), #219, 'distance_accuracy_value', 'NONE');
#5871 = EDGE_CURVE ( 'NONE', #6437, #2918, #1649, .T. ) ;
#5872 = VERTEX_POINT ( 'NONE', #5879 ) ;
#5873 = EDGE_LOOP ( 'NONE', ( #2121, #5226, #2488, #6811 ) ) ;
#5874 = CARTESIAN_POINT ( 'NONE',  ( -0.3699999999999996625, 0.6664761515876238551, -2.000000000000000888 ) ) ;
#5875 = ADVANCED_FACE ( 'NONE', ( #1451 ), #4664, .F. ) ;
#5876 = VERTEX_POINT ( 'NONE', #3362 ) ;
#5877 = EDGE_CURVE ( 'NONE', #3123, #8432, #7312, .T. ) ;
#5878 = CARTESIAN_POINT ( 'NONE',  ( -0.6299999999999998934, 0.05000000000000000278, 0.000000000000000000 ) ) ;
#5879 = CARTESIAN_POINT ( 'NONE',  ( 0.8700000000000001066, 0.04999999999999969746, -2.000000000000000888 ) ) ;
#5880 = CARTESIAN_POINT ( 'NONE',  ( 1.719999999999998863, 0.1999999999999999833, -1.370000000000000107 ) ) ;
#5881 = CARTESIAN_POINT ( 'NONE',  ( 1.719999999999998863, 0.6664761515876242992, 0.2499999999999997780 ) ) ;
#5882 = CARTESIAN_POINT ( 'NONE',  ( -0.3699999999999996625, 0.2000000000000000111, -1.720000000000000862 ) ) ;
#5883 = VECTOR ( 'NONE', #549, 1000.000000000000000 ) ;
#5884 = ORIENTED_EDGE ( 'NONE', *, *, #5331, .F. ) ;
#5885 = FACE_OUTER_BOUND ( 'NONE', #6351, .T. ) ;
#5886 = CARTESIAN_POINT ( 'NONE',  ( -1.150000000000000133, 0.000000000000000000, 1.249999999999999778 ) ) ;
#5887 = AXIS2_PLACEMENT_3D ( 'NONE', #2833, #3486, #4840 ) ;
#5888 = EDGE_CURVE ( 'NONE', #3219, #7764, #4301, .T. ) ;
#5889 = ORIENTED_EDGE ( 'NONE', *, *, #2744, .T. ) ;
#5890 = ORIENTED_EDGE ( 'NONE', *, *, #1597, .F. ) ;
#5891 = ORIENTED_EDGE ( 'NONE', *, *, #7966, .F. ) ;
#5892 = DIRECTION ( 'NONE',  ( 0.000000000000000000, 0.000000000000000000, 1.000000000000000000 ) ) ;
#5893 = CYLINDRICAL_SURFACE ( 'NONE', #2963, 0.1199999999999998845 ) ;
#5894 = CARTESIAN_POINT ( 'NONE',  ( -1.719999999999998863, 0.1999999999999999833, 0.6300000000000003375 ) ) ;
#5895 = ORIENTED_EDGE ( 'NONE', *, *, #5877, .F. ) ;
#5896 = CARTESIAN_POINT ( 'NONE',  ( -1.999999999999999112, 0.1999999999999996503, 1.370000000000000107 ) ) ;
#5897 = DIRECTION ( 'NONE',  ( 0.000000000000000000, -1.000000000000000000, 0.000000000000000000 ) ) ;
#5898 = EDGE_CURVE ( 'NONE', #2222, #8605, #7449, .T. ) ;
#5899 = DIRECTION ( 'NONE',  ( 0.000000000000000000, 0.000000000000000000, -1.000000000000000000 ) ) ;
#5900 = EDGE_CURVE ( 'NONE', #3762, #2692, #1677, .T. ) ;
#5901 = VERTEX_POINT ( 'NONE', #506 ) ;
#5902 = DIRECTION ( 'NONE',  ( -0.000000000000000000, -1.000000000000000000, -0.000000000000000000 ) ) ;
#5903 = VERTEX_POINT ( 'NONE', #3875 ) ;
#5904 = ORIENTED_EDGE ( 'NONE', *, *, #428, .T. ) ;
#5905 = VECTOR ( 'NONE', #7970, 1000.000000000000000 ) ;
#5906 = SURFACE_STYLE_FILL_AREA ( #1133 ) ;
#5907 = ORIENTED_EDGE ( 'NONE', *, *, #21, .F. ) ;
#5908 = DIRECTION ( 'NONE',  ( 0.000000000000000000, -1.000000000000000000, 0.000000000000000000 ) ) ;
#5909 = EDGE_CURVE ( 'NONE', #3733, #3189, #1415, .T. ) ;
#5910 = CARTESIAN_POINT ( 'NONE',  ( 1.370000000000000551, 0.2000000000000000111, 2.000000000000000888 ) ) ;
#5911 = CARTESIAN_POINT ( 'NONE',  ( -1.250000000000000000, 3.735533905932738374, -1.250000000000000222 ) ) ;
#5912 = EDGE_CURVE ( 'NONE', #5780, #2157, #7594, .T. ) ;
#5913 = ORIENTED_EDGE ( 'NONE', *, *, #2430, .T. ) ;
#5914 = ORIENTED_EDGE ( 'NONE', *, *, #6270, .T. ) ;
#5915 = DIRECTION ( 'NONE',  ( 0.000000000000000000, 1.000000000000000000, 0.000000000000000000 ) ) ;
#5916 = DIRECTION ( 'NONE',  ( 0.000000000000000000, 0.000000000000000000, 1.000000000000000000 ) ) ;
#5917 = ORIENTED_EDGE ( 'NONE', *, *, #2338, .F. ) ;
#5918 = DIRECTION ( 'NONE',  ( -1.000000000000000000, 0.000000000000000000, 0.000000000000000000 ) ) ;
#5919 = CARTESIAN_POINT ( 'NONE',  ( 1.719999999999998863, 0.6664761515876242992, -0.1299999999999998934 ) ) ;
#5920 = ORIENTED_EDGE ( 'NONE', *, *, #4162, .F. ) ;
#5921 = ORIENTED_EDGE ( 'NONE', *, *, #4038, .F. ) ;
#5922 = AXIS2_PLACEMENT_3D ( 'NONE', #5956, #7296, #7942 ) ;
#5923 = VECTOR ( 'NONE', #8258, 1000.000000000000000 ) ;
#5924 = ORIENTED_EDGE ( 'NONE', *, *, #1481, .T. ) ;
#5925 = PRESENTATION_STYLE_ASSIGNMENT (( #2705 ) ) ;
#5926 = ADVANCED_FACE ( 'NONE', ( #4777 ), #1839, .F. ) ;
#5927 = VERTEX_POINT ( 'NONE', #1153 ) ;
#5928 = ORIENTED_EDGE ( 'NONE', *, *, #7589, .T. ) ;
#5929 = EDGE_CURVE ( 'NONE', #2321, #6945, #7609, .T. ) ;
#5930 = EDGE_LOOP ( 'NONE', ( #5732, #2882, #8501, #2793 ) ) ;
#5931 = DIRECTION ( 'NONE',  ( 0.000000000000000000, -1.000000000000000000, 0.000000000000000000 ) ) ;
#5932 = PLANE ( 'NONE',  #4496 ) ;
#5933 = ORIENTED_EDGE ( 'NONE', *, *, #3795, .T. ) ;
#5934 = CARTESIAN_POINT ( 'NONE',  ( -1.249999999999999334, 0.2000000000000000111, 1.720000000000000862 ) ) ;
#5935 = CARTESIAN_POINT ( 'NONE',  ( 2.865391455854552152E-16, 0.05000000000000000278, -0.3700000000000010503 ) ) ;
#5936 = CARTESIAN_POINT ( 'NONE',  ( -0.8699999999999996625, 0.2000000000000000111, -1.720000000000000862 ) ) ;
#5937 = AXIS2_PLACEMENT_3D ( 'NONE', #3365, #6102, #7518 ) ;
#5938 = VECTOR ( 'NONE', #2562, 1000.000000000000000 ) ;
#5939 = ORIENTED_EDGE ( 'NONE', *, *, #2467, .T. ) ;
#5940 = FILL_AREA_STYLE_COLOUR ( '', #5208 ) ;
#5941 = AXIS2_PLACEMENT_3D ( 'NONE', #7896, #8616, #592 ) ;
#5942 = ORIENTED_EDGE ( 'NONE', *, *, #3734, .T. ) ;
#5943 = ADVANCED_FACE ( 'NONE', ( #4741 ), #2044, .F. ) ;
#5944 = ORIENTED_EDGE ( 'NONE', *, *, #7680, .F. ) ;
#5945 = VERTEX_POINT ( 'NONE', #7146 ) ;
#5946 = DIRECTION ( 'NONE',  ( 0.000000000000000000, -0.000000000000000000, 1.000000000000000000 ) ) ;
#5947 = AXIS2_PLACEMENT_3D ( 'NONE', #7666, #4765, #615 ) ;
#5948 = CARTESIAN_POINT ( 'NONE',  ( 1.719999999999998863, 0.1999999999999999833, 0.3700000000000001066 ) ) ;
#5949 = LINE ( 'NONE', #2892, #280 ) ;
#5950 = CARTESIAN_POINT ( 'NONE',  ( 1.149999999999999911, 0.05000000000000012768, 1.250000000000000222 ) ) ;
#5951 = VERTEX_POINT ( 'NONE', #1212 ) ;
#5952 = DIRECTION ( 'NONE',  ( -0.000000000000000000, -0.000000000000000000, 1.000000000000000000 ) ) ;
#5953 = LINE ( 'NONE', #6759, #163 ) ;
#5954 = CARTESIAN_POINT ( 'NONE',  ( -1.249999999999999778, 0.2000000000000000111, -1.720000000000000862 ) ) ;
#5955 = AXIS2_PLACEMENT_3D ( 'NONE', #7352, #121, #5946 ) ;
#5956 = CARTESIAN_POINT ( 'NONE',  ( -1.249999999999999778, 0.2000000000000000111, -1.720000000000000862 ) ) ;
#5957 = APPLICATION_PROTOCOL_DEFINITION ( 'draft international standard', 'automotive_design', 1998, #8468 ) ;
#5958 = FILL_AREA_STYLE_COLOUR ( '', #910 ) ;
#5959 = ORIENTED_EDGE ( 'NONE', *, *, #262, .T. ) ;
#5960 = AXIS2_PLACEMENT_3D ( 'NONE', #6683, #4666, #4817 ) ;
#5961 = AXIS2_PLACEMENT_3D ( 'NONE', #6230, #6885, #3582 ) ;
#5962 = VERTEX_POINT ( 'NONE', #15 ) ;
#5963 = LINE ( 'NONE', #6492, #3125 ) ;
#5964 = ORIENTED_EDGE ( 'NONE', *, *, #6772, .T. ) ;
#5965 = EDGE_LOOP ( 'NONE', ( #2389, #6301, #3509, #1810 ) ) ;
#5966 = CYLINDRICAL_SURFACE ( 'NONE', #3708, 0.1199999999999998845 ) ;
#5967 = ORIENTED_EDGE ( 'NONE', *, *, #7820, .T. ) ;
#5968 = CARTESIAN_POINT ( 'NONE',  ( 1.250000000000000000, 3.735533905932738374, -1.249999999999999778 ) ) ;
#5969 = DIRECTION ( 'NONE',  ( 0.000000000000000000, 0.000000000000000000, -1.000000000000000000 ) ) ;
#5970 = DIRECTION ( 'NONE',  ( 0.000000000000000000, 1.000000000000000000, 0.000000000000000000 ) ) ;
#5971 = DIRECTION ( 'NONE',  ( -1.000000000000000000, 0.000000000000000000, -7.744301232039308793E-16 ) ) ;
#5972 = DIRECTION ( 'NONE',  ( 0.000000000000000000, 0.000000000000000000, -1.000000000000000000 ) ) ;
#5973 = VERTEX_POINT ( 'NONE', #8510 ) ;
#5974 = CARTESIAN_POINT ( 'NONE',  ( 0.7500000000000002220, 0.2000000000000000111, -1.720000000000000862 ) ) ;
#5975 = ORIENTED_EDGE ( 'NONE', *, *, #961, .F. ) ;
#5976 = PRESENTATION_LAYER_ASSIGNMENT (  '', '', ( #3257 ) ) ;
#5977 = DIRECTION ( 'NONE',  ( 0.000000000000000000, 0.000000000000000000, -1.000000000000000000 ) ) ;
#5978 = CARTESIAN_POINT ( 'NONE',  ( -1.129999999999999449, 0.1999999999999999833, 2.000000000000000888 ) ) ;
#5979 = ORIENTED_EDGE ( 'NONE', *, *, #2532, .T. ) ;
#5980 = DIRECTION ( 'NONE',  ( -0.000000000000000000, -1.000000000000000000, -0.000000000000000000 ) ) ;
#5981 = LINE ( 'NONE', #1657, #246 ) ;
#5982 = VERTEX_POINT ( 'NONE', #716 ) ;
#5983 = COLOUR_RGB ( '',0.7921568627450980005, 0.8196078431372548767, 0.9333333333333333481 ) ;
#5984 = LINE ( 'NONE', #2466, #5822 ) ;
#5985 = ORIENTED_EDGE ( 'NONE', *, *, #3867, .F. ) ;
#5986 = CARTESIAN_POINT ( 'NONE',  ( 1.130000000000000782, 0.000000000000000000, 1.720000000000000862 ) ) ;
#5987 = CARTESIAN_POINT ( 'NONE',  ( -0.2499999999999993616, 0.2000000000000000111, 1.720000000000000862 ) ) ;
#5988 = PLANE ( 'NONE',  #1116 ) ;
#5989 = CARTESIAN_POINT ( 'NONE',  ( -0.7499999999999993339, 0.04999999999999999584, 1.600000000000000977 ) ) ;
#5990 = CARTESIAN_POINT ( 'NONE',  ( -1.719999999999998863, 0.1999999999999999833, 1.130000000000000560 ) ) ;
#5991 = EDGE_CURVE ( 'NONE', #1520, #130, #7491, .T. ) ;
#5992 = ORIENTED_EDGE ( 'NONE', *, *, #1193, .T. ) ;
#5993 = PLANE ( 'NONE',  #5468 ) ;
#5994 = ADVANCED_FACE ( 'NONE', ( #7690 ), #2747, .F. ) ;
#5995 = EDGE_CURVE ( 'NONE', #7955, #8156, #7633, .T. ) ;
#5996 = ORIENTED_EDGE ( 'NONE', *, *, #765, .F. ) ;
#5997 = ORIENTED_EDGE ( 'NONE', *, *, #2652, .T. ) ;
#5998 = EDGE_CURVE ( 'NONE', #80, #214, #7560, .T. ) ;
#5999 = VERTEX_POINT ( 'NONE', #3503 ) ;
#6000 = DIRECTION ( 'NONE',  ( -1.000000000000000000, 0.000000000000000000, -1.734723475976807094E-16 ) ) ;
#6001 = LINE ( 'NONE', #3187, #397 ) ;
#6002 = ORIENTED_EDGE ( 'NONE', *, *, #5498, .T. ) ;
#6003 = EDGE_CURVE ( 'NONE', #5330, #6582, #7719, .T. ) ;
#6004 = PLANE ( 'NONE',  #6976 ) ;
#6005 = DIRECTION ( 'NONE',  ( 0.000000000000000000, 1.000000000000000000, 0.000000000000000000 ) ) ;
#6006 = SURFACE_SIDE_STYLE ('',( #6787 ) ) ;
#6007 = CARTESIAN_POINT ( 'NONE',  ( 1.999999999999999112, 0.000000000000000000, -0.6299999999999998934 ) ) ;
#6008 = CARTESIAN_POINT ( 'NONE',  ( 1.250000000000000666, 0.000000000000000000, 1.720000000000000862 ) ) ;
#6009 = ORIENTED_EDGE ( 'NONE', *, *, #1582, .T. ) ;
#6010 = ORIENTED_EDGE ( 'NONE', *, *, #2133, .F. ) ;
#6011 = MANIFOLD_SOLID_BREP ( 'LPattern3[10]', #5865 ) ;
#6012 = ORIENTED_EDGE ( 'NONE', *, *, #7862, .F. ) ;
#6013 = COLOUR_RGB ( '',0.7921568627450980005, 0.8196078431372548767, 0.9333333333333333481 ) ;
#6014 = ORIENTED_EDGE ( 'NONE', *, *, #2281, .T. ) ;
#6015 = EDGE_CURVE ( 'NONE', #3338, #5901, #5637, .T. ) ;
#6016 = VECTOR ( 'NONE', #5513, 1000.000000000000000 ) ;
#6017 = CARTESIAN_POINT ( 'NONE',  ( -1.719999999999998863, 0.1999999999999999833, -0.6299999999999998934 ) ) ;
#6018 = CARTESIAN_POINT ( 'NONE',  ( 2.000000000000000888, 0.05000000000000000278, 1.999999999999999112 ) ) ;
#6019 = AXIS2_PLACEMENT_3D ( 'NONE', #2849, #3660, #8086 ) ;
#6020 = DIRECTION ( 'NONE',  ( 0.000000000000000000, 0.000000000000000000, 1.000000000000000000 ) ) ;
#6021 = EDGE_LOOP ( 'NONE', ( #6914, #5471, #1670, #7428, #4161 ) ) ;
#6022 = DIRECTION ( 'NONE',  ( 1.000000000000000000, -0.000000000000000000, 0.000000000000000000 ) ) ;
#6023 = DIRECTION ( 'NONE',  ( -0.000000000000000000, -1.000000000000000000, -0.000000000000000000 ) ) ;
#6024 = VERTEX_POINT ( 'NONE', #2607 ) ;
#6025 = DIRECTION ( 'NONE',  ( 0.000000000000000000, 0.000000000000000000, 1.000000000000000000 ) ) ;
#6026 = AXIS2_PLACEMENT_3D ( 'NONE', #2332, #4910, #923 ) ;
#6027 = CARTESIAN_POINT ( 'NONE',  ( 0.2500000000000006661, 0.1999999999999999833, 1.600000000000000977 ) ) ;
#6028 = LINE ( 'NONE', #8490, #269 ) ;
#6029 = ORIENTED_EDGE ( 'NONE', *, *, #3985, .T. ) ;
#6030 = FACE_OUTER_BOUND ( 'NONE', #8315, .T. ) ;
#6031 = EDGE_CURVE ( 'NONE', #6097, #5973, #2738, .T. ) ;
#6032 = STYLED_ITEM ( 'NONE', ( #7289 ), #3547 ) ;
#6033 = ORIENTED_EDGE ( 'NONE', *, *, #2649, .T. ) ;
#6034 = AXIS2_PLACEMENT_3D ( 'NONE', #2399, #5157, #372 ) ;
#6035 = VERTEX_POINT ( 'NONE', #4653 ) ;
#6036 = VECTOR ( 'NONE', #5817, 1000.000000000000000 ) ;
#6037 = DIRECTION ( 'NONE',  ( 0.000000000000000000, 1.000000000000000000, 0.000000000000000000 ) ) ;
#6038 = DIRECTION ( 'NONE',  ( 0.000000000000000000, 1.000000000000000000, 0.000000000000000000 ) ) ;
#6039 = DIRECTION ( 'NONE',  ( -0.000000000000000000, -0.000000000000000000, 1.000000000000000000 ) ) ;
#6040 = CLOSED_SHELL ( 'NONE', ( #5721, #6322, #1457, #5073, #4145, #355 ) ) ;
#6041 = CARTESIAN_POINT ( 'NONE',  ( -1.249999999999999778, 0.2000000000000000111, -1.720000000000000862 ) ) ;
#6042 = PLANE ( 'NONE',  #5525 ) ;
#6043 = AXIS2_PLACEMENT_3D ( 'NONE', #4414, #1200, #1926 ) ;
#6044 = DIRECTION ( 'NONE',  ( 0.000000000000000000, 1.000000000000000000, 0.000000000000000000 ) ) ;
#6045 = LINE ( 'NONE', #7213, #3105 ) ;
#6046 = ORIENTED_EDGE ( 'NONE', *, *, #5909, .T. ) ;
#6047 = AXIS2_PLACEMENT_3D ( 'NONE', #6521, #5155, #3374 ) ;
#6048 = ADVANCED_FACE ( 'NONE', ( #5428 ), #2531, .F. ) ;
#6049 = COLOUR_RGB ( '',0.7921568627450980005, 0.8196078431372548767, 0.9333333333333333481 ) ;
#6050 = DIRECTION ( 'NONE',  ( 0.000000000000000000, 1.000000000000000000, 0.000000000000000000 ) ) ;
#6051 = ORIENTED_EDGE ( 'NONE', *, *, #2189, .F. ) ;
#6052 = ORIENTED_EDGE ( 'NONE', *, *, #2621, .F. ) ;
#6053 = AXIS2_PLACEMENT_3D ( 'NONE', #6429, #5970, #1913 ) ;
#6054 = ORIENTED_EDGE ( 'NONE', *, *, #1931, .F. ) ;
#6055 = EDGE_LOOP ( 'NONE', ( #3594, #6993, #8254, #2782 ) ) ;
#6056 = CARTESIAN_POINT ( 'NONE',  ( -0.1299999999999998934, 0.2000000000000000111, -1.720000000000000862 ) ) ;
#6057 = FACE_OUTER_BOUND ( 'NONE', #5489, .T. ) ;
#6058 = FILL_AREA_STYLE ('',( #2002 ) ) ;
#6059 = ORIENTED_EDGE ( 'NONE', *, *, #1721, .F. ) ;
#6060 = CARTESIAN_POINT ( 'NONE',  ( -0.2499999999999997780, 0.1999999999999999833, -1.720000000000000862 ) ) ;
#6061 = DIRECTION ( 'NONE',  ( -0.000000000000000000, 0.000000000000000000, 1.000000000000000000 ) ) ;
#6062 = CARTESIAN_POINT ( 'NONE',  ( -1.719999999999998863, 0.1999999999999999833, 0.1300000000000003375 ) ) ;
#6063 = ADVANCED_FACE ( 'NONE', ( #2501 ), #5474, .F. ) ;
#6064 = CARTESIAN_POINT ( 'NONE',  ( -1.719999999999998863, 0.000000000000000000, -0.7499999999999995559 ) ) ;
#6065 = CARTESIAN_POINT ( 'NONE',  ( 1.370000000000000107, 0.1999999999999999833, -1.720000000000000862 ) ) ;
#6066 = ORIENTED_EDGE ( 'NONE', *, *, #3827, .F. ) ;
#6067 = CARTESIAN_POINT ( 'NONE',  ( -0.3699999999999992184, 0.1999999999999999833, 1.720000000000000862 ) ) ;
#6068 = EDGE_LOOP ( 'NONE', ( #7675, #5798, #53, #4810 ) ) ;
#6069 = VECTOR ( 'NONE', #7839, 1000.000000000000000 ) ;
#6070 = ORIENTED_EDGE ( 'NONE', *, *, #5178, .F. ) ;
#6071 = ORIENTED_EDGE ( 'NONE', *, *, #129, .F. ) ;
#6072 = ORIENTED_EDGE ( 'NONE', *, *, #1489, .F. ) ;
#6073 = VECTOR ( 'NONE', #2601, 1000.000000000000000 ) ;
#6074 = ORIENTED_EDGE ( 'NONE', *, *, #2392, .T. ) ;
#6075 = CIRCLE ( 'NONE', #2068, 0.1199999999999998845 ) ;
#6076 = AXIS2_PLACEMENT_3D ( 'NONE', #4130, #6874, #1535 ) ;
#6077 = FILL_AREA_STYLE_COLOUR ( '', #4517 ) ;
#6078 = UNCERTAINTY_MEASURE_WITH_UNIT (LENGTH_MEASURE( 1.000000000000000082E-05 ), #6333, 'distance_accuracy_value', 'NONE');
#6079 = EDGE_CURVE ( 'NONE', #3164, #968, #5404, .T. ) ;
#6080 = CARTESIAN_POINT ( 'NONE',  ( -1.636363636363635132, 1.000000000000000000, -1.636363636363636909 ) ) ;
#6081 = CARTESIAN_POINT ( 'NONE',  ( -1.719999999999998863, 0.000000000000000000, -0.6299999999999998934 ) ) ;
#6082 = VECTOR ( 'NONE', #940, 1000.000000000000000 ) ;
#6083 = PLANE ( 'NONE',  #8029 ) ;
#6084 = CARTESIAN_POINT ( 'NONE',  ( -1.129999999999999893, 0.6664761515876238551, -1.720000000000000862 ) ) ;
#6085 = ORIENTED_EDGE ( 'NONE', *, *, #5123, .F. ) ;
#6086 = VECTOR ( 'NONE', #5127, 1000.000000000000000 ) ;
#6087 = DIRECTION ( 'NONE',  ( 1.000000000000000000, -0.000000000000000000, 0.000000000000000000 ) ) ;
#6088 = ORIENTED_EDGE ( 'NONE', *, *, #5898, .F. ) ;
#6089 = ORIENTED_EDGE ( 'NONE', *, *, #8350, .F. ) ;
#6090 = PLANE ( 'NONE',  #6962 ) ;
#6091 = VECTOR ( 'NONE', #7855, 1000.000000000000000 ) ;
#6092 = VERTEX_POINT ( 'NONE', #3350 ) ;
#6093 = EDGE_CURVE ( 'NONE', #4896, #5055, #2513, .T. ) ;
#6094 = EDGE_CURVE ( 'NONE', #5901, #6489, #2588, .T. ) ;
#6095 = EDGE_CURVE ( 'NONE', #3488, #3312, #8392, .T. ) ;
#6096 = VECTOR ( 'NONE', #5126, 1000.000000000000000 ) ;
#6097 = VERTEX_POINT ( 'NONE', #7880 ) ;
#6098 = DIRECTION ( 'NONE',  ( 0.000000000000000000, 1.000000000000000000, 0.000000000000000000 ) ) ;
#6099 = DIRECTION ( 'NONE',  ( 0.000000000000000000, 0.000000000000000000, -1.000000000000000000 ) ) ;
#6100 = DIRECTION ( 'NONE',  ( 0.000000000000000000, 0.000000000000000000, 1.000000000000000000 ) ) ;
#6101 = DIRECTION ( 'NONE',  ( 0.000000000000000000, 0.000000000000000000, 1.000000000000000000 ) ) ;
#6102 = DIRECTION ( 'NONE',  ( 0.000000000000000000, 1.000000000000000000, 0.000000000000000000 ) ) ;
#6103 = CARTESIAN_POINT ( 'NONE',  ( 1.719999999999998863, 0.6664761515876242992, -0.1299999999999998934 ) ) ;
#6104 = ORIENTED_EDGE ( 'NONE', *, *, #267, .T. ) ;
#6105 = CARTESIAN_POINT ( 'NONE',  ( -0.1299999999999994771, 0.2000000000000000111, 2.000000000000000888 ) ) ;
#6106 = PLANE ( 'NONE',  #1893 ) ;
#6107 = EDGE_CURVE ( 'NONE', #2529, #5927, #8317, .T. ) ;
#6108 = VECTOR ( 'NONE', #1320, 1000.000000000000000 ) ;
#6109 = ORIENTED_EDGE ( 'NONE', *, *, #946, .F. ) ;
#6110 = ORIENTED_EDGE ( 'NONE', *, *, #3928, .F. ) ;
#6111 = CARTESIAN_POINT ( 'NONE',  ( -0.6299999999999998934, 0.1999999999999999833, -2.000000000000000888 ) ) ;
#6112 = CARTESIAN_POINT ( 'NONE',  ( -1.999999999999999112, 0.1999999999999999833, 1.370000000000000107 ) ) ;
#6113 = ORIENTED_EDGE ( 'NONE', *, *, #5084, .F. ) ;
#6114 = DIRECTION ( 'NONE',  ( 0.000000000000000000, 1.000000000000000000, 0.000000000000000000 ) ) ;
#6115 = ADVANCED_FACE ( 'NONE', ( #8219 ), #5490, .F. ) ;
#6116 = LINE ( 'NONE', #3972, #604 ) ;
#6117 = CARTESIAN_POINT ( 'NONE',  ( 1.149999999999999911, 0.2000000000000000944, 1.250000000000000222 ) ) ;
#6118 = PLANE ( 'NONE',  #2253 ) ;
#6119 = CIRCLE ( 'NONE', #159, 0.1199999999999998845 ) ;
#6120 = ADVANCED_FACE ( 'NONE', ( #8331 ), #2424, .T. ) ;
#6121 = EDGE_CURVE ( 'NONE', #1978, #2774, #8359, .T. ) ;
#6122 = ORIENTED_EDGE ( 'NONE', *, *, #262, .F. ) ;
#6123 = ORIENTED_EDGE ( 'NONE', *, *, #1981, .F. ) ;
#6124 = CLOSED_SHELL ( 'NONE', ( #5943, #8062, #7532, #6187, #3193, #2802 ) ) ;
#6125 = ORIENTED_EDGE ( 'NONE', *, *, #4116, .F. ) ;
#6126 = VERTEX_POINT ( 'NONE', #5048 ) ;
#6127 = CARTESIAN_POINT ( 'NONE',  ( -1.129999999999999449, 0.2000000000000000111, 1.720000000000000862 ) ) ;
#6128 = CARTESIAN_POINT ( 'NONE',  ( -1.636363636363635132, 1.000000000000000000, -1.636363636363636909 ) ) ;
#6129 = ADVANCED_FACE ( 'NONE', ( #5343 ), #6368, .T. ) ;
#6130 = AXIS2_PLACEMENT_3D ( 'NONE', #49, #8096, #6672 ) ;
#6131 = CARTESIAN_POINT ( 'NONE',  ( -1.719999999999998863, 0.1999999999999999833, 1.370000000000000107 ) ) ;
#6132 = DIRECTION ( 'NONE',  ( -0.000000000000000000, -1.000000000000000000, -0.000000000000000000 ) ) ;
#6133 = PLANE ( 'NONE',  #3535 ) ;
#6134 = LINE ( 'NONE', #7116, #426 ) ;
#6135 = DIRECTION ( 'NONE',  ( 0.000000000000000000, 0.000000000000000000, -1.000000000000000000 ) ) ;
#6136 = DIRECTION ( 'NONE',  ( 0.000000000000000000, -1.000000000000000000, 0.000000000000000000 ) ) ;
#6137 = ORIENTED_EDGE ( 'NONE', *, *, #1617, .F. ) ;
#6138 = DIRECTION ( 'NONE',  ( -0.000000000000000000, -1.000000000000000000, -0.000000000000000000 ) ) ;
#6139 = EDGE_CURVE ( 'NONE', #3383, #2900, #2440, .T. ) ;
#6140 = ORIENTED_EDGE ( 'NONE', *, *, #4050, .T. ) ;
#6141 = ORIENTED_EDGE ( 'NONE', *, *, #3527, .F. ) ;
#6142 = DIRECTION ( 'NONE',  ( -0.000000000000000000, -1.000000000000000000, -0.000000000000000000 ) ) ;
#6143 = AXIS2_PLACEMENT_3D ( 'NONE', #2942, #4129, #7665 ) ;
#6144 = FACE_OUTER_BOUND ( 'NONE', #6954, .T. ) ;
#6145 = ORIENTED_EDGE ( 'NONE', *, *, #5349, .F. ) ;
#6146 = VECTOR ( 'NONE', #4582, 1000.000000000000000 ) ;
#6147 =( GEOMETRIC_REPRESENTATION_CONTEXT ( 3 ) GLOBAL_UNCERTAINTY_ASSIGNED_CONTEXT ( ( #7865 ) ) GLOBAL_UNIT_ASSIGNED_CONTEXT ( ( #3024, #5025, #2972 ) ) REPRESENTATION_CONTEXT ( 'NONE', 'WORKASPACE' ) );
#6148 = LINE ( 'NONE', #5522, #439 ) ;
#6149 =( GEOMETRIC_REPRESENTATION_CONTEXT ( 3 ) GLOBAL_UNCERTAINTY_ASSIGNED_CONTEXT ( ( #7139 ) ) GLOBAL_UNIT_ASSIGNED_CONTEXT ( ( #7243, #7369, #8024 ) ) REPRESENTATION_CONTEXT ( 'NONE', 'WORKASPACE' ) );
#6150 = AXIS2_PLACEMENT_3D ( 'NONE', #8549, #5117, #3063 ) ;
#6151 = ORIENTED_EDGE ( 'NONE', *, *, #7431, .F. ) ;
#6152 = CARTESIAN_POINT ( 'NONE',  ( 0.3700000000000005507, 0.000000000000000000, 1.720000000000000862 ) ) ;
#6153 = VECTOR ( 'NONE', #2368, 1000.000000000000000 ) ;
#6154 = CARTESIAN_POINT ( 'NONE',  ( -0.1299999999999998934, 0.6664761515876238551, -1.720000000000000862 ) ) ;
#6155 = DIRECTION ( 'NONE',  ( 0.000000000000000000, -1.000000000000000000, 0.000000000000000000 ) ) ;
#6156 = CARTESIAN_POINT ( 'NONE',  ( 2.000000000000000888, 0.05000000000000000278, -2.000000000000000888 ) ) ;
#6157 = EDGE_LOOP ( 'NONE', ( #7399, #8231, #6788, #6433, #5059 ) ) ;
#6158 = DIRECTION ( 'NONE',  ( 0.000000000000000000, 1.000000000000000000, 0.000000000000000000 ) ) ;
#6159 = ORIENTED_EDGE ( 'NONE', *, *, #2881, .T. ) ;
#6160 = DIRECTION ( 'NONE',  ( -0.000000000000000000, -1.000000000000000000, -0.000000000000000000 ) ) ;
#6161 = FILL_AREA_STYLE ('',( #2109 ) ) ;
#6162 = DIRECTION ( 'NONE',  ( 0.000000000000000000, 1.000000000000000000, 0.000000000000000000 ) ) ;
#6163 = FACE_OUTER_BOUND ( 'NONE', #1455, .T. ) ;
#6164 = ORIENTED_EDGE ( 'NONE', *, *, #7574, .F. ) ;
#6165 = COLOUR_RGB ( '',0.7921568627450980005, 0.8196078431372548767, 0.9333333333333333481 ) ;
#6166 = EDGE_CURVE ( 'NONE', #5738, #5134, #2572, .T. ) ;
#6167 = DIRECTION ( 'NONE',  ( -0.000000000000000000, -1.000000000000000000, -0.000000000000000000 ) ) ;
#6168 = ORIENTED_EDGE ( 'NONE', *, *, #1617, .T. ) ;
#6169 = MECHANICAL_DESIGN_GEOMETRIC_PRESENTATION_REPRESENTATION (  '', ( #3055 ), #4176 ) ;
#6170 = EDGE_CURVE ( 'NONE', #673, #8057, #2383, .T. ) ;
#6171 = CLOSED_SHELL ( 'NONE', ( #2496, #365, #5811, #1519, #1000, #416 ) ) ;
#6172 = DIRECTION ( 'NONE',  ( -1.000000000000000000, 0.000000000000000000, 7.744301232039308793E-16 ) ) ;
#6173 = VECTOR ( 'NONE', #954, 1000.000000000000000 ) ;
#6174 = CARTESIAN_POINT ( 'NONE',  ( 1.719999999999998863, 0.000000000000000000, 1.129999999999999893 ) ) ;
#6175 = ORIENTED_EDGE ( 'NONE', *, *, #285, .F. ) ;
#6176 = CARTESIAN_POINT ( 'NONE',  ( -1.999999999999999112, 0.1999999999999999833, 0.6300000000000005596 ) ) ;
#6177 = DIRECTION ( 'NONE',  ( 0.000000000000000000, 0.000000000000000000, -1.000000000000000000 ) ) ;
#6178 = CARTESIAN_POINT ( 'NONE',  ( -0.8699999999999992184, 0.1999999999999999833, 1.720000000000000862 ) ) ;
#6179 = CYLINDRICAL_SURFACE ( 'NONE', #2291, 0.1199999999999998845 ) ;
#6180 = ORIENTED_EDGE ( 'NONE', *, *, #1632, .T. ) ;
#6181 = AXIS2_PLACEMENT_3D ( 'NONE', #7539, #5463, #5638 ) ;
#6182 = ORIENTED_EDGE ( 'NONE', *, *, #3928, .T. ) ;
#6183 = VERTEX_POINT ( 'NONE', #3839 ) ;
#6184 = EDGE_CURVE ( 'NONE', #7648, #2633, #2688, .T. ) ;
#6185 = VECTOR ( 'NONE', #5769, 1000.000000000000000 ) ;
#6186 = EDGE_LOOP ( 'NONE', ( #6774, #8407 ) ) ;
#6187 = ADVANCED_FACE ( 'NONE', ( #8184 ), #995, .F. ) ;
#6188 = CARTESIAN_POINT ( 'NONE',  ( 1.719999999999998863, 0.6664761515876242992, 1.249999999999999778 ) ) ;
#6189 = CARTESIAN_POINT ( 'NONE',  ( 1.250000000000000000, 3.735533905932738374, 1.250000000000000222 ) ) ;
#6190 = CARTESIAN_POINT ( 'NONE',  ( 1.999999999999999112, 0.000000000000000000, 0.3700000000000001066 ) ) ;
#6191 = DIRECTION ( 'NONE',  ( -1.000000000000000000, 0.000000000000000000, 0.000000000000000000 ) ) ;
#6192 = CARTESIAN_POINT ( 'NONE',  ( 1.719999999999998863, 0.000000000000000000, -0.3699999999999996625 ) ) ;
#6193 = CARTESIAN_POINT ( 'NONE',  ( -1.249999999999999334, 0.1999999999999999833, 1.600000000000000977 ) ) ;
#6194 = CARTESIAN_POINT ( 'NONE',  ( 1.130000000000000782, 0.2000000000000000111, 2.000000000000000888 ) ) ;
#6195 = VERTEX_POINT ( 'NONE', #1180 ) ;
#6196 = CARTESIAN_POINT ( 'NONE',  ( 0.6300000000000007816, 0.2000000000000000111, 2.000000000000000888 ) ) ;
#6197 = EDGE_CURVE ( 'NONE', #3797, #5717, #5358, .T. ) ;
#6198 = DIRECTION ( 'NONE',  ( 0.000000000000000000, -1.000000000000000000, 0.000000000000000000 ) ) ;
#6199 = VERTEX_POINT ( 'NONE', #3272 ) ;
#6200 = CLOSED_SHELL ( 'NONE', ( #4616, #994, #5657, #6593, #8084, #6794 ) ) ;
#6201 = PLANE ( 'NONE',  #8560 ) ;
#6202 = EDGE_CURVE ( 'NONE', #8189, #5901, #2609, .T. ) ;
#6203 = FACE_OUTER_BOUND ( 'NONE', #7752, .T. ) ;
#6204 = VERTEX_POINT ( 'NONE', #4390 ) ;
#6205 = EDGE_CURVE ( 'NONE', #6856, #6494, #8415, .T. ) ;
#6206 = ADVANCED_FACE ( 'NONE', ( #2394 ), #3741, .F. ) ;
#6207 = VECTOR ( 'NONE', #7061, 1000.000000000000000 ) ;
#6208 = VERTEX_POINT ( 'NONE', #5102 ) ;
#6209 = PLANE ( 'NONE',  #7909 ) ;
#6210 = CARTESIAN_POINT ( 'NONE',  ( 1.999999999999999112, 0.6664761515876242992, 1.130000000000000560 ) ) ;
#6211 = CARTESIAN_POINT ( 'NONE',  ( -1.719999999999998863, 0.6664761515876242992, 1.370000000000000107 ) ) ;
#6212 = CARTESIAN_POINT ( 'NONE',  ( -0.1299999999999994771, 0.000000000000000000, 2.000000000000000888 ) ) ;
#6213 = ORIENTED_EDGE ( 'NONE', *, *, #8586, .F. ) ;
#6214 = DIRECTION ( 'NONE',  ( -0.000000000000000000, 0.000000000000000000, -1.000000000000000000 ) ) ;
#6215 = SURFACE_STYLE_FILL_AREA ( #2975 ) ;
#6216 = ORIENTED_EDGE ( 'NONE', *, *, #5258, .T. ) ;
#6217 = DIRECTION ( 'NONE',  ( 0.000000000000000000, -1.000000000000000000, 0.000000000000000000 ) ) ;
#6218 = EDGE_CURVE ( 'NONE', #5548, #7236, #8264, .T. ) ;
#6219 = VECTOR ( 'NONE', #7959, 1000.000000000000000 ) ;
#6220 = DIRECTION ( 'NONE',  ( 0.000000000000000000, 0.000000000000000000, 1.000000000000000000 ) ) ;
#6221 = AXIS2_PLACEMENT_3D ( 'NONE', #4835, #3267, #77 ) ;
#6222 = CYLINDRICAL_SURFACE ( 'NONE', #350, 0.1199999999999998845 ) ;
#6223 = ORIENTED_EDGE ( 'NONE', *, *, #5700, .F. ) ;
#6224 = ORIENTED_EDGE ( 'NONE', *, *, #4594, .F. ) ;
#6225 = ORIENTED_EDGE ( 'NONE', *, *, #8350, .T. ) ;
#6226 = PLANE ( 'NONE',  #414 ) ;
#6227 = ORIENTED_EDGE ( 'NONE', *, *, #2450, .T. ) ;
#6228 = DIRECTION ( 'NONE',  ( -7.744301232039308793E-16, 0.000000000000000000, 1.000000000000000000 ) ) ;
#6229 = FACE_OUTER_BOUND ( 'NONE', #6734, .T. ) ;
#6230 = CARTESIAN_POINT ( 'NONE',  ( -1.249999999999999334, 0.2000000000000000111, 1.720000000000000862 ) ) ;
#6231 = SURFACE_STYLE_USAGE ( .BOTH. , #8422 ) ;
#6232 = EDGE_CURVE ( 'NONE', #2563, #3312, #2454, .T. ) ;
#6233 = PLANE ( 'NONE',  #2367 ) ;
#6234 = LINE ( 'NONE', #8372, #484 ) ;
#6235 = DIRECTION ( 'NONE',  ( -0.000000000000000000, 0.000000000000000000, 1.000000000000000000 ) ) ;
#6236 = VERTEX_POINT ( 'NONE', #5462 ) ;
#6237 = CIRCLE ( 'NONE', #1940, 0.1199999999999998845 ) ;
#6238 = ORIENTED_EDGE ( 'NONE', *, *, #4531, .F. ) ;
#6239 = SURFACE_STYLE_USAGE ( .BOTH. , #7025 ) ;
#6240 = DIRECTION ( 'NONE',  ( -0.000000000000000000, -1.000000000000000000, -0.000000000000000000 ) ) ;
#6241 = DIRECTION ( 'NONE',  ( 0.000000000000000000, 0.000000000000000000, 1.000000000000000000 ) ) ;
#6242 =( NAMED_UNIT ( * ) PLANE_ANGLE_UNIT ( ) SI_UNIT ( $, .RADIAN. ) );
#6243 = CARTESIAN_POINT ( 'NONE',  ( -1.369999999999999662, 0.2000000000000000111, -2.000000000000000888 ) ) ;
#6244 = FACE_OUTER_BOUND ( 'NONE', #5682, .T. ) ;
#6245 = DIRECTION ( 'NONE',  ( -1.000000000000000000, 0.000000000000000000, -1.734723475976807094E-16 ) ) ;
#6246 = CARTESIAN_POINT ( 'NONE',  ( 1.149999999999999911, 3.735533905932738374, -1.149999999999999689 ) ) ;
#6247 = CLOSED_SHELL ( 'NONE', ( #1808, #1720, #6063, #6386, #7716, #8136, #7780, #3654, #2202, #6711, #6256, #240, #293, #2923, #6048, #5241, #6514, #7033, #7179, #2033, #300, #7268, #6538, #6948, #5875, #1224, #2, #7593, #7785, #1620, #2840, #5314, #1851, #4006, #1912, #1076, #4470, #931, #4866, #5502, #2353, #558, #1742, #6755, #161, #6659, #42, #4083, #2946, #2771, #5022, #5858, #6892, #7671, #1297, #1068, #8373, #2254, #5926, #8598, #8295, #3988, #3788, #1861, #3069, #8459, #6271, #4463, #2864, #1087, #2113, #155, #4748, #3747, #7610, #1790, #721, #8160, #3213, #4396, #4103, #6452, #491, #6129, #6730, #5791, #8220, #4945, #1604, #6206, #1444, #1873, #3410, #7195, #6317, #5013, #4882, #1982, #2694, #3730, #7119, #3271, #5715, #345, #8543, #225, #287, #4334, #5646, #6872, #6115, #1243, #3930, #4166, #7386, #3540, #480, #2569, #8443, #2127 ) ) ;
#6248 = AXIS2_PLACEMENT_3D ( 'NONE', #3414, #2103, #7564 ) ;
#6249 = CYLINDRICAL_SURFACE ( 'NONE', #4378, 0.1199999999999998845 ) ;
#6250 = ORIENTED_EDGE ( 'NONE', *, *, #7988, .T. ) ;
#6251 = EDGE_LOOP ( 'NONE', ( #4846, #7974, #8080, #3903 ) ) ;
#6252 = LINE ( 'NONE', #7851, #6265 ) ;
#6253 = ADVANCED_FACE ( 'NONE', ( #8434 ), #132, .T. ) ;
#6254 = STYLED_ITEM ( 'NONE', ( #5925 ), #5000 ) ;
#6255 = STYLED_ITEM ( 'NONE', ( #3417 ), #136 ) ;
#6256 = ADVANCED_FACE ( 'NONE', ( #5375 ), #6118, .F. ) ;
#6257 = VERTEX_POINT ( 'NONE', #3386 ) ;
#6258 = EDGE_CURVE ( 'NONE', #5485, #3640, #5565, .T. ) ;
#6259 = DIRECTION ( 'NONE',  ( -0.000000000000000000, -1.000000000000000000, -0.000000000000000000 ) ) ;
#6260 = DIRECTION ( 'NONE',  ( 0.000000000000000000, -0.000000000000000000, 1.000000000000000000 ) ) ;
#6261 = VERTEX_POINT ( 'NONE', #7483 ) ;
#6262 = SURFACE_STYLE_USAGE ( .BOTH. , #3681 ) ;
#6263 = VERTEX_POINT ( 'NONE', #1299 ) ;
#6264 = DIRECTION ( 'NONE',  ( 1.000000000000000000, -0.000000000000000000, -0.000000000000000000 ) ) ;
#6265 = VECTOR ( 'NONE', #1887, 1000.000000000000000 ) ;
#6266 =( NAMED_UNIT ( * ) SI_UNIT ( $, .STERADIAN. ) SOLID_ANGLE_UNIT ( ) );
#6267 = LINE ( 'NONE', #2141, #3461 ) ;
#6268 = CARTESIAN_POINT ( 'NONE',  ( -1.719999999999998863, 0.1999999999999999833, -0.7499999999999995559 ) ) ;
#6269 = AXIS2_PLACEMENT_3D ( 'NONE', #4365, #8090, #7602 ) ;
#6270 = EDGE_CURVE ( 'NONE', #4913, #6406, #3627, .T. ) ;
#6271 = ADVANCED_FACE ( 'NONE', ( #757 ), #6587, .F. ) ;
#6272 = VECTOR ( 'NONE', #7823, 1000.000000000000000 ) ;
#6273 = ORIENTED_EDGE ( 'NONE', *, *, #1286, .T. ) ;
#6274 = ORIENTED_EDGE ( 'NONE', *, *, #6900, .F. ) ;
#6275 = VERTEX_POINT ( 'NONE', #7421 ) ;
#6276 = EDGE_CURVE ( 'NONE', #908, #625, #3710, .T. ) ;
#6277 = VECTOR ( 'NONE', #7697, 1000.000000000000000 ) ;
#6278 = CARTESIAN_POINT ( 'NONE',  ( 0.6300000000000007816, 0.2000000000000000111, 1.720000000000000862 ) ) ;
#6279 = LINE ( 'NONE', #5910, #3256 ) ;
#6280 = CARTESIAN_POINT ( 'NONE',  ( -0.6299999999999994493, 0.04999999999999999584, 1.720000000000000862 ) ) ;
#6281 = CARTESIAN_POINT ( 'NONE',  ( -0.6299999999999998934, 0.1999999999999999833, -1.720000000000000862 ) ) ;
#6282 = DIRECTION ( 'NONE',  ( -0.000000000000000000, -1.000000000000000000, -0.000000000000000000 ) ) ;
#6283 = EDGE_CURVE ( 'NONE', #956, #638, #815, .T. ) ;
#6284 = VECTOR ( 'NONE', #3437, 1000.000000000000000 ) ;
#6285 = DIRECTION ( 'NONE',  ( -1.000000000000000000, 0.000000000000000000, -0.000000000000000000 ) ) ;
#6286 = ORIENTED_EDGE ( 'NONE', *, *, #5469, .F. ) ;
#6287 = ORIENTED_EDGE ( 'NONE', *, *, #7793, .T. ) ;
#6288 = ORIENTED_EDGE ( 'NONE', *, *, #231, .T. ) ;
#6289 = FACE_OUTER_BOUND ( 'NONE', #6924, .T. ) ;
#6290 = SURFACE_SIDE_STYLE ('',( #5074 ) ) ;
#6291 = EDGE_CURVE ( 'NONE', #5523, #139, #3727, .T. ) ;
#6292 = DIRECTION ( 'NONE',  ( 0.000000000000000000, 0.000000000000000000, 1.000000000000000000 ) ) ;
#6293 = CARTESIAN_POINT ( 'NONE',  ( -1.999999999999999112, 0.04999999999999969746, 0.6300000000000005596 ) ) ;
#6294 = PLANE ( 'NONE',  #6019 ) ;
#6295 = EDGE_CURVE ( 'NONE', #798, #8128, #6496, .T. ) ;
#6296 = PLANE ( 'NONE',  #696 ) ;
#6297 = DIRECTION ( 'NONE',  ( 0.000000000000000000, 0.000000000000000000, 1.000000000000000000 ) ) ;
#6298 = DIRECTION ( 'NONE',  ( 0.000000000000000000, 0.000000000000000000, 1.000000000000000000 ) ) ;
#6299 = EDGE_CURVE ( 'NONE', #560, #3488, #3687, .T. ) ;
#6300 = ORIENTED_EDGE ( 'NONE', *, *, #7604, .F. ) ;
#6301 = ORIENTED_EDGE ( 'NONE', *, *, #2979, .F. ) ;
#6302 = ORIENTED_EDGE ( 'NONE', *, *, #534, .T. ) ;
#6303 = CARTESIAN_POINT ( 'NONE',  ( 1.719999999999998863, 0.1999999999999999833, -1.129999999999999893 ) ) ;
#6304 = DIRECTION ( 'NONE',  ( 0.000000000000000000, 1.000000000000000000, 0.000000000000000000 ) ) ;
#6305 = LINE ( 'NONE', #4036, #6475 ) ;
#6306 = FACE_OUTER_BOUND ( 'NONE', #5759, .T. ) ;
#6307 = SURFACE_STYLE_FILL_AREA ( #8194 ) ;
#6308 = EDGE_CURVE ( 'NONE', #2993, #195, #3642, .T. ) ;
#6309 = ORIENTED_EDGE ( 'NONE', *, *, #1193, .F. ) ;
#6310 = FILL_AREA_STYLE ('',( #4815 ) ) ;
#6311 = VERTEX_POINT ( 'NONE', #4020 ) ;
#6312 = CARTESIAN_POINT ( 'NONE',  ( 1.250000000000000222, 0.6664761515876238551, -1.720000000000000862 ) ) ;
#6313 = EDGE_LOOP ( 'NONE', ( #3609, #8226, #5493, #5848 ) ) ;
#6314 = CARTESIAN_POINT ( 'NONE',  ( 1.999999999999999112, 0.000000000000000000, -0.1299999999999998934 ) ) ;
#6315 =( NAMED_UNIT ( * ) SI_UNIT ( $, .STERADIAN. ) SOLID_ANGLE_UNIT ( ) );
#6316 = AXIS2_PLACEMENT_3D ( 'NONE', #7570, #7401, #3467 ) ;
#6317 = ADVANCED_FACE ( 'NONE', ( #770 ), #3674, .F. ) ;
#6318 = DIRECTION ( 'NONE',  ( -1.000000000000000000, 0.000000000000000000, -0.000000000000000000 ) ) ;
#6319 = VECTOR ( 'NONE', #41, 1000.000000000000000 ) ;
#6320 = DIRECTION ( 'NONE',  ( 0.000000000000000000, 1.000000000000000000, 0.000000000000000000 ) ) ;
#6321 = CIRCLE ( 'NONE', #4514, 0.1199999999999998845 ) ;
#6322 = ADVANCED_FACE ( 'NONE', ( #6561 ), #6828, .F. ) ;
#6323 = VERTEX_POINT ( 'NONE', #5867 ) ;
#6324 = LINE ( 'NONE', #764, #6425 ) ;
#6325 = EDGE_CURVE ( 'NONE', #4460, #8349, #5963, .T. ) ;
#6326 = ORIENTED_EDGE ( 'NONE', *, *, #1878, .F. ) ;
#6327 = ORIENTED_EDGE ( 'NONE', *, *, #979, .F. ) ;
#6328 = CARTESIAN_POINT ( 'NONE',  ( 1.370000000000000107, 0.05000000000000000278, 0.000000000000000000 ) ) ;
#6329 = CARTESIAN_POINT ( 'NONE',  ( -1.249999999999999778, 0.04999999999999999584, -1.720000000000000862 ) ) ;
#6330 = CYLINDRICAL_SURFACE ( 'NONE', #7802, 0.1199999999999998845 ) ;
#6331 = CARTESIAN_POINT ( 'NONE',  ( 0.1300000000000003375, 0.6664761515876238551, -1.720000000000000862 ) ) ;
#6332 = MECHANICAL_DESIGN_GEOMETRIC_PRESENTATION_REPRESENTATION (  '', ( #3703 ), #2801 ) ;
#6333 =( LENGTH_UNIT ( ) NAMED_UNIT ( * ) SI_UNIT ( .MILLI., .METRE. ) );
#6334 = DIRECTION ( 'NONE',  ( -0.000000000000000000, -1.000000000000000000, -0.000000000000000000 ) ) ;
#6335 = ADVANCED_FACE ( 'NONE', ( #393 ), #2487, .F. ) ;
#6336 = VECTOR ( 'NONE', #1075, 1000.000000000000000 ) ;
#6337 = AXIS2_PLACEMENT_3D ( 'NONE', #5, #5757, #1717 ) ;
#6338 = EDGE_LOOP ( 'NONE', ( #5090, #515, #907, #1921 ) ) ;
#6339 = ORIENTED_EDGE ( 'NONE', *, *, #208, .F. ) ;
#6340 = AXIS2_PLACEMENT_3D ( 'NONE', #8011, #4736, #5403 ) ;
#6341 = EDGE_CURVE ( 'NONE', #8395, #137, #3089, .T. ) ;
#6342 = VERTEX_POINT ( 'NONE', #8561 ) ;
#6343 = AXIS2_PLACEMENT_3D ( 'NONE', #5196, #106, #2040 ) ;
#6344 = CARTESIAN_POINT ( 'NONE',  ( -0.6299999999999994493, 0.1999999999999999833, 1.720000000000000862 ) ) ;
#6345 = CARTESIAN_POINT ( 'NONE',  ( -1.719999999999998863, 0.000000000000000000, 0.1300000000000005596 ) ) ;
#6346 = CARTESIAN_POINT ( 'NONE',  ( -0.2499999999999993616, 0.04999999999999999584, 1.720000000000000862 ) ) ;
#6347 = CARTESIAN_POINT ( 'NONE',  ( 0.3700000000000005507, 0.6664761515876238551, 2.000000000000000888 ) ) ;
#6348 = FACE_OUTER_BOUND ( 'NONE', #5077, .T. ) ;
#6349 = DIRECTION ( 'NONE',  ( 0.000000000000000000, 0.000000000000000000, 1.000000000000000000 ) ) ;
#6350 = DIRECTION ( 'NONE',  ( -0.000000000000000000, 0.000000000000000000, 1.000000000000000000 ) ) ;
#6351 = EDGE_LOOP ( 'NONE', ( #4631, #4494, #1782, #4093 ) ) ;
#6352 = AXIS2_PLACEMENT_3D ( 'NONE', #7517, #832, #2169 ) ;
#6353 = STYLED_ITEM ( 'NONE', ( #6835 ), #472 ) ;
#6354 = EDGE_LOOP ( 'NONE', ( #4491, #2842, #7019, #7468 ) ) ;
#6355 = ORIENTED_EDGE ( 'NONE', *, *, #110, .F. ) ;
#6356 = EDGE_CURVE ( 'NONE', #172, #7350, #3266, .T. ) ;
#6357 = LINE ( 'NONE', #7967, #6336 ) ;
#6358 = VERTEX_POINT ( 'NONE', #4591 ) ;
#6359 = PLANE ( 'NONE',  #5332 ) ;
#6360 = VECTOR ( 'NONE', #7249, 1000.000000000000000 ) ;
#6361 = DIRECTION ( 'NONE',  ( 0.000000000000000000, 1.000000000000000000, 0.000000000000000000 ) ) ;
#6362 = FILL_AREA_STYLE_COLOUR ( '', #6049 ) ;
#6363 = AXIS2_PLACEMENT_3D ( 'NONE', #7233, #7769, #527 ) ;
#6364 = CARTESIAN_POINT ( 'NONE',  ( 1.149999999999999911, 0.000000000000000000, -1.249999999999999778 ) ) ;
#6365 = ORIENTED_EDGE ( 'NONE', *, *, #5288, .T. ) ;
#6366 = DIRECTION ( 'NONE',  ( 0.000000000000000000, 1.000000000000000000, 0.000000000000000000 ) ) ;
#6367 = DIRECTION ( 'NONE',  ( 0.000000000000000000, -1.000000000000000000, 0.000000000000000000 ) ) ;
#6368 = PLANE ( 'NONE',  #4789 ) ;
#6369 = FACE_OUTER_BOUND ( 'NONE', #6313, .T. ) ;
#6370 = DIRECTION ( 'NONE',  ( 0.000000000000000000, 1.000000000000000000, 0.000000000000000000 ) ) ;
#6371 = CARTESIAN_POINT ( 'NONE',  ( -1.719999999999998863, 0.6664761515876242992, -1.369999999999999662 ) ) ;
#6372 = ORIENTED_EDGE ( 'NONE', *, *, #7575, .F. ) ;
#6373 = UNCERTAINTY_MEASURE_WITH_UNIT (LENGTH_MEASURE( 1.000000000000000082E-05 ), #7492, 'distance_accuracy_value', 'NONE');
#6374 = EDGE_CURVE ( 'NONE', #1969, #3099, #253, .T. ) ;
#6375 = VERTEX_POINT ( 'NONE', #2546 ) ;
#6376 = EDGE_CURVE ( 'NONE', #4416, #1969, #3153, .T. ) ;
#6377 = CARTESIAN_POINT ( 'NONE',  ( 1.370000000000000107, 0.1999999999999999833, -2.000000000000000888 ) ) ;
#6378 = EDGE_CURVE ( 'NONE', #8419, #5485, #3310, .T. ) ;
#6379 = ADVANCED_FACE ( 'NONE', ( #3218 ), #7261, .F. ) ;
#6380 = VECTOR ( 'NONE', #2300, 1000.000000000000000 ) ;
#6381 = DIRECTION ( 'NONE',  ( 0.000000000000000000, 0.000000000000000000, -1.000000000000000000 ) ) ;
#6382 = DIRECTION ( 'NONE',  ( -1.000000000000000000, 0.000000000000000000, 0.000000000000000000 ) ) ;
#6383 = DIRECTION ( 'NONE',  ( 0.000000000000000000, 0.000000000000000000, -1.000000000000000000 ) ) ;
#6384 = ORIENTED_EDGE ( 'NONE', *, *, #3430, .F. ) ;
#6385 = CIRCLE ( 'NONE', #1676, 0.1199999999999998845 ) ;
#6386 = ADVANCED_FACE ( 'NONE', ( #364 ), #6249, .F. ) ;
#6387 = DIRECTION ( 'NONE',  ( -1.000000000000000000, 0.000000000000000000, -7.744301232039308793E-16 ) ) ;
#6388 = ORIENTED_EDGE ( 'NONE', *, *, #634, .F. ) ;
#6389 = LINE ( 'NONE', #3925, #3492 ) ;
#6390 = VERTEX_POINT ( 'NONE', #448 ) ;
#6391 = EDGE_CURVE ( 'NONE', #4105, #4295, #596, .T. ) ;
#6392 = EDGE_CURVE ( 'NONE', #3790, #3690, #613, .T. ) ;
#6393 = EDGE_CURVE ( 'NONE', #5951, #2855, #6389, .T. ) ;
#6394 = ORIENTED_EDGE ( 'NONE', *, *, #8181, .F. ) ;
#6395 = CARTESIAN_POINT ( 'NONE',  ( 1.999999999999999112, 0.1999999999999999833, -1.129999999999999893 ) ) ;
#6396 = ADVANCED_FACE ( 'NONE', ( #689 ), #6233, .F. ) ;
#6397 = DIRECTION ( 'NONE',  ( -1.000000000000000000, 0.000000000000000000, 7.744301232039308793E-16 ) ) ;
#6398 = DIRECTION ( 'NONE',  ( -1.000000000000000000, 0.000000000000000000, 0.000000000000000000 ) ) ;
#6399 = LINE ( 'NONE', #601, #636 ) ;
#6400 = CARTESIAN_POINT ( 'NONE',  ( 0.7500000000000006661, 0.000000000000000000, 1.600000000000000977 ) ) ;
#6401 = ORIENTED_EDGE ( 'NONE', *, *, #6564, .F. ) ;
#6402 = FACE_OUTER_BOUND ( 'NONE', #156, .T. ) ;
#6403 = EDGE_LOOP ( 'NONE', ( #1882, #3444, #2122, #5251 ) ) ;
#6404 = DIRECTION ( 'NONE',  ( 0.000000000000000000, 0.000000000000000000, 1.000000000000000000 ) ) ;
#6405 = EDGE_CURVE ( 'NONE', #1005, #3866, #624, .T. ) ;
#6406 = VERTEX_POINT ( 'NONE', #7737 ) ;
#6407 = FACE_OUTER_BOUND ( 'NONE', #1203, .T. ) ;
#6408 =( GEOMETRIC_REPRESENTATION_CONTEXT ( 3 ) GLOBAL_UNCERTAINTY_ASSIGNED_CONTEXT ( ( #1021 ) ) GLOBAL_UNIT_ASSIGNED_CONTEXT ( ( #2788, #6242, #255 ) ) REPRESENTATION_CONTEXT ( 'NONE', 'WORKASPACE' ) );
#6409 = VERTEX_POINT ( 'NONE', #3070 ) ;
#6410 = DIRECTION ( 'NONE',  ( 0.000000000000000000, 0.000000000000000000, 1.000000000000000000 ) ) ;
#6411 = CYLINDRICAL_SURFACE ( 'NONE', #7912, 0.1199999999999998845 ) ;
#6412 = VECTOR ( 'NONE', #3704, 1000.000000000000000 ) ;
#6413 = CARTESIAN_POINT ( 'NONE',  ( -1.249999999999999334, 0.2000000000000000111, 1.720000000000000862 ) ) ;
#6414 = CARTESIAN_POINT ( 'NONE',  ( 1.719999999999998863, 0.05000000000000002359, 0.6299999999999998934 ) ) ;
#6415 = DIRECTION ( 'NONE',  ( 0.000000000000000000, 0.000000000000000000, 1.000000000000000000 ) ) ;
#6416 = CARTESIAN_POINT ( 'NONE',  ( -1.719999999999998863, 0.6664761515876242992, 0.3700000000000001066 ) ) ;
#6417 = CYLINDRICAL_SURFACE ( 'NONE', #4701, 0.1199999999999998845 ) ;
#6418 = ORIENTED_EDGE ( 'NONE', *, *, #4686, .F. ) ;
#6419 = EDGE_CURVE ( 'NONE', #8065, #1442, #6466, .T. ) ;
#6420 = FACE_OUTER_BOUND ( 'NONE', #7410, .T. ) ;
#6421 = AXIS2_PLACEMENT_3D ( 'NONE', #3228, #4652, #5365 ) ;
#6422 = ORIENTED_EDGE ( 'NONE', *, *, #1481, .F. ) ;
#6423 = LINE ( 'NONE', #2227, #595 ) ;
#6424 = AXIS2_PLACEMENT_3D ( 'NONE', #107, #8044, #8102 ) ;
#6425 = VECTOR ( 'NONE', #874, 1000.000000000000000 ) ;
#6426 = CARTESIAN_POINT ( 'NONE',  ( -1.999999999999999112, 0.1999999999999996503, 0.3700000000000003286 ) ) ;
#6427 = LINE ( 'NONE', #7150, #3632 ) ;
#6428 = PRESENTATION_LAYER_ASSIGNMENT (  '', '', ( #7893 ) ) ;
#6429 = CARTESIAN_POINT ( 'NONE',  ( 1.250000000000000222, 0.000000000000000000, -1.720000000000000862 ) ) ;
#6430 = CARTESIAN_POINT ( 'NONE',  ( -0.7499999999999993339, 0.6664761515876238551, 1.720000000000000862 ) ) ;
#6431 = CARTESIAN_POINT ( 'NONE',  ( 2.000000000000000888, 0.1999999999999996503, -1.370000000000000107 ) ) ;
#6432 =( LENGTH_UNIT ( ) NAMED_UNIT ( * ) SI_UNIT ( .MILLI., .METRE. ) );
#6433 = ORIENTED_EDGE ( 'NONE', *, *, #1284, .F. ) ;
#6434 = DIRECTION ( 'NONE',  ( 0.000000000000000000, 0.000000000000000000, -1.000000000000000000 ) ) ;
#6435 = VECTOR ( 'NONE', #5496, 1000.000000000000000 ) ;
#6436 = DIRECTION ( 'NONE',  ( 0.000000000000000000, 0.000000000000000000, 1.000000000000000000 ) ) ;
#6437 = VERTEX_POINT ( 'NONE', #1077 ) ;
#6438 = LINE ( 'NONE', #1916, #3380 ) ;
#6439 = EDGE_CURVE ( 'NONE', #4064, #8597, #6237, .T. ) ;
#6440 = ORIENTED_EDGE ( 'NONE', *, *, #3837, .T. ) ;
#6441 = AXIS2_PLACEMENT_3D ( 'NONE', #881, #371, #4915 ) ;
#6442 = ADVANCED_FACE ( 'NONE', ( #3507 ), #640, .T. ) ;
#6443 = LINE ( 'NONE', #776, #3702 ) ;
#6444 = VECTOR ( 'NONE', #7498, 1000.000000000000000 ) ;
#6445 = ORIENTED_EDGE ( 'NONE', *, *, #6031, .F. ) ;
#6446 = DIRECTION ( 'NONE',  ( 1.000000000000000000, 0.000000000000000000, -7.744301232039308793E-16 ) ) ;
#6447 = EDGE_CURVE ( 'NONE', #5645, #6600, #6324, .T. ) ;
#6448 = CARTESIAN_POINT ( 'NONE',  ( -1.719999999999998863, 0.6664761515876242992, -1.249999999999999556 ) ) ;
#6449 = DIRECTION ( 'NONE',  ( -0.000000000000000000, -1.000000000000000000, -0.000000000000000000 ) ) ;
#6450 = CARTESIAN_POINT ( 'NONE',  ( -1.129999999999999449, 0.2000000000000000111, 2.000000000000000888 ) ) ;
#6451 = LINE ( 'NONE', #2269, #878 ) ;
#6452 = ADVANCED_FACE ( 'NONE', ( #3522 ), #6090, .F. ) ;
#6453 = DIRECTION ( 'NONE',  ( 0.000000000000000000, -1.000000000000000000, 0.000000000000000000 ) ) ;
#6454 = PLANE ( 'NONE',  #7343 ) ;
#6455 = ORIENTED_EDGE ( 'NONE', *, *, #9, .T. ) ;
#6456 = DIRECTION ( 'NONE',  ( -0.000000000000000000, -1.000000000000000000, -0.000000000000000000 ) ) ;
#6457 = CIRCLE ( 'NONE', #5960, 0.1666666649999999361 ) ;
#6458 = LINE ( 'NONE', #4237, #3358 ) ;
#6459 = ORIENTED_EDGE ( 'NONE', *, *, #5461, .F. ) ;
#6460 = ADVANCED_FACE ( 'NONE', ( #6402 ), #6201, .T. ) ;
#6461 = AXIS2_PLACEMENT_3D ( 'NONE', #7881, #8601, #2130 ) ;
#6462 = CARTESIAN_POINT ( 'NONE',  ( 1.719999999999998863, 0.000000000000000000, -0.8700000000000001066 ) ) ;
#6463 = ORIENTED_EDGE ( 'NONE', *, *, #5871, .F. ) ;
#6464 = CARTESIAN_POINT ( 'NONE',  ( 1.149999999999999911, 0.000000000000000000, 1.150000000000000355 ) ) ;
#6465 = LINE ( 'NONE', #5534, #727 ) ;
#6466 = LINE ( 'NONE', #496, #544 ) ;
#6467 =( NAMED_UNIT ( * ) SI_UNIT ( $, .STERADIAN. ) SOLID_ANGLE_UNIT ( ) );
#6468 = ORIENTED_EDGE ( 'NONE', *, *, #3079, .T. ) ;
#6469 = CARTESIAN_POINT ( 'NONE',  ( 1.719999999999998863, 0.6664761515876242992, -0.7500000000000002220 ) ) ;
#6470 = CARTESIAN_POINT ( 'NONE',  ( -1.249999999999999778, 0.2000000000000000111, -1.720000000000000862 ) ) ;
#6471 = EDGE_CURVE ( 'NONE', #5903, #214, #6482, .T. ) ;
#6472 = DIRECTION ( 'NONE',  ( 0.000000000000000000, -1.000000000000000000, 0.000000000000000000 ) ) ;
#6473 = LINE ( 'NONE', #5321, #719 ) ;
#6474 = CARTESIAN_POINT ( 'NONE',  ( 1.130000000000000782, 0.6664761515876238551, 2.000000000000000888 ) ) ;
#6475 = VECTOR ( 'NONE', #4753, 1000.000000000000000 ) ;
#6476 = ORIENTED_EDGE ( 'NONE', *, *, #1756, .T. ) ;
#6477 = EDGE_CURVE ( 'NONE', #2692, #5309, #36, .T. ) ;
#6478 = EDGE_CURVE ( 'NONE', #8414, #7142, #8594, .T. ) ;
#6479 = FACE_BOUND ( 'NONE', #8555, .T. ) ;
#6480 = EDGE_CURVE ( 'NONE', #5350, #3965, #5763, .T. ) ;
#6481 = ORIENTED_EDGE ( 'NONE', *, *, #7905, .T. ) ;
#6482 = LINE ( 'NONE', #5545, #728 ) ;
#6483 = ORIENTED_EDGE ( 'NONE', *, *, #7634, .T. ) ;
#6484 = DIRECTION ( 'NONE',  ( 0.000000000000000000, -1.000000000000000000, 0.000000000000000000 ) ) ;
#6485 = VECTOR ( 'NONE', #4429, 1000.000000000000000 ) ;
#6486 =( LENGTH_UNIT ( ) NAMED_UNIT ( * ) SI_UNIT ( .MILLI., .METRE. ) );
#6487 = DIRECTION ( 'NONE',  ( 0.000000000000000000, 1.000000000000000000, 0.000000000000000000 ) ) ;
#6488 = FACE_OUTER_BOUND ( 'NONE', #3315, .T. ) ;
#6489 = VERTEX_POINT ( 'NONE', #4806 ) ;
#6490 = CARTESIAN_POINT ( 'NONE',  ( -1.999999999999999112, 0.1999999999999996503, -1.129999999999999893 ) ) ;
#6491 = VECTOR ( 'NONE', #4979, 1000.000000000000000 ) ;
#6492 = CARTESIAN_POINT ( 'NONE',  ( -1.250000000000000000, 0.2000000000000000944, -1.250000000000000222 ) ) ;
#6493 = EDGE_CURVE ( 'NONE', #8294, #7990, #19, .T. ) ;
#6494 = VERTEX_POINT ( 'NONE', #1979 ) ;
#6495 = FACE_OUTER_BOUND ( 'NONE', #8319, .T. ) ;
#6496 = LINE ( 'NONE', #8012, #6510 ) ;
#6497 = VERTEX_POINT ( 'NONE', #4046 ) ;
#6498 = ORIENTED_EDGE ( 'NONE', *, *, #8087, .F. ) ;
#6499 = FACE_OUTER_BOUND ( 'NONE', #2331, .T. ) ;
#6500 = LINE ( 'NONE', #4427, #6185 ) ;
#6501 = ORIENTED_EDGE ( 'NONE', *, *, #2467, .F. ) ;
#6502 = CARTESIAN_POINT ( 'NONE',  ( -0.3699999999999992184, 0.2000000000000000111, 2.000000000000000888 ) ) ;
#6503 = DIRECTION ( 'NONE',  ( 0.000000000000000000, 1.000000000000000000, 0.000000000000000000 ) ) ;
#6504 = LINE ( 'NONE', #3558, #3531 ) ;
#6505 = CARTESIAN_POINT ( 'NONE',  ( -0.1299999999999998934, 0.1999999999999999833, -1.720000000000000862 ) ) ;
#6506 = DIRECTION ( 'NONE',  ( 0.000000000000000000, 0.000000000000000000, -1.000000000000000000 ) ) ;
#6507 = DIRECTION ( 'NONE',  ( -0.000000000000000000, -1.000000000000000000, -0.000000000000000000 ) ) ;
#6508 = ORIENTED_EDGE ( 'NONE', *, *, #3251, .F. ) ;
#6509 = CARTESIAN_POINT ( 'NONE',  ( 0.2500000000000006661, 0.2000000000000000111, 1.600000000000000977 ) ) ;
#6510 = VECTOR ( 'NONE', #1362, 1000.000000000000000 ) ;
#6511 = EDGE_CURVE ( 'NONE', #7189, #1452, #65, .T. ) ;
#6512 = EDGE_LOOP ( 'NONE', ( #1120, #4444, #2878, #1388 ) ) ;
#6513 = CARTESIAN_POINT ( 'NONE',  ( 1.130000000000000338, 0.000000000000000000, -1.720000000000000862 ) ) ;
#6514 = ADVANCED_FACE ( 'NONE', ( #52 ), #7385, .F. ) ;
#6515 = ORIENTED_EDGE ( 'NONE', *, *, #534, .F. ) ;
#6516 = AXIS2_PLACEMENT_3D ( 'NONE', #2554, #5194, #556 ) ;
#6517 = VECTOR ( 'NONE', #3514, 1000.000000000000000 ) ;
#6518 = ORIENTED_EDGE ( 'NONE', *, *, #3181, .F. ) ;
#6519 = COLOUR_RGB ( '',0.7921568627450980005, 0.8196078431372548767, 0.9333333333333333481 ) ;
#6520 = PRESENTATION_LAYER_ASSIGNMENT (  '', '', ( #3017 ) ) ;
#6521 = CARTESIAN_POINT ( 'NONE',  ( 1.719999999999998863, 0.6664761515876242992, 0.8700000000000001066 ) ) ;
#6522 = ORIENTED_EDGE ( 'NONE', *, *, #1582, .F. ) ;
#6523 = PLANE ( 'NONE',  #6875 ) ;
#6524 = CARTESIAN_POINT ( 'NONE',  ( 2.000000000000000888, 0.05000000000000000278, 1.999999999999999112 ) ) ;
#6525 =( NAMED_UNIT ( * ) PLANE_ANGLE_UNIT ( ) SI_UNIT ( $, .RADIAN. ) );
#6526 = EDGE_LOOP ( 'NONE', ( #4432, #1628, #5884, #2828 ) ) ;
#6527 = CARTESIAN_POINT ( 'NONE',  ( 1.719999999999998863, 0.1999999999999999833, -1.129999999999999893 ) ) ;
#6528 = PLANE ( 'NONE',  #8565 ) ;
#6529 = DIRECTION ( 'NONE',  ( -0.000000000000000000, -1.000000000000000000, -0.000000000000000000 ) ) ;
#6530 = VERTEX_POINT ( 'NONE', #6726 ) ;
#6531 = VECTOR ( 'NONE', #62, 1000.000000000000000 ) ;
#6532 = AXIS2_PLACEMENT_3D ( 'NONE', #6664, #4650, #8028 ) ;
#6533 = EDGE_CURVE ( 'NONE', #5055, #5645, #5751, .T. ) ;
#6534 = DIRECTION ( 'NONE',  ( 0.000000000000000000, -0.000000000000000000, 1.000000000000000000 ) ) ;
#6535 = VECTOR ( 'NONE', #6740, 1000.000000000000000 ) ;
#6536 = ORIENTED_EDGE ( 'NONE', *, *, #176, .F. ) ;
#6537 = AXIS2_PLACEMENT_3D ( 'NONE', #5256, #7916, #663 ) ;
#6538 = ADVANCED_FACE ( 'NONE', ( #2899 ), #4758, .T. ) ;
#6539 = LINE ( 'NONE', #6919, #3653 ) ;
#6540 = ORIENTED_EDGE ( 'NONE', *, *, #1665, .F. ) ;
#6541 = AXIS2_PLACEMENT_3D ( 'NONE', #6329, #7677, #8361 ) ;
#6542 = AXIS2_PLACEMENT_3D ( 'NONE', #6702, #5399, #2004 ) ;
#6543 = ORIENTED_EDGE ( 'NONE', *, *, #368, .T. ) ;
#6544 = SURFACE_STYLE_USAGE ( .BOTH. , #1966 ) ;
#6545 = VERTEX_POINT ( 'NONE', #6027 ) ;
#6546 = LINE ( 'NONE', #8511, #3729 ) ;
#6547 = DIRECTION ( 'NONE',  ( 1.000000000000000000, -0.000000000000000000, -1.084202172485504434E-16 ) ) ;
#6548 = PLANE ( 'NONE',  #2930 ) ;
#6549 = DIRECTION ( 'NONE',  ( -1.000000000000000000, 0.000000000000000000, -0.000000000000000000 ) ) ;
#6550 =( NAMED_UNIT ( * ) SI_UNIT ( $, .STERADIAN. ) SOLID_ANGLE_UNIT ( ) );
#6551 = LINE ( 'NONE', #717, #792 ) ;
#6552 = VERTEX_POINT ( 'NONE', #5369 ) ;
#6553 = EDGE_CURVE ( 'NONE', #1479, #1879, #5718, .T. ) ;
#6554 = PLANE ( 'NONE',  #70 ) ;
#6555 = DIRECTION ( 'NONE',  ( 0.000000000000000000, 0.000000000000000000, -1.000000000000000000 ) ) ;
#6556 = DIRECTION ( 'NONE',  ( 0.000000000000000000, 0.000000000000000000, 1.000000000000000000 ) ) ;
#6557 = PRESENTATION_STYLE_ASSIGNMENT (( #2871 ) ) ;
#6558 = PLANE ( 'NONE',  #2593 ) ;
#6559 = CARTESIAN_POINT ( 'NONE',  ( 0.000000000000000000, 0.05000000000000000278, -1.129999999999999893 ) ) ;
#6560 = ORIENTED_EDGE ( 'NONE', *, *, #1904, .T. ) ;
#6561 = FACE_OUTER_BOUND ( 'NONE', #5285, .T. ) ;
#6562 = AXIS2_PLACEMENT_3D ( 'NONE', #1445, #2791, #6349 ) ;
#6563 = ORIENTED_EDGE ( 'NONE', *, *, #2668, .F. ) ;
#6564 = EDGE_CURVE ( 'NONE', #6195, #7487, #8546, .T. ) ;
#6565 = ORIENTED_EDGE ( 'NONE', *, *, #6392, .F. ) ;
#6566 = VECTOR ( 'NONE', #2018, 1000.000000000000000 ) ;
#6567 = LINE ( 'NONE', #2261, #6444 ) ;
#6568 = ORIENTED_EDGE ( 'NONE', *, *, #3002, .F. ) ;
#6569 = EDGE_CURVE ( 'NONE', #4670, #7605, #2760, .T. ) ;
#6570 = DIRECTION ( 'NONE',  ( -0.000000000000000000, 1.000000000000000000, -0.000000000000000000 ) ) ;
#6571 = DIRECTION ( 'NONE',  ( 0.000000000000000000, 0.000000000000000000, -1.000000000000000000 ) ) ;
#6572 = VECTOR ( 'NONE', #7082, 1000.000000000000000 ) ;
#6573 = CARTESIAN_POINT ( 'NONE',  ( 0.1300000000000003375, 0.2000000000000000111, -1.720000000000000862 ) ) ;
#6574 = CARTESIAN_POINT ( 'NONE',  ( -0.3699999999999996625, 0.000000000000000000, -1.720000000000000862 ) ) ;
#6575 = CARTESIAN_POINT ( 'NONE',  ( 0.3700000000000005507, 0.2000000000000000111, 2.000000000000000888 ) ) ;
#6576 = ORIENTED_EDGE ( 'NONE', *, *, #1999, .T. ) ;
#6577 = CARTESIAN_POINT ( 'NONE',  ( -0.2499999999999993616, 0.2000000000000000111, 1.720000000000000862 ) ) ;
#6578 = DIRECTION ( 'NONE',  ( 1.000000000000000000, 0.000000000000000000, 0.000000000000000000 ) ) ;
#6579 = ORIENTED_EDGE ( 'NONE', *, *, #231, .F. ) ;
#6580 = LINE ( 'NONE', #3185, #6485 ) ;
#6581 = LINE ( 'NONE', #6766, #1058 ) ;
#6582 = VERTEX_POINT ( 'NONE', #264 ) ;
#6583 = UNCERTAINTY_MEASURE_WITH_UNIT (LENGTH_MEASURE( 1.000000000000000082E-05 ), #3384, 'distance_accuracy_value', 'NONE');
#6584 = VECTOR ( 'NONE', #8151, 1000.000000000000000 ) ;
#6585 = ORIENTED_EDGE ( 'NONE', *, *, #947, .F. ) ;
#6586 = DIRECTION ( 'NONE',  ( 0.000000000000000000, 0.000000000000000000, -1.000000000000000000 ) ) ;
#6587 = CYLINDRICAL_SURFACE ( 'NONE', #5323, 0.1199999999999998845 ) ;
#6588 = DIRECTION ( 'NONE',  ( 0.000000000000000000, 0.000000000000000000, -1.000000000000000000 ) ) ;
#6589 = CARTESIAN_POINT ( 'NONE',  ( -1.719999999999998863, 0.6664761515876242992, -0.6299999999999998934 ) ) ;
#6590 = DIRECTION ( 'NONE',  ( 1.000000000000000000, -0.000000000000000000, 0.000000000000000000 ) ) ;
#6591 = EDGE_CURVE ( 'NONE', #4501, #3790, #2821, .T. ) ;
#6592 = DIRECTION ( 'NONE',  ( -1.000000000000000000, 0.000000000000000000, -0.000000000000000000 ) ) ;
#6593 = ADVANCED_FACE ( 'NONE', ( #7 ), #5966, .T. ) ;
#6594 = EDGE_CURVE ( 'NONE', #5529, #6390, #56, .T. ) ;
#6595 = LINE ( 'NONE', #7035, #909 ) ;
#6596 = PLANE ( 'NONE',  #1046 ) ;
#6597 = EDGE_CURVE ( 'NONE', #239, #7955, #5803, .T. ) ;
#6598 = VERTEX_POINT ( 'NONE', #8451 ) ;
#6599 = LINE ( 'NONE', #2994, #3760 ) ;
#6600 = VERTEX_POINT ( 'NONE', #1626 ) ;
#6601 = DIRECTION ( 'NONE',  ( 0.000000000000000000, 0.000000000000000000, -1.000000000000000000 ) ) ;
#6602 = CARTESIAN_POINT ( 'NONE',  ( 1.719999999999998863, 0.6664761515876242992, -0.3700000000000001066 ) ) ;
#6603 = LINE ( 'NONE', #7853, #3565 ) ;
#6604 = CARTESIAN_POINT ( 'NONE',  ( 1.719999999999998863, 0.6664761515876242992, -1.370000000000000107 ) ) ;
#6605 = DIRECTION ( 'NONE',  ( -1.000000000000000000, 0.000000000000000000, 0.000000000000000000 ) ) ;
#6606 = CARTESIAN_POINT ( 'NONE',  ( 0.7500000000000006661, 0.2000000000000000111, 1.720000000000000862 ) ) ;
#6607 = ORIENTED_EDGE ( 'NONE', *, *, #8289, .F. ) ;
#6608 = PLANE ( 'NONE',  #7672 ) ;
#6609 = ADVANCED_FACE ( 'NONE', ( #189 ), #5607, .F. ) ;
#6610 = DIRECTION ( 'NONE',  ( 0.000000000000000000, 1.000000000000000000, 0.000000000000000000 ) ) ;
#6611 = DIRECTION ( 'NONE',  ( -0.000000000000000000, -0.000000000000000000, 1.000000000000000000 ) ) ;
#6612 = VECTOR ( 'NONE', #220, 1000.000000000000000 ) ;
#6613 = AXIS2_PLACEMENT_3D ( 'NONE', #1566, #810, #7551 ) ;
#6614 = DIRECTION ( 'NONE',  ( 0.000000000000000000, 0.000000000000000000, -1.000000000000000000 ) ) ;
#6615 = CLOSED_SHELL ( 'NONE', ( #8435, #4925, #2486, #7932, #5293, #2476, #7864 ) ) ;
#6616 = FACE_OUTER_BOUND ( 'NONE', #2823, .T. ) ;
#6617 = LINE ( 'NONE', #3156, #3893 ) ;
#6618 = ORIENTED_EDGE ( 'NONE', *, *, #4767, .F. ) ;
#6619 = EDGE_CURVE ( 'NONE', #4071, #404, #205, .T. ) ;
#6620 = DIRECTION ( 'NONE',  ( 0.000000000000000000, -1.000000000000000000, 0.000000000000000000 ) ) ;
#6621 = CARTESIAN_POINT ( 'NONE',  ( 1.149999999999999911, 3.735533905932738374, 1.150000000000000133 ) ) ;
#6622 = CARTESIAN_POINT ( 'NONE',  ( 0.6300000000000003375, 0.2000000000000000111, -1.720000000000000862 ) ) ;
#6623 = CIRCLE ( 'NONE', #7425, 0.1199999999999998845 ) ;
#6624 = CARTESIAN_POINT ( 'NONE',  ( -0.2499999999999993616, 0.000000000000000000, 1.720000000000000862 ) ) ;
#6625 = PLANE ( 'NONE',  #5661 ) ;
#6626 = CARTESIAN_POINT ( 'NONE',  ( -1.636363636363635132, 1.000000000000000000, -1.636363636363636909 ) ) ;
#6627 = VERTEX_POINT ( 'NONE', #3090 ) ;
#6628 = DIRECTION ( 'NONE',  ( 0.000000000000000000, 0.000000000000000000, -1.000000000000000000 ) ) ;
#6629 = VECTOR ( 'NONE', #2007, 1000.000000000000000 ) ;
#6630 = ORIENTED_EDGE ( 'NONE', *, *, #454, .T. ) ;
#6631 = DIRECTION ( 'NONE',  ( -1.000000000000000000, 0.000000000000000000, -0.000000000000000000 ) ) ;
#6632 = LINE ( 'NONE', #87, #6566 ) ;
#6633 = AXIS2_PLACEMENT_3D ( 'NONE', #3104, #4453, #8470 ) ;
#6634 = VECTOR ( 'NONE', #580, 1000.000000000000000 ) ;
#6635 = VERTEX_POINT ( 'NONE', #2508 ) ;
#6636 = DIRECTION ( 'NONE',  ( 0.000000000000000000, 1.000000000000000000, 0.000000000000000000 ) ) ;
#6637 = VERTEX_POINT ( 'NONE', #7705 ) ;
#6638 = AXIS2_PLACEMENT_3D ( 'NONE', #3801, #7375, #4698 ) ;
#6639 = CARTESIAN_POINT ( 'NONE',  ( 1.149999999999999911, 0.2000000000000000944, -1.249999999999999778 ) ) ;
#6640 = EDGE_CURVE ( 'NONE', #2563, #5488, #5188, .T. ) ;
#6641 = DIRECTION ( 'NONE',  ( -0.000000000000000000, 0.000000000000000000, 1.000000000000000000 ) ) ;
#6642 = CARTESIAN_POINT ( 'NONE',  ( 1.719999999999998863, 0.1999999999999999833, 0.2499999999999997780 ) ) ;
#6643 = ADVANCED_FACE ( 'NONE', ( #8041 ), #2983, .F. ) ;
#6644 = ORIENTED_EDGE ( 'NONE', *, *, #1611, .F. ) ;
#6645 = DIRECTION ( 'NONE',  ( 0.000000000000000000, 1.000000000000000000, 0.000000000000000000 ) ) ;
#6646 = DIRECTION ( 'NONE',  ( 0.000000000000000000, 0.000000000000000000, -1.000000000000000000 ) ) ;
#6647 = CARTESIAN_POINT ( 'NONE',  ( 0.7500000000000006661, 0.2000000000000000111, 1.720000000000000862 ) ) ;
#6648 = LINE ( 'NONE', #7984, #6531 ) ;
#6649 = DIRECTION ( 'NONE',  ( -7.744301232039308793E-16, 0.000000000000000000, 1.000000000000000000 ) ) ;
#6650 = AXIS2_PLACEMENT_3D ( 'NONE', #4832, #6114, #4015 ) ;
#6651 = FACE_OUTER_BOUND ( 'NONE', #1905, .T. ) ;
#6652 = ORIENTED_EDGE ( 'NONE', *, *, #5539, .F. ) ;
#6653 = AXIS2_PLACEMENT_3D ( 'NONE', #550, #2545, #7784 ) ;
#6654 = VECTOR ( 'NONE', #6087, 1000.000000000000000 ) ;
#6655 = ORIENTED_EDGE ( 'NONE', *, *, #658, .T. ) ;
#6656 = EDGE_CURVE ( 'NONE', #7712, #4949, #4003, .T. ) ;
#6657 = DIRECTION ( 'NONE',  ( 1.000000000000000000, 0.000000000000000000, 0.000000000000000000 ) ) ;
#6658 = CARTESIAN_POINT ( 'NONE',  ( -0.3699999999999996625, 0.6664761515876238551, -1.720000000000000862 ) ) ;
#6659 = ADVANCED_FACE ( 'NONE', ( #7982 ), #3823, .F. ) ;
#6660 = CIRCLE ( 'NONE', #6352, 0.1199999999999998845 ) ;
#6661 = DIRECTION ( 'NONE',  ( 0.000000000000000000, -1.000000000000000000, 0.000000000000000000 ) ) ;
#6662 = CARTESIAN_POINT ( 'NONE',  ( -1.719999999999998863, 0.1999999999999999833, -0.1299999999999998934 ) ) ;
#6663 = CARTESIAN_POINT ( 'NONE',  ( -0.7499999999999993339, 0.000000000000000000, 1.720000000000000862 ) ) ;
#6664 = CARTESIAN_POINT ( 'NONE',  ( 1.149999999999999911, 0.2000000000000000944, -1.149999999999999689 ) ) ;
#6665 = VECTOR ( 'NONE', #4684, 1000.000000000000000 ) ;
#6666 = ORIENTED_EDGE ( 'NONE', *, *, #2735, .T. ) ;
#6667 = DIRECTION ( 'NONE',  ( 0.000000000000000000, 0.000000000000000000, 1.000000000000000000 ) ) ;
#6668 = PLANE ( 'NONE',  #4140 ) ;
#6669 = CARTESIAN_POINT ( 'NONE',  ( 2.000000000000000888, 0.05000000000000000278, 1.999999999999999112 ) ) ;
#6670 = EDGE_CURVE ( 'NONE', #5696, #2341, #5114, .T. ) ;
#6671 = MANIFOLD_SOLID_BREP ( 'LPattern3[3]', #958 ) ;
#6672 = DIRECTION ( 'NONE',  ( 0.000000000000000000, 0.000000000000000000, 1.000000000000000000 ) ) ;
#6673 = EDGE_LOOP ( 'NONE', ( #4825, #6110, #7991, #1897 ) ) ;
#6674 = EDGE_CURVE ( 'NONE', #582, #8056, #5152, .T. ) ;
#6675 = VECTOR ( 'NONE', #5385, 1000.000000000000000 ) ;
#6676 = FACE_OUTER_BOUND ( 'NONE', #5627, .T. ) ;
#6677 = VERTEX_POINT ( 'NONE', #8282 ) ;
#6678 = CARTESIAN_POINT ( 'NONE',  ( 1.999999999999999112, 0.6664761515876242992, -0.1299999999999998934 ) ) ;
#6679 = PLANE ( 'NONE',  #6248 ) ;
#6680 = CARTESIAN_POINT ( 'NONE',  ( -0.1299999999999994771, 0.2000000000000000111, 1.720000000000000862 ) ) ;
#6681 = LINE ( 'NONE', #1171, #6709 ) ;
#6682 = DIRECTION ( 'NONE',  ( 0.000000000000000000, 1.000000000000000000, 0.000000000000000000 ) ) ;
#6683 = CARTESIAN_POINT ( 'NONE',  ( -1.636363636363635132, 0.9000000000000000222, -1.636363636363636909 ) ) ;
#6684 = EDGE_CURVE ( 'NONE', #3312, #4294, #8039, .T. ) ;
#6685 = ORIENTED_EDGE ( 'NONE', *, *, #7951, .T. ) ;
#6686 = DIRECTION ( 'NONE',  ( 0.000000000000000000, 0.000000000000000000, -1.000000000000000000 ) ) ;
#6687 = ORIENTED_EDGE ( 'NONE', *, *, #7344, .T. ) ;
#6688 = CARTESIAN_POINT ( 'NONE',  ( -1.719999999999998863, 0.000000000000000000, -1.369999999999999440 ) ) ;
#6689 = UNCERTAINTY_MEASURE_WITH_UNIT (LENGTH_MEASURE( 1.000000000000000082E-05 ), #8059, 'distance_accuracy_value', 'NONE');
#6690 = LINE ( 'NONE', #166, #6675 ) ;
#6691 = LINE ( 'NONE', #8165, #3821 ) ;
#6692 = VERTEX_POINT ( 'NONE', #8330 ) ;
#6693 = EDGE_CURVE ( 'NONE', #8389, #3041, #7956, .T. ) ;
#6694 = VECTOR ( 'NONE', #5897, 1000.000000000000000 ) ;
#6695 = EDGE_CURVE ( 'NONE', #6637, #8036, #2315, .T. ) ;
#6696 =( NAMED_UNIT ( * ) SI_UNIT ( $, .STERADIAN. ) SOLID_ANGLE_UNIT ( ) );
#6697 = ORIENTED_EDGE ( 'NONE', *, *, #6952, .T. ) ;
#6698 = DIRECTION ( 'NONE',  ( -0.000000000000000000, -1.000000000000000000, -0.000000000000000000 ) ) ;
#6699 = SURFACE_STYLE_USAGE ( .BOTH. , #2704 ) ;
#6700 = CARTESIAN_POINT ( 'NONE',  ( -1.999999999999999112, 0.05000000000000000278, 1.999999999999999556 ) ) ;
#6701 = ORIENTED_EDGE ( 'NONE', *, *, #7628, .T. ) ;
#6702 = CARTESIAN_POINT ( 'NONE',  ( -0.7499999999999993339, 0.2000000000000000111, 1.720000000000000862 ) ) ;
#6703 = DIRECTION ( 'NONE',  ( 0.000000000000000000, 1.000000000000000000, 0.000000000000000000 ) ) ;
#6704 = LINE ( 'NONE', #457, #6830 ) ;
#6705 = CARTESIAN_POINT ( 'NONE',  ( -0.8699999999999996625, 0.000000000000000000, -2.000000000000000888 ) ) ;
#6706 = CARTESIAN_POINT ( 'NONE',  ( -1.719999999999998863, 0.1999999999999999833, 1.370000000000000107 ) ) ;
#6707 = COLOUR_RGB ( '',0.7921568627450980005, 0.8196078431372548767, 0.9333333333333333481 ) ;
#6708 = ORIENTED_EDGE ( 'NONE', *, *, #998, .T. ) ;
#6709 = VECTOR ( 'NONE', #7816, 1000.000000000000000 ) ;
#6710 = ORIENTED_EDGE ( 'NONE', *, *, #6107, .T. ) ;
#6711 = ADVANCED_FACE ( 'NONE', ( #8141, #2285 ), #7754, .F. ) ;
#6712 = EDGE_CURVE ( 'NONE', #297, #3049, #2296, .T. ) ;
#6713 = CARTESIAN_POINT ( 'NONE',  ( -0.6299999999999994493, 0.000000000000000000, 2.000000000000000888 ) ) ;
#6714 = ORIENTED_EDGE ( 'NONE', *, *, #6480, .F. ) ;
#6715 = LINE ( 'NONE', #5540, #4045 ) ;
#6716 = DIRECTION ( 'NONE',  ( 0.000000000000000000, 1.000000000000000000, 0.000000000000000000 ) ) ;
#6717 =( GEOMETRIC_REPRESENTATION_CONTEXT ( 3 ) GLOBAL_UNCERTAINTY_ASSIGNED_CONTEXT ( ( #6078 ) ) GLOBAL_UNIT_ASSIGNED_CONTEXT ( ( #6333, #7009, #7679 ) ) REPRESENTATION_CONTEXT ( 'NONE', 'WORKASPACE' ) );
#6718 = MANIFOLD_SOLID_BREP ( 'Fillet2', #6247 ) ;
#6719 = DIRECTION ( 'NONE',  ( 0.000000000000000000, 1.000000000000000000, 0.000000000000000000 ) ) ;
#6720 = CARTESIAN_POINT ( 'NONE',  ( -1.249999999999999778, 0.000000000000000000, -1.720000000000000862 ) ) ;
#6721 = LINE ( 'NONE', #6156, #6862 ) ;
#6722 = ORIENTED_EDGE ( 'NONE', *, *, #475, .F. ) ;
#6723 = CARTESIAN_POINT ( 'NONE',  ( -0.7499999999999993339, 0.2000000000000000111, 1.720000000000000862 ) ) ;
#6724 = DIRECTION ( 'NONE',  ( 0.000000000000000000, 1.000000000000000000, 0.000000000000000000 ) ) ;
#6725 = LINE ( 'NONE', #631, #1072 ) ;
#6726 = CARTESIAN_POINT ( 'NONE',  ( 1.999999999999999112, 0.000000000000000000, 0.8700000000000001066 ) ) ;
#6727 = ORIENTED_EDGE ( 'NONE', *, *, #3712, .F. ) ;
#6728 = ORIENTED_EDGE ( 'NONE', *, *, #4546, .T. ) ;
#6729 = EDGE_CURVE ( 'NONE', #3219, #1111, #5244, .T. ) ;
#6730 = ADVANCED_FACE ( 'NONE', ( #7976 ), #6106, .T. ) ;
#6731 = LINE ( 'NONE', #1094, #3876 ) ;
#6732 = FACE_OUTER_BOUND ( 'NONE', #5680, .T. ) ;
#6733 = VECTOR ( 'NONE', #6367, 1000.000000000000000 ) ;
#6734 = EDGE_LOOP ( 'NONE', ( #7568, #7805, #5182, #5181 ) ) ;
#6735 = MECHANICAL_DESIGN_GEOMETRIC_PRESENTATION_REPRESENTATION (  '', ( #1655 ), #4704 ) ;
#6736 = CARTESIAN_POINT ( 'NONE',  ( -0.6299999999999998934, 0.2000000000000000111, -1.720000000000000862 ) ) ;
#6737 = DIRECTION ( 'NONE',  ( 0.000000000000000000, -0.000000000000000000, 1.000000000000000000 ) ) ;
#6738 = CARTESIAN_POINT ( 'NONE',  ( 0.8700000000000005507, 0.2000000000000000111, 2.000000000000000888 ) ) ;
#6739 = VECTOR ( 'NONE', #6590, 1000.000000000000000 ) ;
#6740 = DIRECTION ( 'NONE',  ( -1.000000000000000000, 0.000000000000000000, 7.744301232039308793E-16 ) ) ;
#6741 = DIRECTION ( 'NONE',  ( 1.000000000000000000, 0.000000000000000000, 0.000000000000000000 ) ) ;
#6742 = DIRECTION ( 'NONE',  ( 0.000000000000000000, 1.000000000000000000, 0.000000000000000000 ) ) ;
#6743 = DIRECTION ( 'NONE',  ( 0.000000000000000000, 0.000000000000000000, -1.000000000000000000 ) ) ;
#6744 = ORIENTED_EDGE ( 'NONE', *, *, #2751, .F. ) ;
#6745 = AXIS2_PLACEMENT_3D ( 'NONE', #5319, #6038, #3304 ) ;
#6746 = EDGE_LOOP ( 'NONE', ( #7902, #5967, #7673, #6979 ) ) ;
#6747 = DIRECTION ( 'NONE',  ( -0.000000000000000000, -1.000000000000000000, -0.000000000000000000 ) ) ;
#6748 = ORIENTED_EDGE ( 'NONE', *, *, #1632, .F. ) ;
#6749 = LINE ( 'NONE', #1214, #7000 ) ;
#6750 = VECTOR ( 'NONE', #576, 1000.000000000000000 ) ;
#6751 =( GEOMETRIC_REPRESENTATION_CONTEXT ( 3 ) GLOBAL_UNCERTAINTY_ASSIGNED_CONTEXT ( ( #820 ) ) GLOBAL_UNIT_ASSIGNED_CONTEXT ( ( #474, #1803, #5844 ) ) REPRESENTATION_CONTEXT ( 'NONE', 'WORKASPACE' ) );
#6752 = SURFACE_STYLE_FILL_AREA ( #1693 ) ;
#6753 = ORIENTED_EDGE ( 'NONE', *, *, #3575, .T. ) ;
#6754 = EDGE_CURVE ( 'NONE', #5290, #2570, #2239, .T. ) ;
#6755 = ADVANCED_FACE ( 'NONE', ( #7930 ), #3883, .T. ) ;
#6756 = DIRECTION ( 'NONE',  ( 0.000000000000000000, -1.000000000000000000, 0.000000000000000000 ) ) ;
#6757 = VERTEX_POINT ( 'NONE', #2566 ) ;
#6758 = PRESENTATION_STYLE_ASSIGNMENT (( #2147 ) ) ;
#6759 = CARTESIAN_POINT ( 'NONE',  ( -0.6299999999999998934, 0.000000000000000000, -1.720000000000000862 ) ) ;
#6760 = AXIS2_PLACEMENT_3D ( 'NONE', #422, #468, #1901 ) ;
#6761 = ORIENTED_EDGE ( 'NONE', *, *, #6881, .F. ) ;
#6762 = DIRECTION ( 'NONE',  ( 0.000000000000000000, 0.000000000000000000, -1.000000000000000000 ) ) ;
#6763 = CARTESIAN_POINT ( 'NONE',  ( 1.370000000000000107, 0.1999999999999999833, -1.720000000000000862 ) ) ;
#6764 = ORIENTED_EDGE ( 'NONE', *, *, #470, .T. ) ;
#6765 = ORIENTED_EDGE ( 'NONE', *, *, #3360, .T. ) ;
#6766 = CARTESIAN_POINT ( 'NONE',  ( 1.130000000000000782, 0.05000000000000000278, 0.000000000000000000 ) ) ;
#6767 = CARTESIAN_POINT ( 'NONE',  ( 2.000000000000000888, 7.656854249492380582, 1.999999999999999112 ) ) ;
#6768 = CARTESIAN_POINT ( 'NONE',  ( -1.249999999999999778, 0.2000000000000000111, -1.720000000000000862 ) ) ;
#6769 = LINE ( 'NONE', #4503, #6750 ) ;
#6770 = FACE_OUTER_BOUND ( 'NONE', #7829, .T. ) ;
#6771 = ORIENTED_EDGE ( 'NONE', *, *, #762, .F. ) ;
#6772 = EDGE_CURVE ( 'NONE', #2695, #4185, #2062, .T. ) ;
#6773 = EDGE_LOOP ( 'NONE', ( #8480, #8431, #2298, #2931 ) ) ;
#6774 = ORIENTED_EDGE ( 'NONE', *, *, #5453, .F. ) ;
#6775 = AXIS2_PLACEMENT_3D ( 'NONE', #3472, #8581, #4554 ) ;
#6776 = ORIENTED_EDGE ( 'NONE', *, *, #1391, .F. ) ;
#6777 = FILL_AREA_STYLE ('',( #6077 ) ) ;
#6778 = VERTEX_POINT ( 'NONE', #1281 ) ;
#6779 = CARTESIAN_POINT ( 'NONE',  ( -0.1299999999999998934, 0.6664761515876238551, -1.720000000000000862 ) ) ;
#6780 = FACE_OUTER_BOUND ( 'NONE', #4057, .T. ) ;
#6781 = CARTESIAN_POINT ( 'NONE',  ( -0.7499999999999997780, 0.000000000000000000, -1.720000000000000862 ) ) ;
#6782 = SURFACE_STYLE_USAGE ( .BOTH. , #4361 ) ;
#6783 = FACE_OUTER_BOUND ( 'NONE', #5873, .T. ) ;
#6784 = SURFACE_STYLE_USAGE ( .BOTH. , #7597 ) ;
#6785 = DIRECTION ( 'NONE',  ( 0.000000000000000000, 0.000000000000000000, -1.000000000000000000 ) ) ;
#6786 = SURFACE_SIDE_STYLE ('',( #6215 ) ) ;
#6787 = SURFACE_STYLE_FILL_AREA ( #2712 ) ;
#6788 = ORIENTED_EDGE ( 'NONE', *, *, #2111, .F. ) ;
#6789 = CARTESIAN_POINT ( 'NONE',  ( 1.250000000000000666, 0.000000000000000000, 1.600000000000000977 ) ) ;
#6790 = VECTOR ( 'NONE', #4081, 1000.000000000000000 ) ;
#6791 = EDGE_CURVE ( 'NONE', #214, #3882, #5092, .T. ) ;
#6792 = CARTESIAN_POINT ( 'NONE',  ( 1.250000000000000666, 0.2000000000000000111, 1.720000000000000862 ) ) ;
#6793 = EDGE_LOOP ( 'NONE', ( #3053, #1854, #1766, #4565, #1213 ) ) ;
#6794 = ADVANCED_FACE ( 'NONE', ( #8008 ), #3311, .T. ) ;
#6795 = VERTEX_POINT ( 'NONE', #568 ) ;
#6796 = ORIENTED_EDGE ( 'NONE', *, *, #8067, .T. ) ;
#6797 = VERTEX_POINT ( 'NONE', #6688 ) ;
#6798 = FACE_OUTER_BOUND ( 'NONE', #1875, .T. ) ;
#6799 = LINE ( 'NONE', #5557, #4012 ) ;
#6800 = EDGE_CURVE ( 'NONE', #4928, #2413, #2137, .T. ) ;
#6801 = LINE ( 'NONE', #7585, #3722 ) ;
#6802 = ORIENTED_EDGE ( 'NONE', *, *, #3947, .F. ) ;
#6803 = DIRECTION ( 'NONE',  ( 0.000000000000000000, 0.000000000000000000, 1.000000000000000000 ) ) ;
#6804 = SURFACE_SIDE_STYLE ('',( #1083 ) ) ;
#6805 =( LENGTH_UNIT ( ) NAMED_UNIT ( * ) SI_UNIT ( .MILLI., .METRE. ) );
#6806 = CARTESIAN_POINT ( 'NONE',  ( -1.719999999999998863, 0.05000000000000002359, -0.2499999999999995837 ) ) ;
#6807 = UNCERTAINTY_MEASURE_WITH_UNIT (LENGTH_MEASURE( 1.000000000000000082E-05 ), #5787, 'distance_accuracy_value', 'NONE');
#6808 = SURFACE_SIDE_STYLE ('',( #2589 ) ) ;
#6809 = ORIENTED_EDGE ( 'NONE', *, *, #6890, .F. ) ;
#6810 = CARTESIAN_POINT ( 'NONE',  ( -1.999999999999999112, 0.1999999999999999833, -1.369999999999999440 ) ) ;
#6811 = ORIENTED_EDGE ( 'NONE', *, *, #2582, .F. ) ;
#6812 = CARTESIAN_POINT ( 'NONE',  ( 1.999999999999999112, 0.1999999999999999833, 1.370000000000000107 ) ) ;
#6813 = ORIENTED_EDGE ( 'NONE', *, *, #7604, .T. ) ;
#6814 = VERTEX_POINT ( 'NONE', #1892 ) ;
#6815 = ADVANCED_FACE ( 'NONE', ( #2079 ), #5993, .F. ) ;
#6816 = FACE_OUTER_BOUND ( 'NONE', #7811, .T. ) ;
#6817 = VECTOR ( 'NONE', #882, 1000.000000000000000 ) ;
#6818 = EDGE_CURVE ( 'NONE', #3956, #8349, #4991, .T. ) ;
#6819 = ORIENTED_EDGE ( 'NONE', *, *, #5046, .F. ) ;
#6820 = EDGE_CURVE ( 'NONE', #1053, #3211, #7860, .T. ) ;
#6821 = LINE ( 'NONE', #2827, #4316 ) ;
#6822 = ORIENTED_EDGE ( 'NONE', *, *, #2118, .F. ) ;
#6823 = DIRECTION ( 'NONE',  ( 0.000000000000000000, -1.000000000000000000, 0.000000000000000000 ) ) ;
#6824 =( LENGTH_UNIT ( ) NAMED_UNIT ( * ) SI_UNIT ( .MILLI., .METRE. ) );
#6825 = DIRECTION ( 'NONE',  ( -1.000000000000000000, 0.000000000000000000, -0.000000000000000000 ) ) ;
#6826 = ORIENTED_EDGE ( 'NONE', *, *, #7489, .F. ) ;
#6827 = DIRECTION ( 'NONE',  ( 0.000000000000000000, 1.000000000000000000, 0.000000000000000000 ) ) ;
#6828 = PLANE ( 'NONE',  #5528 ) ;
#6829 = ORIENTED_EDGE ( 'NONE', *, *, #2115, .F. ) ;
#6830 = VECTOR ( 'NONE', #2628, 1000.000000000000000 ) ;
#6831 = DIRECTION ( 'NONE',  ( 0.000000000000000000, -1.000000000000000000, 0.000000000000000000 ) ) ;
#6832 = FACE_OUTER_BOUND ( 'NONE', #4073, .T. ) ;
#6833 = VERTEX_POINT ( 'NONE', #5886 ) ;
#6834 = EDGE_CURVE ( 'NONE', #6199, #6600, #7877, .T. ) ;
#6835 = PRESENTATION_STYLE_ASSIGNMENT (( #6262 ) ) ;
#6836 = ORIENTED_EDGE ( 'NONE', *, *, #3275, .T. ) ;
#6837 = AXIS2_PLACEMENT_3D ( 'NONE', #1777, #13, #612 ) ;
#6838 = ORIENTED_EDGE ( 'NONE', *, *, #4018, .T. ) ;
#6839 = EDGE_LOOP ( 'NONE', ( #3139, #478, #4973, #2333, #5761, #5186, #6109, #3264, #2978, #3433, #3014, #593, #2199, #5832, #312, #3250, #7843, #179, #7878, #2080, #6180, #822, #5382, #2552, #1020, #6764, #8426, #2594 ) ) ;
#6840 = FILL_AREA_STYLE_COLOUR ( '', #4845 ) ;
#6841 = ORIENTED_EDGE ( 'NONE', *, *, #3165, .T. ) ;
#6842 = LINE ( 'NONE', #7036, #992 ) ;
#6843 = AXIS2_PLACEMENT_3D ( 'NONE', #3190, #412, #311 ) ;
#6844 = CARTESIAN_POINT ( 'NONE',  ( 0.7500000000000006661, 0.2000000000000000111, 1.720000000000000862 ) ) ;
#6845 = CARTESIAN_POINT ( 'NONE',  ( -1.249999999999999778, 0.2000000000000000111, -1.720000000000000862 ) ) ;
#6846 = FACE_OUTER_BOUND ( 'NONE', #6157, .T. ) ;
#6847 = CARTESIAN_POINT ( 'NONE',  ( 1.999999999999999112, 0.000000000000000000, 1.370000000000000107 ) ) ;
#6848 = DIRECTION ( 'NONE',  ( -0.000000000000000000, -0.000000000000000000, 1.000000000000000000 ) ) ;
#6849 =( LENGTH_UNIT ( ) NAMED_UNIT ( * ) SI_UNIT ( .MILLI., .METRE. ) );
#6850 = ORIENTED_EDGE ( 'NONE', *, *, #4502, .T. ) ;
#6851 = DIRECTION ( 'NONE',  ( -0.000000000000000000, 0.000000000000000000, 1.000000000000000000 ) ) ;
#6852 = CARTESIAN_POINT ( 'NONE',  ( 1.719999999999998863, 0.000000000000000000, 0.7499999999999997780 ) ) ;
#6853 = DIRECTION ( 'NONE',  ( 0.000000000000000000, -1.000000000000000000, 0.000000000000000000 ) ) ;
#6854 = CIRCLE ( 'NONE', #6977, 0.1000000000000000472 ) ;
#6855 = PLANE ( 'NONE',  #4710 ) ;
#6856 = VERTEX_POINT ( 'NONE', #171 ) ;
#6857 = VERTEX_POINT ( 'NONE', #1475 ) ;
#6858 = VERTEX_POINT ( 'NONE', #6513 ) ;
#6859 = ORIENTED_EDGE ( 'NONE', *, *, #2174, .T. ) ;
#6860 = CIRCLE ( 'NONE', #8476, 0.1199999999999998845 ) ;
#6861 = VECTOR ( 'NONE', #3936, 1000.000000000000000 ) ;
#6862 = VECTOR ( 'NONE', #7514, 1000.000000000000000 ) ;
#6863 = ORIENTED_EDGE ( 'NONE', *, *, #4467, .F. ) ;
#6864 = PRESENTATION_LAYER_ASSIGNMENT (  '', '', ( #6255 ) ) ;
#6865 = DIRECTION ( 'NONE',  ( 0.000000000000000000, -1.000000000000000000, 0.000000000000000000 ) ) ;
#6866 = DIRECTION ( 'NONE',  ( 0.000000000000000000, -1.000000000000000000, 0.000000000000000000 ) ) ;
#6867 = DIRECTION ( 'NONE',  ( 0.000000000000000000, -1.000000000000000000, 0.000000000000000000 ) ) ;
#6868 = DIRECTION ( 'NONE',  ( 0.000000000000000000, 0.000000000000000000, -1.000000000000000000 ) ) ;
#6869 = DIRECTION ( 'NONE',  ( -0.000000000000000000, -1.000000000000000000, -0.000000000000000000 ) ) ;
#6870 = ORIENTED_EDGE ( 'NONE', *, *, #4597, .T. ) ;
#6871 = DIRECTION ( 'NONE',  ( -1.000000000000000000, -0.000000000000000000, -7.744301232039308793E-16 ) ) ;
#6872 = ADVANCED_FACE ( 'NONE', ( #2123 ), #2877, .F. ) ;
#6873 = EDGE_CURVE ( 'NONE', #5827, #1204, #5037, .T. ) ;
#6874 = DIRECTION ( 'NONE',  ( -1.000000000000000000, 0.000000000000000000, -0.000000000000000000 ) ) ;
#6875 = AXIS2_PLACEMENT_3D ( 'NONE', #1846, #5212, #3319 ) ;
#6876 = ORIENTED_EDGE ( 'NONE', *, *, #8313, .F. ) ;
#6877 = LINE ( 'NONE', #3818, #1043 ) ;
#6878 = LINE ( 'NONE', #4764, #3878 ) ;
#6879 = ORIENTED_EDGE ( 'NONE', *, *, #5393, .T. ) ;
#6880 = AXIS2_PLACEMENT_3D ( 'NONE', #8576, #7854, #3247 ) ;
#6881 = EDGE_CURVE ( 'NONE', #4670, #2295, #2198, .T. ) ;
#6882 = ORIENTED_EDGE ( 'NONE', *, *, #3251, .T. ) ;
#6883 = DIRECTION ( 'NONE',  ( 0.000000000000000000, 0.000000000000000000, -1.000000000000000000 ) ) ;
#6884 = DIRECTION ( 'NONE',  ( 0.000000000000000000, 1.000000000000000000, 0.000000000000000000 ) ) ;
#6885 = DIRECTION ( 'NONE',  ( 0.000000000000000000, 1.000000000000000000, 0.000000000000000000 ) ) ;
#6886 = DIRECTION ( 'NONE',  ( 1.000000000000000000, 0.000000000000000000, 0.000000000000000000 ) ) ;
#6887 = PLANE ( 'NONE',  #1793 ) ;
#6888 = FACE_OUTER_BOUND ( 'NONE', #3394, .T. ) ;
#6889 = ORIENTED_EDGE ( 'NONE', *, *, #4735, .T. ) ;
#6890 = EDGE_CURVE ( 'NONE', #5527, #3490, #2170, .T. ) ;
#6891 = ORIENTED_EDGE ( 'NONE', *, *, #5503, .F. ) ;
#6892 = ADVANCED_FACE ( 'NONE', ( #5110 ), #3004, .T. ) ;
#6893 = CARTESIAN_POINT ( 'NONE',  ( -1.719999999999998863, 0.000000000000000000, -0.2499999999999995837 ) ) ;
#6894 = VECTOR ( 'NONE', #970, 1000.000000000000000 ) ;
#6895 = CARTESIAN_POINT ( 'NONE',  ( 1.719999999999998863, 0.000000000000000000, -0.2500000000000002220 ) ) ;
#6896 = CIRCLE ( 'NONE', #2707, 0.1199999999999998845 ) ;
#6897 = CARTESIAN_POINT ( 'NONE',  ( 0.8700000000000001066, 0.1999999999999999833, -2.000000000000000888 ) ) ;
#6898 = EDGE_LOOP ( 'NONE', ( #6418, #2275, #7291, #3723 ) ) ;
#6899 = AXIS2_PLACEMENT_3D ( 'NONE', #8424, #4216, #4285 ) ;
#6900 = EDGE_CURVE ( 'NONE', #5780, #5612, #7993, .T. ) ;
#6901 = VERTEX_POINT ( 'NONE', #4330 ) ;
#6902 = LINE ( 'NONE', #8256, #4399 ) ;
#6903 = VERTEX_POINT ( 'NONE', #5049 ) ;
#6904 = CARTESIAN_POINT ( 'NONE',  ( -1.249999999999999334, 0.04999999999999999584, 1.720000000000000862 ) ) ;
#6905 = ORIENTED_EDGE ( 'NONE', *, *, #1389, .T. ) ;
#6906 = LINE ( 'NONE', #6574, #1237 ) ;
#6907 = PLANE ( 'NONE',  #2945 ) ;
#6908 = EDGE_CURVE ( 'NONE', #2633, #20, #5138, .T. ) ;
#6909 = LINE ( 'NONE', #6210, #4091 ) ;
#6910 = CARTESIAN_POINT ( 'NONE',  ( 1.370000000000000107, 0.1999999999999999833, -2.000000000000000888 ) ) ;
#6911 = CARTESIAN_POINT ( 'NONE',  ( -1.129999999999999449, 0.04999999999999999584, 2.000000000000000888 ) ) ;
#6912 = DIRECTION ( 'NONE',  ( 0.000000000000000000, 1.000000000000000000, 0.000000000000000000 ) ) ;
#6913 = CIRCLE ( 'NONE', #3329, 0.1000000000000000472 ) ;
#6914 = ORIENTED_EDGE ( 'NONE', *, *, #762, .T. ) ;
#6915 = CARTESIAN_POINT ( 'NONE',  ( -1.999999999999999112, 0.05000000000000000278, 1.999999999999999556 ) ) ;
#6916 = CARTESIAN_POINT ( 'NONE',  ( -0.3699999999999992184, 0.1999999999999999833, 2.000000000000000888 ) ) ;
#6917 = EDGE_CURVE ( 'NONE', #3049, #2643, #2473, .T. ) ;
#6918 = LINE ( 'NONE', #5788, #3838 ) ;
#6919 = CARTESIAN_POINT ( 'NONE',  ( 1.370000000000000551, 0.2000000000000000111, 1.720000000000000862 ) ) ;
#6920 = CARTESIAN_POINT ( 'NONE',  ( 1.719999999999998863, 0.6664761515876242992, -1.129999999999999893 ) ) ;
#6921 = EDGE_CURVE ( 'NONE', #7239, #2965, #5271, .T. ) ;
#6922 = ORIENTED_EDGE ( 'NONE', *, *, #4438, .F. ) ;
#6923 = LINE ( 'NONE', #376, #7023 ) ;
#6924 = EDGE_LOOP ( 'NONE', ( #5702, #4865, #7085, #1728 ) ) ;
#6925 = ORIENTED_EDGE ( 'NONE', *, *, #296, .T. ) ;
#6926 = CIRCLE ( 'NONE', #4485, 0.1666666649999999361 ) ;
#6927 = ORIENTED_EDGE ( 'NONE', *, *, #2958, .F. ) ;
#6928 = VECTOR ( 'NONE', #460, 1000.000000000000000 ) ;
#6929 = DIRECTION ( 'NONE',  ( 1.000000000000000000, -0.000000000000000000, 0.000000000000000000 ) ) ;
#6930 = DIRECTION ( 'NONE',  ( 0.000000000000000000, -0.000000000000000000, 1.000000000000000000 ) ) ;
#6931 = FACE_OUTER_BOUND ( 'NONE', #3192, .T. ) ;
#6932 =( LENGTH_UNIT ( ) NAMED_UNIT ( * ) SI_UNIT ( .MILLI., .METRE. ) );
#6933 = PLANE ( 'NONE',  #436 ) ;
#6934 = EDGE_CURVE ( 'NONE', #158, #7955, #2372, .T. ) ;
#6935 = ORIENTED_EDGE ( 'NONE', *, *, #7469, .T. ) ;
#6936 = CARTESIAN_POINT ( 'NONE',  ( 1.370000000000000107, 0.2000000000000000111, -1.720000000000000862 ) ) ;
#6937 = DIRECTION ( 'NONE',  ( -0.000000000000000000, -1.000000000000000000, -0.000000000000000000 ) ) ;
#6938 = VECTOR ( 'NONE', #8533, 1000.000000000000000 ) ;
#6939 = ORIENTED_EDGE ( 'NONE', *, *, #8140, .F. ) ;
#6940 = FACE_OUTER_BOUND ( 'NONE', #6773, .T. ) ;
#6941 = AXIS2_PLACEMENT_3D ( 'NONE', #2581, #181, #2650 ) ;
#6942 = VECTOR ( 'NONE', #4425, 1000.000000000000000 ) ;
#6943 = CYLINDRICAL_SURFACE ( 'NONE', #608, 0.1199999999999998845 ) ;
#6944 = ORIENTED_EDGE ( 'NONE', *, *, #1366, .F. ) ;
#6945 = VERTEX_POINT ( 'NONE', #5731 ) ;
#6946 = CARTESIAN_POINT ( 'NONE',  ( 0.6300000000000007816, 0.1999999999999999833, 2.000000000000000888 ) ) ;
#6947 = PLANE ( 'NONE',  #618 ) ;
#6948 = ADVANCED_FACE ( 'NONE', ( #8425 ), #939, .T. ) ;
#6949 = ORIENTED_EDGE ( 'NONE', *, *, #6619, .F. ) ;
#6950 = CARTESIAN_POINT ( 'NONE',  ( 0.3700000000000005507, 0.6664761515876238551, 2.000000000000000888 ) ) ;
#6951 = PLANE ( 'NONE',  #4232 ) ;
#6952 = EDGE_CURVE ( 'NONE', #8597, #8126, #5380, .T. ) ;
#6953 = VECTOR ( 'NONE', #1692, 1000.000000000000000 ) ;
#6954 = EDGE_LOOP ( 'NONE', ( #5608, #5272, #2672, #3392 ) ) ;
#6955 = CIRCLE ( 'NONE', #6562, 0.1199999999999998845 ) ;
#6956 = LINE ( 'NONE', #2224, #1128 ) ;
#6957 = VECTOR ( 'NONE', #1037, 1000.000000000000000 ) ;
#6958 = ORIENTED_EDGE ( 'NONE', *, *, #5370, .F. ) ;
#6959 = AXIS2_PLACEMENT_3D ( 'NONE', #7641, #2785, #2844 ) ;
#6960 = FACE_OUTER_BOUND ( 'NONE', #2764, .T. ) ;
#6961 = ORIENTED_EDGE ( 'NONE', *, *, #5699, .T. ) ;
#6962 = AXIS2_PLACEMENT_3D ( 'NONE', #212, #3983, #821 ) ;
#6963 = ORIENTED_EDGE ( 'NONE', *, *, #8406, .T. ) ;
#6964 = CARTESIAN_POINT ( 'NONE',  ( 1.999999999999999112, 0.04999999999999969746, -0.1299999999999998934 ) ) ;
#6965 = ORIENTED_EDGE ( 'NONE', *, *, #6674, .T. ) ;
#6966 = ADVANCED_FACE ( 'NONE', ( #5482 ), #3688, .T. ) ;
#6967 = CIRCLE ( 'NONE', #3452, 0.1199999999999998845 ) ;
#6968 = DIRECTION ( 'NONE',  ( -0.000000000000000000, -1.000000000000000000, -0.000000000000000000 ) ) ;
#6969 = VECTOR ( 'NONE', #7452, 1000.000000000000000 ) ;
#6970 = CARTESIAN_POINT ( 'NONE',  ( 1.719999999999998863, 0.1999999999999999833, 1.249999999999999778 ) ) ;
#6971 = CARTESIAN_POINT ( 'NONE',  ( 0.1300000000000007816, 0.1999999999999999833, 2.000000000000000888 ) ) ;
#6972 = ORIENTED_EDGE ( 'NONE', *, *, #4094, .F. ) ;
#6973 = DIRECTION ( 'NONE',  ( 1.000000000000000000, -0.000000000000000000, 0.000000000000000000 ) ) ;
#6974 =( LENGTH_UNIT ( ) NAMED_UNIT ( * ) SI_UNIT ( .MILLI., .METRE. ) );
#6975 = ORIENTED_EDGE ( 'NONE', *, *, #8245, .T. ) ;
#6976 = AXIS2_PLACEMENT_3D ( 'NONE', #4080, #7531, #124 ) ;
#6977 = AXIS2_PLACEMENT_3D ( 'NONE', #7939, #6645, #29 ) ;
#6978 = ORIENTED_EDGE ( 'NONE', *, *, #8313, .T. ) ;
#6979 = ORIENTED_EDGE ( 'NONE', *, *, #7333, .F. ) ;
#6980 = CIRCLE ( 'NONE', #8448, 0.1199999999999998845 ) ;
#6981 = ORIENTED_EDGE ( 'NONE', *, *, #3508, .T. ) ;
#6982 = EDGE_CURVE ( 'NONE', #5841, #7347, #8369, .T. ) ;
#6983 = DIRECTION ( 'NONE',  ( -1.000000000000000000, 0.000000000000000000, -0.000000000000000000 ) ) ;
#6984 = CARTESIAN_POINT ( 'NONE',  ( -0.3699999999999996625, 0.1999999999999996503, -2.000000000000000444 ) ) ;
#6985 = COLOUR_RGB ( '',0.7921568627450980005, 0.8196078431372548767, 0.9333333333333333481 ) ;
#6986 = CARTESIAN_POINT ( 'NONE',  ( -1.249999999999999334, 0.2000000000000000111, 1.720000000000000862 ) ) ;
#6987 = DIRECTION ( 'NONE',  ( 1.000000000000000000, 0.000000000000000000, 0.000000000000000000 ) ) ;
#6988 = DIRECTION ( 'NONE',  ( 0.000000000000000000, -1.000000000000000000, 0.000000000000000000 ) ) ;
#6989 = ORIENTED_EDGE ( 'NONE', *, *, #1097, .T. ) ;
#6990 = CYLINDRICAL_SURFACE ( 'NONE', #5941, 0.1199999999999998845 ) ;
#6991 = SURFACE_SIDE_STYLE ('',( #4568 ) ) ;
#6992 = DIRECTION ( 'NONE',  ( 1.000000000000000000, -0.000000000000000000, 0.000000000000000000 ) ) ;
#6993 = ORIENTED_EDGE ( 'NONE', *, *, #1047, .T. ) ;
#6994 =( LENGTH_UNIT ( ) NAMED_UNIT ( * ) SI_UNIT ( .MILLI., .METRE. ) );
#6995 = LINE ( 'NONE', #8006, #7131 ) ;
#6996 = VERTEX_POINT ( 'NONE', #3106 ) ;
#6997 = ORIENTED_EDGE ( 'NONE', *, *, #3360, .F. ) ;
#6998 = EDGE_CURVE ( 'NONE', #7792, #7211, #8178, .T. ) ;
#6999 = MANIFOLD_SOLID_BREP ( 'LPattern4[7]', #6200 ) ;
#7000 = VECTOR ( 'NONE', #3137, 1000.000000000000000 ) ;
#7001 = ORIENTED_EDGE ( 'NONE', *, *, #6218, .T. ) ;
#7002 = EDGE_CURVE ( 'NONE', #4021, #1263, #8379, .T. ) ;
#7003 = ORIENTED_EDGE ( 'NONE', *, *, #5377, .F. ) ;
#7004 = DIRECTION ( 'NONE',  ( 0.000000000000000000, 0.000000000000000000, 1.000000000000000000 ) ) ;
#7005 = PLANE ( 'NONE',  #2162 ) ;
#7006 = ORIENTED_EDGE ( 'NONE', *, *, #659, .T. ) ;
#7007 = DIRECTION ( 'NONE',  ( -0.000000000000000000, -1.000000000000000000, -0.000000000000000000 ) ) ;
#7008 = DIRECTION ( 'NONE',  ( -0.000000000000000000, -1.000000000000000000, -0.000000000000000000 ) ) ;
#7009 =( NAMED_UNIT ( * ) PLANE_ANGLE_UNIT ( ) SI_UNIT ( $, .RADIAN. ) );
#7010 = LINE ( 'NONE', #5677, #1124 ) ;
#7011 = VERTEX_POINT ( 'NONE', #3052 ) ;
#7012 = EDGE_LOOP ( 'NONE', ( #2177, #5115, #1866, #3905 ) ) ;
#7013 = AXIS2_PLACEMENT_3D ( 'NONE', #2010, #3744, #2585 ) ;
#7014 = VECTOR ( 'NONE', #1169, 1000.000000000000000 ) ;
#7015 = EDGE_CURVE ( 'NONE', #6236, #7620, #2429, .T. ) ;
#7016 = FACE_OUTER_BOUND ( 'NONE', #4199, .T. ) ;
#7017 = EDGE_LOOP ( 'NONE', ( #5667, #4537, #5443, #4899 ) ) ;
#7018 = FACE_OUTER_BOUND ( 'NONE', #4510, .T. ) ;
#7019 = ORIENTED_EDGE ( 'NONE', *, *, #1359, .T. ) ;
#7020 = VECTOR ( 'NONE', #3975, 1000.000000000000000 ) ;
#7021 = EDGE_CURVE ( 'NONE', #8128, #6677, #5286, .T. ) ;
#7022 = ADVANCED_FACE ( 'NONE', ( #5555 ), #8225, .T. ) ;
#7023 = VECTOR ( 'NONE', #6264, 1000.000000000000000 ) ;
#7024 = ORIENTED_EDGE ( 'NONE', *, *, #6934, .F. ) ;
#7025 = SURFACE_SIDE_STYLE ('',( #1881 ) ) ;
#7026 = FACE_OUTER_BOUND ( 'NONE', #7861, .T. ) ;
#7027 = DIRECTION ( 'NONE',  ( 1.000000000000000000, 0.000000000000000000, 0.000000000000000000 ) ) ;
#7028 = PLANE ( 'NONE',  #708 ) ;
#7029 = CYLINDRICAL_SURFACE ( 'NONE', #7418, 0.1199999999999998845 ) ;
#7030 = DIRECTION ( 'NONE',  ( 0.000000000000000000, 0.000000000000000000, -1.000000000000000000 ) ) ;
#7031 = EDGE_CURVE ( 'NONE', #6797, #5927, #2615, .T. ) ;
#7032 = CARTESIAN_POINT ( 'NONE',  ( 0.8700000000000001066, 0.2000000000000000111, -2.000000000000000888 ) ) ;
#7033 = ADVANCED_FACE ( 'NONE', ( #8457 ), #4454, .T. ) ;
#7034 = ORIENTED_EDGE ( 'NONE', *, *, #644, .T. ) ;
#7035 = CARTESIAN_POINT ( 'NONE',  ( -1.129999999999999893, 0.6664761515876238551, -1.720000000000000862 ) ) ;
#7036 = CARTESIAN_POINT ( 'NONE',  ( 0.1300000000000003375, 0.6664761515876238551, -1.720000000000000862 ) ) ;
#7037 = CARTESIAN_POINT ( 'NONE',  ( -0.3699999999999996625, 0.1999999999999999833, -1.720000000000000862 ) ) ;
#7038 = EDGE_CURVE ( 'NONE', #4356, #2886, #5348, .T. ) ;
#7039 = VECTOR ( 'NONE', #682, 1000.000000000000000 ) ;
#7040 = CARTESIAN_POINT ( 'NONE',  ( -0.2499999999999997780, 0.04999999999999999584, -1.720000000000000862 ) ) ;
#7041 = ORIENTED_EDGE ( 'NONE', *, *, #6477, .T. ) ;
#7042 = FACE_OUTER_BOUND ( 'NONE', #4689, .T. ) ;
#7043 = VERTEX_POINT ( 'NONE', #1302 ) ;
#7044 = ADVANCED_FACE ( 'NONE', ( #5526 ), #8539, .F. ) ;
#7045 = VECTOR ( 'NONE', #3263, 1000.000000000000000 ) ;
#7046 = LINE ( 'NONE', #8338, #1145 ) ;
#7047 = LINE ( 'NONE', #7836, #4077 ) ;
#7048 = ORIENTED_EDGE ( 'NONE', *, *, #3746, .T. ) ;
#7049 = EDGE_CURVE ( 'NONE', #7314, #137, #5333, .T. ) ;
#7050 = DIRECTION ( 'NONE',  ( 0.000000000000000000, 0.000000000000000000, -1.000000000000000000 ) ) ;
#7051 = DIRECTION ( 'NONE',  ( 0.000000000000000000, 0.000000000000000000, 1.000000000000000000 ) ) ;
#7052 = DIRECTION ( 'NONE',  ( 0.000000000000000000, -1.000000000000000000, 0.000000000000000000 ) ) ;
#7053 = PLANE ( 'NONE',  #5006 ) ;
#7054 = CARTESIAN_POINT ( 'NONE',  ( -0.8699999999999992184, 0.04999999999999969746, 2.000000000000000888 ) ) ;
#7055 = ORIENTED_EDGE ( 'NONE', *, *, #7574, .T. ) ;
#7056 = STYLED_ITEM ( 'NONE', ( #7330 ), #3608 ) ;
#7057 = APPLICATION_PROTOCOL_DEFINITION ( 'draft international standard', 'automotive_design', 1998, #2112 ) ;
#7058 = DIRECTION ( 'NONE',  ( 0.000000000000000000, 0.000000000000000000, -1.000000000000000000 ) ) ;
#7059 = ORIENTED_EDGE ( 'NONE', *, *, #3355, .T. ) ;
#7060 = DIRECTION ( 'NONE',  ( 0.000000000000000000, -0.000000000000000000, 1.000000000000000000 ) ) ;
#7061 = DIRECTION ( 'NONE',  ( 1.000000000000000000, 0.000000000000000000, 0.000000000000000000 ) ) ;
#7062 = FACE_OUTER_BOUND ( 'NONE', #2567, .T. ) ;
#7063 = ORIENTED_EDGE ( 'NONE', *, *, #5799, .F. ) ;
#7064 = LINE ( 'NONE', #7294, #4192 ) ;
#7065 = VECTOR ( 'NONE', #7293, 1000.000000000000000 ) ;
#7066 = VECTOR ( 'NONE', #4306, 1000.000000000000000 ) ;
#7067 = ORIENTED_EDGE ( 'NONE', *, *, #6325, .F. ) ;
#7068 = EDGE_CURVE ( 'NONE', #1757, #277, #8241, .T. ) ;
#7069 = VECTOR ( 'NONE', #2706, 1000.000000000000000 ) ;
#7070 = ORIENTED_EDGE ( 'NONE', *, *, #2319, .T. ) ;
#7071 = DIRECTION ( 'NONE',  ( 1.000000000000000000, -0.000000000000000000, 7.744301232039308793E-16 ) ) ;
#7072 = VERTEX_POINT ( 'NONE', #3274 ) ;
#7073 = CARTESIAN_POINT ( 'NONE',  ( -0.2499999999999993616, 0.000000000000000000, 1.720000000000000862 ) ) ;
#7074 = STYLED_ITEM ( 'NONE', ( #7952 ), #2966 ) ;
#7075 = DIRECTION ( 'NONE',  ( 0.000000000000000000, -1.000000000000000000, 0.000000000000000000 ) ) ;
#7076 = CARTESIAN_POINT ( 'NONE',  ( -1.636363636363635132, 0.9000000000000000222, -1.636363636363636909 ) ) ;
#7077 = VECTOR ( 'NONE', #2997, 1000.000000000000000 ) ;
#7078 = ORIENTED_EDGE ( 'NONE', *, *, #5736, .F. ) ;
#7079 = VECTOR ( 'NONE', #6867, 1000.000000000000000 ) ;
#7080 = FILL_AREA_STYLE ('',( #7134 ) ) ;
#7081 = LINE ( 'NONE', #1634, #4475 ) ;
#7082 = DIRECTION ( 'NONE',  ( -1.000000000000000000, 0.000000000000000000, 0.000000000000000000 ) ) ;
#7083 = AXIS2_PLACEMENT_3D ( 'NONE', #5730, #476, #2464 ) ;
#7084 = CYLINDRICAL_SURFACE ( 'NONE', #3718, 0.1199999999999998845 ) ;
#7085 = ORIENTED_EDGE ( 'NONE', *, *, #501, .T. ) ;
#7086 = DIRECTION ( 'NONE',  ( 0.000000000000000000, -1.000000000000000000, 0.000000000000000000 ) ) ;
#7087 = FACE_OUTER_BOUND ( 'NONE', #5593, .T. ) ;
#7088 = ORIENTED_EDGE ( 'NONE', *, *, #217, .F. ) ;
#7089 = AXIS2_PLACEMENT_3D ( 'NONE', #3, #6610, #4754 ) ;
#7090 = EDGE_LOOP ( 'NONE', ( #6536, #4437, #3887, #2883, #1860 ) ) ;
#7091 = CARTESIAN_POINT ( 'NONE',  ( 1.719999999999998863, 0.000000000000000000, 0.1300000000000003375 ) ) ;
#7092 = LINE ( 'NONE', #986, #1424 ) ;
#7093 = LINE ( 'NONE', #2645, #1477 ) ;
#7094 = DIRECTION ( 'NONE',  ( 0.000000000000000000, -1.000000000000000000, 0.000000000000000000 ) ) ;
#7095 = DIRECTION ( 'NONE',  ( 7.744301232039308793E-16, -0.000000000000000000, 1.000000000000000000 ) ) ;
#7096 = CARTESIAN_POINT ( 'NONE',  ( 0.1300000000000003375, 0.000000000000000000, -2.000000000000000888 ) ) ;
#7097 =( GEOMETRIC_REPRESENTATION_CONTEXT ( 3 ) GLOBAL_UNCERTAINTY_ASSIGNED_CONTEXT ( ( #6807 ) ) GLOBAL_UNIT_ASSIGNED_CONTEXT ( ( #5787, #6525, #6467 ) ) REPRESENTATION_CONTEXT ( 'NONE', 'WORKASPACE' ) );
#7098 = PRESENTATION_LAYER_ASSIGNMENT (  '', '', ( #5547 ) ) ;
#7099 = EDGE_LOOP ( 'NONE', ( #8365, #1560, #8307, #2951, #8408 ) ) ;
#7100 = ADVANCED_FACE ( 'NONE', ( #8269 ), #6596, .F. ) ;
#7101 = LINE ( 'NONE', #7112, #1170 ) ;
#7102 = ORIENTED_EDGE ( 'NONE', *, *, #7473, .F. ) ;
#7103 = VECTOR ( 'NONE', #5952, 1000.000000000000000 ) ;
#7104 = CIRCLE ( 'NONE', #2038, 0.1199999999999998845 ) ;
#7105 = ADVANCED_FACE ( 'NONE', ( #2446 ), #2654, .F. ) ;
#7106 = ORIENTED_EDGE ( 'NONE', *, *, #2948, .F. ) ;
#7107 = CARTESIAN_POINT ( 'NONE',  ( -1.719999999999998863, 0.6664761515876242992, -0.1299999999999998934 ) ) ;
#7108 = DIRECTION ( 'NONE',  ( 0.000000000000000000, 0.000000000000000000, 1.000000000000000000 ) ) ;
#7109 = FACE_OUTER_BOUND ( 'NONE', #7099, .T. ) ;
#7110 = AXIS2_PLACEMENT_3D ( 'NONE', #5240, #5915, #6667 ) ;
#7111 = DIRECTION ( 'NONE',  ( -0.000000000000000000, 1.000000000000000000, -0.000000000000000000 ) ) ;
#7112 = CARTESIAN_POINT ( 'NONE',  ( 0.8700000000000001066, 0.2000000000000000111, -1.720000000000000862 ) ) ;
#7113 = ORIENTED_EDGE ( 'NONE', *, *, #1631, .F. ) ;
#7114 = DIRECTION ( 'NONE',  ( 0.000000000000000000, -1.000000000000000000, 0.000000000000000000 ) ) ;
#7115 = DIRECTION ( 'NONE',  ( -1.000000000000000000, 0.000000000000000000, 7.744301232039308793E-16 ) ) ;
#7116 = CARTESIAN_POINT ( 'NONE',  ( -0.3699999999999992184, 0.2000000000000000111, 2.000000000000000888 ) ) ;
#7117 = LINE ( 'NONE', #1850, #6938 ) ;
#7118 = VERTEX_POINT ( 'NONE', #3964 ) ;
#7119 = ADVANCED_FACE ( 'NONE', ( #2680 ), #81, .T. ) ;
#7120 = LINE ( 'NONE', #4918, #1295 ) ;
#7121 = EDGE_CURVE ( 'NONE', #78, #3091, #5316, .T. ) ;
#7122 = CYLINDRICAL_SURFACE ( 'NONE', #7794, 0.1199999999999998845 ) ;
#7123 = CIRCLE ( 'NONE', #5631, 0.1199999999999998845 ) ;
#7124 = EDGE_LOOP ( 'NONE', ( #1507, #3874, #3808, #2258 ) ) ;
#7125 = ORIENTED_EDGE ( 'NONE', *, *, #2762, .T. ) ;
#7126 = EDGE_CURVE ( 'NONE', #4367, #5026, #8157, .T. ) ;
#7127 = CARTESIAN_POINT ( 'NONE',  ( 0.2500000000000006661, 0.000000000000000000, 1.720000000000000862 ) ) ;
#7128 = DIRECTION ( 'NONE',  ( -1.000000000000000000, 0.000000000000000000, 0.000000000000000000 ) ) ;
#7129 = CARTESIAN_POINT ( 'NONE',  ( -1.249999999999999334, 0.6664761515876238551, 1.720000000000000862 ) ) ;
#7130 = CARTESIAN_POINT ( 'NONE',  ( -1.719999999999998863, 0.6664761515876242992, -1.129999999999999893 ) ) ;
#7131 = VECTOR ( 'NONE', #4082, 1000.000000000000000 ) ;
#7132 = ORIENTED_EDGE ( 'NONE', *, *, #4578, .T. ) ;
#7133 = FACE_OUTER_BOUND ( 'NONE', #5229, .T. ) ;
#7134 = FILL_AREA_STYLE_COLOUR ( '', #82 ) ;
#7135 = CARTESIAN_POINT ( 'NONE',  ( 2.000000000000000888, 7.656854249492380582, -2.000000000000000888 ) ) ;
#7136 = LINE ( 'NONE', #8557, #1363 ) ;
#7137 = CARTESIAN_POINT ( 'NONE',  ( -1.719999999999998863, 0.6664761515876242992, 0.2500000000000004441 ) ) ;
#7138 = EDGE_CURVE ( 'NONE', #5962, #4183, #5466, .T. ) ;
#7139 = UNCERTAINTY_MEASURE_WITH_UNIT (LENGTH_MEASURE( 1.000000000000000082E-05 ), #7243, 'distance_accuracy_value', 'NONE');
#7140 = ORIENTED_EDGE ( 'NONE', *, *, #4854, .T. ) ;
#7141 = EDGE_CURVE ( 'NONE', #6857, #3948, #2461, .T. ) ;
#7142 = VERTEX_POINT ( 'NONE', #2308 ) ;
#7143 = LINE ( 'NONE', #4567, #4089 ) ;
#7144 = LINE ( 'NONE', #933, #4341 ) ;
#7145 = CARTESIAN_POINT ( 'NONE',  ( -1.999999999999999112, 0.04999999999999969746, -1.369999999999999440 ) ) ;
#7146 = CARTESIAN_POINT ( 'NONE',  ( 1.999999999999999112, 0.04999999999999969746, -0.3699999999999994404 ) ) ;
#7147 = VECTOR ( 'NONE', #5242, 1000.000000000000000 ) ;
#7148 = ORIENTED_EDGE ( 'NONE', *, *, #8087, .T. ) ;
#7149 = VERTEX_POINT ( 'NONE', #134 ) ;
#7150 = CARTESIAN_POINT ( 'NONE',  ( 0.6300000000000007816, 0.1999999999999999833, 2.000000000000000888 ) ) ;
#7151 = CARTESIAN_POINT ( 'NONE',  ( -1.719999999999998863, 0.05000000000000002359, 0.7500000000000004441 ) ) ;
#7152 = DIRECTION ( 'NONE',  ( 1.000000000000000000, 0.000000000000000000, -0.000000000000000000 ) ) ;
#7153 = DIRECTION ( 'NONE',  ( 0.000000000000000000, -0.000000000000000000, 1.000000000000000000 ) ) ;
#7154 = ORIENTED_EDGE ( 'NONE', *, *, #4854, .F. ) ;
#7155 = EDGE_CURVE ( 'NONE', #1039, #2799, #8411, .T. ) ;
#7156 = EDGE_CURVE ( 'NONE', #3966, #8395, #8287, .T. ) ;
#7157 = LINE ( 'NONE', #6763, #1219 ) ;
#7158 = EDGE_LOOP ( 'NONE', ( #8155, #8223, #2059, #3645 ) ) ;
#7159 = LINE ( 'NONE', #4258, #4120 ) ;
#7160 = COLOUR_RGB ( '',0.7921568627450980005, 0.8196078431372548767, 0.9333333333333333481 ) ;
#7161 = LINE ( 'NONE', #4527, #4246 ) ;
#7162 = ORIENTED_EDGE ( 'NONE', *, *, #5370, .T. ) ;
#7163 = ORIENTED_EDGE ( 'NONE', *, *, #3489, .F. ) ;
#7164 = DIRECTION ( 'NONE',  ( 0.000000000000000000, 0.000000000000000000, 1.000000000000000000 ) ) ;
#7165 = VECTOR ( 'NONE', #5457, 1000.000000000000000 ) ;
#7166 = DIRECTION ( 'NONE',  ( 0.000000000000000000, 0.000000000000000000, -1.000000000000000000 ) ) ;
#7167 = CARTESIAN_POINT ( 'NONE',  ( -1.636363636363635132, 0.9000000000000000222, -1.636363636363636909 ) ) ;
#7168 = ORIENTED_EDGE ( 'NONE', *, *, #2762, .F. ) ;
#7169 = CIRCLE ( 'NONE', #5641, 0.1199999999999998845 ) ;
#7170 = CARTESIAN_POINT ( 'NONE',  ( 1.719999999999998863, 0.000000000000000000, -1.129999999999999893 ) ) ;
#7171 = DIRECTION ( 'NONE',  ( 1.000000000000000000, 0.000000000000000000, 7.744301232039308793E-16 ) ) ;
#7172 = ORIENTED_EDGE ( 'NONE', *, *, #7542, .F. ) ;
#7173 = DIRECTION ( 'NONE',  ( -0.000000000000000000, -1.000000000000000000, -0.000000000000000000 ) ) ;
#7174 = CIRCLE ( 'NONE', #784, 0.1199999999999998845 ) ;
#7175 = VERTEX_POINT ( 'NONE', #6178 ) ;
#7176 = EDGE_CURVE ( 'NONE', #213, #3868, #2565, .T. ) ;
#7177 = VECTOR ( 'NONE', #1291, 1000.000000000000000 ) ;
#7178 = CIRCLE ( 'NONE', #3031, 0.1199999999999998845 ) ;
#7179 = ADVANCED_FACE ( 'NONE', ( #5432 ), #23, .F. ) ;
#7180 = AXIS2_PLACEMENT_3D ( 'NONE', #5660, #3665, #3555 ) ;
#7181 = ORIENTED_EDGE ( 'NONE', *, *, #2845, .T. ) ;
#7182 = ORIENTED_EDGE ( 'NONE', *, *, #5021, .F. ) ;
#7183 = LINE ( 'NONE', #7584, #4163 ) ;
#7184 = EDGE_LOOP ( 'NONE', ( #6687, #1781, #7888, #2340 ) ) ;
#7185 = VECTOR ( 'NONE', #7799, 1000.000000000000000 ) ;
#7186 = DIRECTION ( 'NONE',  ( 0.000000000000000000, 1.000000000000000000, 0.000000000000000000 ) ) ;
#7187 = DIRECTION ( 'NONE',  ( 0.000000000000000000, 0.000000000000000000, 1.000000000000000000 ) ) ;
#7188 = MECHANICAL_DESIGN_GEOMETRIC_PRESENTATION_REPRESENTATION (  '', ( #7893 ), #3222 ) ;
#7189 = VERTEX_POINT ( 'NONE', #5405 ) ;
#7190 = CARTESIAN_POINT ( 'NONE',  ( -1.129999999999999893, 0.000000000000000000, -1.720000000000000862 ) ) ;
#7191 = DIRECTION ( 'NONE',  ( -1.000000000000000000, 0.000000000000000000, -0.000000000000000000 ) ) ;
#7192 = CARTESIAN_POINT ( 'NONE',  ( -1.150000000000000133, 0.2000000000000000944, 1.149999999999999689 ) ) ;
#7193 = VERTEX_POINT ( 'NONE', #4218 ) ;
#7194 = CARTESIAN_POINT ( 'NONE',  ( 0.3700000000000005507, 0.2000000000000000111, 1.720000000000000862 ) ) ;
#7195 = ADVANCED_FACE ( 'NONE', ( #8554 ), #4152, .F. ) ;
#7196 = DIRECTION ( 'NONE',  ( 1.000000000000000000, -0.000000000000000000, 7.744301232039308793E-16 ) ) ;
#7197 = LINE ( 'NONE', #3348, #1239 ) ;
#7198 = ORIENTED_EDGE ( 'NONE', *, *, #3550, .T. ) ;
#7199 = ORIENTED_EDGE ( 'NONE', *, *, #7461, .T. ) ;
#7200 = MECHANICAL_DESIGN_GEOMETRIC_PRESENTATION_REPRESENTATION (  '', ( #5647 ), #3625 ) ;
#7201 = LINE ( 'NONE', #1707, #1431 ) ;
#7202 = AXIS2_PLACEMENT_3D ( 'NONE', #2574, #7813, #7292 ) ;
#7203 = ORIENTED_EDGE ( 'NONE', *, *, #777, .F. ) ;
#7204 = AXIS2_PLACEMENT_3D ( 'NONE', #6806, #2687, #5260 ) ;
#7205 = LINE ( 'NONE', #3225, #1436 ) ;
#7206 = VERTEX_POINT ( 'NONE', #6065 ) ;
#7207 = FACE_OUTER_BOUND ( 'NONE', #3987, .T. ) ;
#7208 = CARTESIAN_POINT ( 'NONE',  ( 0.3700000000000005507, 0.000000000000000000, 2.000000000000000888 ) ) ;
#7209 = FACE_OUTER_BOUND ( 'NONE', #8247, .T. ) ;
#7210 = VERTEX_POINT ( 'NONE', #1606 ) ;
#7211 = VERTEX_POINT ( 'NONE', #6705 ) ;
#7212 = CARTESIAN_POINT ( 'NONE',  ( 0.8700000000000005507, 0.6664761515876238551, 2.000000000000000888 ) ) ;
#7213 = CARTESIAN_POINT ( 'NONE',  ( 1.719999999999998863, 0.1999999999999999833, 0.8700000000000001066 ) ) ;
#7214 = VECTOR ( 'NONE', #6061, 1000.000000000000000 ) ;
#7215 = EDGE_CURVE ( 'NONE', #6489, #1879, #2954, .T. ) ;
#7216 = ORIENTED_EDGE ( 'NONE', *, *, #7575, .T. ) ;
#7217 = LINE ( 'NONE', #3916, #1473 ) ;
#7218 = ORIENTED_EDGE ( 'NONE', *, *, #7508, .F. ) ;
#7219 = VECTOR ( 'NONE', #4504, 1000.000000000000000 ) ;
#7220 = AXIS2_PLACEMENT_3D ( 'NONE', #7466, #6747, #8115 ) ;
#7221 = LINE ( 'NONE', #3957, #1296 ) ;
#7222 = EDGE_CURVE ( 'NONE', #433, #1053, #5644, .T. ) ;
#7223 = ORIENTED_EDGE ( 'NONE', *, *, #5139, .T. ) ;
#7224 = ORIENTED_EDGE ( 'NONE', *, *, #6378, .F. ) ;
#7225 = SURFACE_SIDE_STYLE ('',( #7981 ) ) ;
#7226 = DIRECTION ( 'NONE',  ( -1.000000000000000000, 0.000000000000000000, 1.084202172485504681E-16 ) ) ;
#7227 = DIRECTION ( 'NONE',  ( 0.000000000000000000, -1.000000000000000000, 0.000000000000000000 ) ) ;
#7228 = LINE ( 'NONE', #8064, #7039 ) ;
#7229 = DIRECTION ( 'NONE',  ( 0.000000000000000000, 0.000000000000000000, -1.000000000000000000 ) ) ;
#7230 = EDGE_LOOP ( 'NONE', ( #6850, #2410, #6905, #2055 ) ) ;
#7231 = CARTESIAN_POINT ( 'NONE',  ( -0.3699999999999996625, 0.04999999999999999584, -1.720000000000000862 ) ) ;
#7232 = EDGE_LOOP ( 'NONE', ( #3298, #7590, #3539, #3370 ) ) ;
#7233 = CARTESIAN_POINT ( 'NONE',  ( -1.719999999999998863, 0.6664761515876242992, -0.8699999999999996625 ) ) ;
#7234 = DIRECTION ( 'NONE',  ( 1.000000000000000000, 0.000000000000000000, -0.000000000000000000 ) ) ;
#7235 = VECTOR ( 'NONE', #2538, 1000.000000000000000 ) ;
#7236 = VERTEX_POINT ( 'NONE', #849 ) ;
#7237 = VECTOR ( 'NONE', #1900, 1000.000000000000000 ) ;
#7238 = FACE_OUTER_BOUND ( 'NONE', #2644, .T. ) ;
#7239 = VERTEX_POINT ( 'NONE', #4288 ) ;
#7240 = EDGE_LOOP ( 'NONE', ( #5162, #2638, #2836, #7259, #4614 ) ) ;
#7241 = FACE_OUTER_BOUND ( 'NONE', #2171, .T. ) ;
#7242 = ORIENTED_EDGE ( 'NONE', *, *, #5998, .T. ) ;
#7243 =( LENGTH_UNIT ( ) NAMED_UNIT ( * ) SI_UNIT ( .MILLI., .METRE. ) );
#7244 = ADVANCED_FACE ( 'NONE', ( #2773 ), #2708, .T. ) ;
#7245 = ORIENTED_EDGE ( 'NONE', *, *, #1723, .F. ) ;
#7246 = CARTESIAN_POINT ( 'NONE',  ( -1.999999999999999112, 0.6664761515876242992, 0.3700000000000001066 ) ) ;
#7247 = PLANE ( 'NONE',  #1573 ) ;
#7248 = DIRECTION ( 'NONE',  ( -0.000000000000000000, 0.000000000000000000, 1.000000000000000000 ) ) ;
#7249 = DIRECTION ( 'NONE',  ( 1.000000000000000000, 0.000000000000000000, 0.000000000000000000 ) ) ;
#7250 = SURFACE_STYLE_USAGE ( .BOTH. , #4525 ) ;
#7251 = FACE_OUTER_BOUND ( 'NONE', #8542, .T. ) ;
#7252 = ORIENTED_EDGE ( 'NONE', *, *, #5273, .T. ) ;
#7253 = CARTESIAN_POINT ( 'NONE',  ( -1.719999999999998863, 0.6664761515876242992, 1.130000000000000338 ) ) ;
#7254 = VECTOR ( 'NONE', #6099, 1000.000000000000000 ) ;
#7255 = CARTESIAN_POINT ( 'NONE',  ( -1.150000000000000133, 0.2000000000000000944, -1.250000000000000222 ) ) ;
#7256 = EDGE_CURVE ( 'NONE', #3945, #956, #5725, .T. ) ;
#7257 = LINE ( 'NONE', #732, #4403 ) ;
#7258 = VECTOR ( 'NONE', #2982, 1000.000000000000000 ) ;
#7259 = ORIENTED_EDGE ( 'NONE', *, *, #6291, .F. ) ;
#7260 = ORIENTED_EDGE ( 'NONE', *, *, #6656, .T. ) ;
#7261 = PLANE ( 'NONE',  #6337 ) ;
#7262 = LINE ( 'NONE', #734, #4421 ) ;
#7263 = ORIENTED_EDGE ( 'NONE', *, *, #5995, .F. ) ;
#7264 = ORIENTED_EDGE ( 'NONE', *, *, #368, .F. ) ;
#7265 = LINE ( 'NONE', #6281, #4534 ) ;
#7266 = ORIENTED_EDGE ( 'NONE', *, *, #723, .T. ) ;
#7267 = PLANE ( 'NONE',  #5295 ) ;
#7268 = ADVANCED_FACE ( 'NONE', ( #33 ), #57, .F. ) ;
#7269 = LINE ( 'NONE', #3098, #7177 ) ;
#7270 = PLANE ( 'NONE',  #54 ) ;
#7271 = DIRECTION ( 'NONE',  ( -0.000000000000000000, -0.000000000000000000, 1.000000000000000000 ) ) ;
#7272 = CYLINDRICAL_SURFACE ( 'NONE', #3435, 0.1199999999999998845 ) ;
#7273 = CARTESIAN_POINT ( 'NONE',  ( -1.636363636363635132, 1.000000000000000000, -1.469696971363636973 ) ) ;
#7274 = VECTOR ( 'NONE', #4821, 1000.000000000000000 ) ;
#7275 = ORIENTED_EDGE ( 'NONE', *, *, #3546, .T. ) ;
#7276 = ORIENTED_EDGE ( 'NONE', *, *, #7155, .T. ) ;
#7277 = CARTESIAN_POINT ( 'NONE',  ( 1.149999999999999911, 0.2000000000000000944, -1.249999999999999778 ) ) ;
#7278 = DIRECTION ( 'NONE',  ( 0.000000000000000000, 0.000000000000000000, 1.000000000000000000 ) ) ;
#7279 = EDGE_CURVE ( 'NONE', #6406, #1054, #5697, .T. ) ;
#7280 = LINE ( 'NONE', #5746, #1210 ) ;
#7281 = DIRECTION ( 'NONE',  ( 0.000000000000000000, 0.000000000000000000, 1.000000000000000000 ) ) ;
#7282 = ORIENTED_EDGE ( 'NONE', *, *, #6121, .F. ) ;
#7283 = LINE ( 'NONE', #6192, #7366 ) ;
#7284 = FACE_OUTER_BOUND ( 'NONE', #5107, .T. ) ;
#7285 = ORIENTED_EDGE ( 'NONE', *, *, #4785, .F. ) ;
#7286 = FACE_OUTER_BOUND ( 'NONE', #785, .T. ) ;
#7287 = LINE ( 'NONE', #2769, #7335 ) ;
#7288 = AXIS2_PLACEMENT_3D ( 'NONE', #2859, #1321, #2739 ) ;
#7289 = PRESENTATION_STYLE_ASSIGNMENT (( #3419 ) ) ;
#7290 = ORIENTED_EDGE ( 'NONE', *, *, #4516, .F. ) ;
#7291 = ORIENTED_EDGE ( 'NONE', *, *, #2735, .F. ) ;
#7292 = DIRECTION ( 'NONE',  ( -1.000000000000000000, 0.000000000000000000, -0.000000000000000000 ) ) ;
#7293 = DIRECTION ( 'NONE',  ( -1.000000000000000000, 0.000000000000000000, 0.000000000000000000 ) ) ;
#7294 = CARTESIAN_POINT ( 'NONE',  ( 1.250000000000000000, 0.05000000000000000278, 0.000000000000000000 ) ) ;
#7295 = CARTESIAN_POINT ( 'NONE',  ( -1.719999999999998863, 0.1999999999999999833, 1.370000000000000107 ) ) ;
#7296 = DIRECTION ( 'NONE',  ( 0.000000000000000000, 1.000000000000000000, 0.000000000000000000 ) ) ;
#7297 = EDGE_CURVE ( 'NONE', #4944, #4459, #5662, .T. ) ;
#7298 = EDGE_LOOP ( 'NONE', ( #2742, #5636, #5704, #5669 ) ) ;
#7299 = DIRECTION ( 'NONE',  ( 0.000000000000000000, 1.000000000000000000, 0.000000000000000000 ) ) ;
#7300 = EDGE_LOOP ( 'NONE', ( #7319, #5854, #6882, #1265, #2522 ) ) ;
#7301 = AXIS2_PLACEMENT_3D ( 'NONE', #3289, #2792, #5916 ) ;
#7302 = LINE ( 'NONE', #337, #7509 ) ;
#7303 = AXIS2_PLACEMENT_3D ( 'NONE', #505, #8573, #561 ) ;
#7304 = EDGE_LOOP ( 'NONE', ( #5770, #2950, #8566, #268 ) ) ;
#7305 = LINE ( 'NONE', #6112, #4435 ) ;
#7306 = ORIENTED_EDGE ( 'NONE', *, *, #5178, .T. ) ;
#7307 = EDGE_LOOP ( 'NONE', ( #8303, #2620, #7181, #1883 ) ) ;
#7308 = AXIS2_PLACEMENT_3D ( 'NONE', #5437, #1527, #221 ) ;
#7309 =( GEOMETRIC_REPRESENTATION_CONTEXT ( 3 ) GLOBAL_UNCERTAINTY_ASSIGNED_CONTEXT ( ( #5444 ) ) GLOBAL_UNIT_ASSIGNED_CONTEXT ( ( #2834, #4893, #5583 ) ) REPRESENTATION_CONTEXT ( 'NONE', 'WORKASPACE' ) );
#7310 = PRESENTATION_STYLE_ASSIGNMENT (( #2361 ) ) ;
#7311 = ORIENTED_EDGE ( 'NONE', *, *, #1607, .F. ) ;
#7312 = CIRCLE ( 'NONE', #6745, 0.1199999999999998845 ) ;
#7313 = CARTESIAN_POINT ( 'NONE',  ( -0.8699999999999992184, 0.2000000000000000111, 1.720000000000000862 ) ) ;
#7314 = VERTEX_POINT ( 'NONE', #2894 ) ;
#7315 = CARTESIAN_POINT ( 'NONE',  ( 0.000000000000000000, 0.05000000000000000278, 1.370000000000000107 ) ) ;
#7316 = CARTESIAN_POINT ( 'NONE',  ( 1.130000000000000338, 0.2000000000000000111, -1.720000000000000862 ) ) ;
#7317 = CARTESIAN_POINT ( 'NONE',  ( -1.719999999999998863, 0.1999999999999999833, 0.3700000000000001066 ) ) ;
#7318 = LINE ( 'NONE', #3011, #1548 ) ;
#7319 = ORIENTED_EDGE ( 'NONE', *, *, #11, .T. ) ;
#7320 = DIRECTION ( 'NONE',  ( 0.000000000000000000, 0.000000000000000000, -1.000000000000000000 ) ) ;
#7321 = CARTESIAN_POINT ( 'NONE',  ( -0.6299999999999994493, 0.2000000000000000111, 2.000000000000000888 ) ) ;
#7322 = AXIS2_PLACEMENT_3D ( 'NONE', #6781, #646, #88 ) ;
#7323 = DIRECTION ( 'NONE',  ( 0.000000000000000000, 0.000000000000000000, 1.000000000000000000 ) ) ;
#7324 = ORIENTED_EDGE ( 'NONE', *, *, #6291, .T. ) ;
#7325 = ORIENTED_EDGE ( 'NONE', *, *, #3270, .F. ) ;
#7326 = CARTESIAN_POINT ( 'NONE',  ( 1.130000000000000338, 0.6664761515876238551, -2.000000000000000888 ) ) ;
#7327 = LINE ( 'NONE', #8208, #7387 ) ;
#7328 = EDGE_CURVE ( 'NONE', #7620, #3091, #2783, .T. ) ;
#7329 = ADVANCED_FACE ( 'NONE', ( #5615 ), #395, .F. ) ;
#7330 = PRESENTATION_STYLE_ASSIGNMENT (( #6231 ) ) ;
#7331 = VERTEX_POINT ( 'NONE', #3120 ) ;
#7332 = DIRECTION ( 'NONE',  ( 0.000000000000000000, 0.000000000000000000, -1.000000000000000000 ) ) ;
#7333 = EDGE_CURVE ( 'NONE', #8381, #1609, #5672, .T. ) ;
#7334 = DIRECTION ( 'NONE',  ( -0.000000000000000000, -1.000000000000000000, -0.000000000000000000 ) ) ;
#7335 = VECTOR ( 'NONE', #4623, 1000.000000000000000 ) ;
#7336 = CARTESIAN_POINT ( 'NONE',  ( 0.6300000000000007816, 0.2000000000000000111, 2.000000000000000888 ) ) ;
#7337 = LINE ( 'NONE', #3000, #7397 ) ;
#7338 = ORIENTED_EDGE ( 'NONE', *, *, #5790, .T. ) ;
#7339 = ORIENTED_EDGE ( 'NONE', *, *, #5775, .F. ) ;
#7340 = CARTESIAN_POINT ( 'NONE',  ( -0.8699999999999996625, 0.6664761515876238551, -1.720000000000000862 ) ) ;
#7341 = PLANE ( 'NONE',  #4471 ) ;
#7342 = DIRECTION ( 'NONE',  ( 7.744301232039308793E-16, -0.000000000000000000, 1.000000000000000000 ) ) ;
#7343 = AXIS2_PLACEMENT_3D ( 'NONE', #1215, #3138, #7152 ) ;
#7344 = EDGE_CURVE ( 'NONE', #1530, #851, #5605, .T. ) ;
#7345 = ORIENTED_EDGE ( 'NONE', *, *, #2544, .T. ) ;
#7346 = CIRCLE ( 'NONE', #400, 0.1199999999999998845 ) ;
#7347 = VERTEX_POINT ( 'NONE', #3067 ) ;
#7348 = LINE ( 'NONE', #359, #7258 ) ;
#7349 = ORIENTED_EDGE ( 'NONE', *, *, #8281, .T. ) ;
#7350 = VERTEX_POINT ( 'NONE', #5124 ) ;
#7351 = EDGE_CURVE ( 'NONE', #6323, #1515, #2841, .T. ) ;
#7352 = CARTESIAN_POINT ( 'NONE',  ( -1.249999999999999334, 0.2000000000000000111, 1.720000000000000862 ) ) ;
#7353 = CARTESIAN_POINT ( 'NONE',  ( 1.719999999999998863, 0.1999999999999999833, 0.1300000000000003375 ) ) ;
#7354 = CARTESIAN_POINT ( 'NONE',  ( 0.000000000000000000, 0.05000000000000000278, -0.1299999999999998934 ) ) ;
#7355 = CARTESIAN_POINT ( 'NONE',  ( 1.719999999999998863, 0.05000000000000002359, -0.1299999999999998934 ) ) ;
#7356 = DIRECTION ( 'NONE',  ( 0.000000000000000000, -1.000000000000000000, 0.000000000000000000 ) ) ;
#7357 = VECTOR ( 'NONE', #1160, 1000.000000000000000 ) ;
#7358 = EDGE_CURVE ( 'NONE', #3183, #1369, #5819, .T. ) ;
#7359 = CARTESIAN_POINT ( 'NONE',  ( 1.719999999999998863, 0.6664761515876242992, 0.3700000000000001066 ) ) ;
#7361 = EDGE_CURVE ( 'NONE', #6901, #1279, #45, .T. ) ;
#7360 = DIRECTION ( 'NONE',  ( 0.000000000000000000, 0.000000000000000000, 1.000000000000000000 ) ) ;
#7362 = ORIENTED_EDGE ( 'NONE', *, *, #7845, .F. ) ;
#7363 = ORIENTED_EDGE ( 'NONE', *, *, #7431, .T. ) ;
#7364 = ORIENTED_EDGE ( 'NONE', *, *, #5503, .T. ) ;
#7365 = LINE ( 'NONE', #4464, #1909 ) ;
#7366 = VECTOR ( 'NONE', #7696, 1000.000000000000000 ) ;
#7367 = DIRECTION ( 'NONE',  ( -1.000000000000000000, 0.000000000000000000, 7.744301232039308793E-16 ) ) ;
#7368 = EDGE_CURVE ( 'NONE', #158, #3989, #2967, .T. ) ;
#7369 =( NAMED_UNIT ( * ) PLANE_ANGLE_UNIT ( ) SI_UNIT ( $, .RADIAN. ) );
#7370 = ORIENTED_EDGE ( 'NONE', *, *, #3772, .F. ) ;
#7371 = DIRECTION ( 'NONE',  ( 1.000000000000000000, 0.000000000000000000, 0.000000000000000000 ) ) ;
#7372 = DIRECTION ( 'NONE',  ( 0.000000000000000000, 0.000000000000000000, -1.000000000000000000 ) ) ;
#7373 = EDGE_CURVE ( 'NONE', #638, #1684, #2890, .T. ) ;
#7374 = DIRECTION ( 'NONE',  ( 0.000000000000000000, 0.000000000000000000, 1.000000000000000000 ) ) ;
#7375 = DIRECTION ( 'NONE',  ( 0.000000000000000000, 1.000000000000000000, 0.000000000000000000 ) ) ;
#7376 = ORIENTED_EDGE ( 'NONE', *, *, #4551, .T. ) ;
#7377 = CARTESIAN_POINT ( 'NONE',  ( 1.370000000000000107, 0.6664761515876238551, -1.720000000000000862 ) ) ;
#7378 = CARTESIAN_POINT ( 'NONE',  ( -1.249999999999999334, 0.2000000000000000111, 1.720000000000000862 ) ) ;
#7379 = VECTOR ( 'NONE', #1290, 1000.000000000000000 ) ;
#7380 = CARTESIAN_POINT ( 'NONE',  ( 0.000000000000000000, 1.000000000000000000, 0.000000000000000000 ) ) ;
#7381 = LINE ( 'NONE', #5665, #7427 ) ;
#7382 = ORIENTED_EDGE ( 'NONE', *, *, #4291, .F. ) ;
#7383 = ORIENTED_EDGE ( 'NONE', *, *, #4338, .T. ) ;
#7384 = MANIFOLD_SOLID_BREP ( 'LPattern3[2]', #3852 ) ;
#7385 = PLANE ( 'NONE',  #7288 ) ;
#7386 = ADVANCED_FACE ( 'NONE', ( #69 ), #3003, .F. ) ;
#7387 = VECTOR ( 'NONE', #8382, 1000.000000000000000 ) ;
#7388 = LINE ( 'NONE', #4426, #4529 ) ;
#7389 = ORIENTED_EDGE ( 'NONE', *, *, #1395, .F. ) ;
#7390 = COLOUR_RGB ( '',0.7921568627450980005, 0.8196078431372548767, 0.9333333333333333481 ) ;
#7391 = ORIENTED_EDGE ( 'NONE', *, *, #5900, .F. ) ;
#7392 = EDGE_CURVE ( 'NONE', #7206, #5225, #94, .T. ) ;
#7393 = DIRECTION ( 'NONE',  ( 0.000000000000000000, 0.000000000000000000, 1.000000000000000000 ) ) ;
#7394 = CARTESIAN_POINT ( 'NONE',  ( 0.1300000000000007816, 0.000000000000000000, 2.000000000000000888 ) ) ;
#7395 = VECTOR ( 'NONE', #6601, 1000.000000000000000 ) ;
#7396 = DIRECTION ( 'NONE',  ( 1.000000000000000000, 0.000000000000000000, 0.000000000000000000 ) ) ;
#7397 = VECTOR ( 'NONE', #2755, 1000.000000000000000 ) ;
#7398 = VERTEX_POINT ( 'NONE', #7255 ) ;
#7399 = ORIENTED_EDGE ( 'NONE', *, *, #5175, .F. ) ;
#7400 = CARTESIAN_POINT ( 'NONE',  ( 1.719999999999998863, 0.1999999999999999833, 0.3700000000000001066 ) ) ;
#7401 = DIRECTION ( 'NONE',  ( 0.000000000000000000, 0.000000000000000000, -1.000000000000000000 ) ) ;
#7402 = DIRECTION ( 'NONE',  ( 0.000000000000000000, -0.000000000000000000, 1.000000000000000000 ) ) ;
#7403 = VECTOR ( 'NONE', #6968, 1000.000000000000000 ) ;
#7404 = CARTESIAN_POINT ( 'NONE',  ( -1.636363636363635132, 1.000000000000000000, -1.636363636363636909 ) ) ;
#7405 = ADVANCED_FACE ( 'NONE', ( #8541 ), #4488, .F. ) ;
#7406 = LINE ( 'NONE', #2244, #7423 ) ;
#7407 = VERTEX_POINT ( 'NONE', #2443 ) ;
#7408 = FACE_OUTER_BOUND ( 'NONE', #4745, .T. ) ;
#7409 = ORIENTED_EDGE ( 'NONE', *, *, #4442, .F. ) ;
#7410 = EDGE_LOOP ( 'NONE', ( #1680, #1739, #2944, #3931 ) ) ;
#7411 = CARTESIAN_POINT ( 'NONE',  ( 0.8700000000000001066, 0.05000000000000000278, 0.000000000000000000 ) ) ;
#7412 = AXIS2_PLACEMENT_3D ( 'NONE', #2025, #8213, #6297 ) ;
#7413 = CARTESIAN_POINT ( 'NONE',  ( 0.8700000000000005507, 0.6664761515876238551, 1.720000000000000862 ) ) ;
#7414 = EDGE_CURVE ( 'NONE', #5828, #7206, #5587, .T. ) ;
#7415 = DIRECTION ( 'NONE',  ( 0.000000000000000000, 0.000000000000000000, 1.000000000000000000 ) ) ;
#7416 = FILL_AREA_STYLE_COLOUR ( '', #5983 ) ;
#7417 = DIRECTION ( 'NONE',  ( 1.000000000000000000, -0.000000000000000000, 0.000000000000000000 ) ) ;
#7418 = AXIS2_PLACEMENT_3D ( 'NONE', #2499, #5931, #2622 ) ;
#7419 = PLANE ( 'NONE',  #675 ) ;
#7420 = CARTESIAN_POINT ( 'NONE',  ( -1.999999999999999112, 0.1999999999999999833, 0.8700000000000001066 ) ) ;
#7421 = CARTESIAN_POINT ( 'NONE',  ( -1.999999999999999112, 0.04999999999999969746, -0.8699999999999994404 ) ) ;
#7422 = CARTESIAN_POINT ( 'NONE',  ( 0.000000000000000000, 0.05000000000000000278, 0.3700000000000001066 ) ) ;
#7423 = VECTOR ( 'NONE', #4941, 1000.000000000000000 ) ;
#7424 = ORIENTED_EDGE ( 'NONE', *, *, #6121, .T. ) ;
#7425 = AXIS2_PLACEMENT_3D ( 'NONE', #8293, #374, #934 ) ;
#7426 = LINE ( 'NONE', #6713, #7395 ) ;
#7427 = VECTOR ( 'NONE', #3605, 1000.000000000000000 ) ;
#7428 = ORIENTED_EDGE ( 'NONE', *, *, #34, .T. ) ;
#7429 = ORIENTED_EDGE ( 'NONE', *, *, #6218, .F. ) ;
#7430 = LINE ( 'NONE', #390, #4697 ) ;
#7431 = EDGE_CURVE ( 'NONE', #5108, #5945, #8477, .T. ) ;
#7432 = FACE_OUTER_BOUND ( 'NONE', #4436, .T. ) ;
#7433 = DIRECTION ( 'NONE',  ( 1.000000000000000000, 0.000000000000000000, 0.000000000000000000 ) ) ;
#7434 = DIRECTION ( 'NONE',  ( 1.000000000000000000, -0.000000000000000000, 0.000000000000000000 ) ) ;
#7435 = CARTESIAN_POINT ( 'NONE',  ( 1.719999999999998863, 0.6664761515876242992, -0.3700000000000001066 ) ) ;
#7436 = CARTESIAN_POINT ( 'NONE',  ( -1.719999999999998863, 0.6664761515876242992, 0.8700000000000001066 ) ) ;
#7437 = DIRECTION ( 'NONE',  ( 0.000000000000000000, 0.000000000000000000, 1.000000000000000000 ) ) ;
#7438 = VERTEX_POINT ( 'NONE', #7801 ) ;
#7439 = CARTESIAN_POINT ( 'NONE',  ( 0.2500000000000006661, 0.6664761515876238551, 1.720000000000000862 ) ) ;
#7440 = DIRECTION ( 'NONE',  ( 0.000000000000000000, -1.000000000000000000, 0.000000000000000000 ) ) ;
#7441 = CARTESIAN_POINT ( 'NONE',  ( -1.999999999999999112, 0.6664761515876242992, -0.6299999999999998934 ) ) ;
#7442 = LINE ( 'NONE', #6017, #1612 ) ;
#7443 = EDGE_CURVE ( 'NONE', #1520, #7753, #8505, .T. ) ;
#7444 = DIRECTION ( 'NONE',  ( 0.000000000000000000, 1.000000000000000000, 0.000000000000000000 ) ) ;
#7445 = LINE ( 'NONE', #2815, #7274 ) ;
#7446 = ORIENTED_EDGE ( 'NONE', *, *, #2819, .T. ) ;
#7447 = ORIENTED_EDGE ( 'NONE', *, *, #6258, .T. ) ;
#7448 = CYLINDRICAL_SURFACE ( 'NONE', #1236, 0.1000000000000000472 ) ;
#7449 = LINE ( 'NONE', #5199, #7467 ) ;
#7450 = VECTOR ( 'NONE', #591, 1000.000000000000000 ) ;
#7451 = EDGE_LOOP ( 'NONE', ( #3534, #3470, #6066, #3810 ) ) ;
#7452 = DIRECTION ( 'NONE',  ( -0.000000000000000000, -1.000000000000000000, -0.000000000000000000 ) ) ;
#7453 = VECTOR ( 'NONE', #5687, 1000.000000000000000 ) ;
#7454 = CARTESIAN_POINT ( 'NONE',  ( 0.6300000000000001155, 0.1999999999999996503, -2.000000000000000888 ) ) ;
#7455 = CARTESIAN_POINT ( 'NONE',  ( -0.6299999999999994493, 0.6664761515876238551, 2.000000000000000888 ) ) ;
#7456 = DIRECTION ( 'NONE',  ( 0.000000000000000000, -1.000000000000000000, 0.000000000000000000 ) ) ;
#7457 = ORIENTED_EDGE ( 'NONE', *, *, #943, .F. ) ;
#7458 = ORIENTED_EDGE ( 'NONE', *, *, #6419, .T. ) ;
#7459 = DIRECTION ( 'NONE',  ( 0.000000000000000000, 0.000000000000000000, -1.000000000000000000 ) ) ;
#7460 = CARTESIAN_POINT ( 'NONE',  ( 1.999999999999999112, 0.6664761515876242992, -0.3699999999999994404 ) ) ;
#7461 = EDGE_CURVE ( 'NONE', #3479, #4286, #5628, .T. ) ;
#7462 = DIRECTION ( 'NONE',  ( 0.000000000000000000, -1.000000000000000000, 0.000000000000000000 ) ) ;
#7463 = CARTESIAN_POINT ( 'NONE',  ( 0.000000000000000000, 0.000000000000000000, 0.000000000000000000 ) ) ;
#7464 = ADVANCED_FACE ( 'NONE', ( #8602 ), #6454, .F. ) ;
#7465 = CIRCLE ( 'NONE', #523, 0.1199999999999998845 ) ;
#7466 = CARTESIAN_POINT ( 'NONE',  ( -1.719999999999998863, 0.05000000000000002359, 0.2500000000000004441 ) ) ;
#7467 = VECTOR ( 'NONE', #2623, 1000.000000000000000 ) ;
#7468 = ORIENTED_EDGE ( 'NONE', *, *, #6511, .T. ) ;
#7469 = EDGE_CURVE ( 'NONE', #2900, #1016, #6001, .T. ) ;
#7470 = VECTOR ( 'NONE', #7004, 1000.000000000000000 ) ;
#7471 = ORIENTED_EDGE ( 'NONE', *, *, #197, .T. ) ;
#7472 = ORIENTED_EDGE ( 'NONE', *, *, #4299, .F. ) ;
#7473 = EDGE_CURVE ( 'NONE', #3762, #2095, #230, .T. ) ;
#7474 = CARTESIAN_POINT ( 'NONE',  ( -1.636363636363635132, 0.9000000000000000222, -1.636363636363636909 ) ) ;
#7475 = CARTESIAN_POINT ( 'NONE',  ( 1.250000000000000000, 0.2000000000000000944, -1.149999999999999689 ) ) ;
#7476 = CARTESIAN_POINT ( 'NONE',  ( 1.130000000000000782, 0.000000000000000000, 2.000000000000000888 ) ) ;
#7477 = FACE_OUTER_BOUND ( 'NONE', #7943, .T. ) ;
#7478 = PLANE ( 'NONE',  #1460 ) ;
#7479 = DIRECTION ( 'NONE',  ( 0.000000000000000000, 1.000000000000000000, 0.000000000000000000 ) ) ;
#7480 = FACE_OUTER_BOUND ( 'NONE', #2679, .T. ) ;
#7481 = ADVANCED_FACE ( 'NONE', ( #6057 ), #190, .T. ) ;
#7482 = CARTESIAN_POINT ( 'NONE',  ( 0.1300000000000007816, 0.05000000000000000278, 0.000000000000000000 ) ) ;
#7483 = CARTESIAN_POINT ( 'NONE',  ( -1.249999999999999334, 0.04999999999999999584, 1.600000000000000977 ) ) ;
#7484 = VECTOR ( 'NONE', #487, 1000.000000000000000 ) ;
#7485 = ORIENTED_EDGE ( 'NONE', *, *, #5800, .T. ) ;
#7486 = ORIENTED_EDGE ( 'NONE', *, *, #3110, .T. ) ;
#7487 = VERTEX_POINT ( 'NONE', #7096 ) ;
#7488 = EDGE_CURVE ( 'NONE', #1198, #8389, #6045, .T. ) ;
#7489 = EDGE_CURVE ( 'NONE', #2431, #1161, #3182, .T. ) ;
#7490 = CYLINDRICAL_SURFACE ( 'NONE', #620, 0.1666666649999999361 ) ;
#7491 = LINE ( 'NONE', #1274, #1864 ) ;
#7492 =( LENGTH_UNIT ( ) NAMED_UNIT ( * ) SI_UNIT ( .MILLI., .METRE. ) );
#7493 = DIRECTION ( 'NONE',  ( 0.000000000000000000, 0.000000000000000000, 1.000000000000000000 ) ) ;
#7494 = CARTESIAN_POINT ( 'NONE',  ( 0.3700000000000001066, 0.2000000000000000111, -1.720000000000000862 ) ) ;
#7495 = MECHANICAL_DESIGN_GEOMETRIC_PRESENTATION_REPRESENTATION (  '', ( #7056 ), #6717 ) ;
#7496 = DIRECTION ( 'NONE',  ( 0.000000000000000000, 0.000000000000000000, 1.000000000000000000 ) ) ;
#7497 = DIRECTION ( 'NONE',  ( 0.000000000000000000, 0.000000000000000000, 1.000000000000000000 ) ) ;
#7498 = DIRECTION ( 'NONE',  ( 1.000000000000000000, 0.000000000000000000, -1.084202172485504681E-16 ) ) ;
#7499 = LINE ( 'NONE', #7895, #4354 ) ;
#7500 = ORIENTED_EDGE ( 'NONE', *, *, #7524, .F. ) ;
#7501 = PLANE ( 'NONE',  #1140 ) ;
#7502 = DIRECTION ( 'NONE',  ( -0.000000000000000000, 1.000000000000000000, 0.000000000000000000 ) ) ;
#7503 = DIRECTION ( 'NONE',  ( 1.000000000000000000, -0.000000000000000000, 7.744301232039308793E-16 ) ) ;
#7504 = LINE ( 'NONE', #4999, #1819 ) ;
#7505 = ORIENTED_EDGE ( 'NONE', *, *, #1740, .F. ) ;
#7506 = ORIENTED_EDGE ( 'NONE', *, *, #1063, .T. ) ;
#7507 = CARTESIAN_POINT ( 'NONE',  ( 0.1300000000000003375, 0.6664761515876238551, -2.000000000000000888 ) ) ;
#7508 = EDGE_CURVE ( 'NONE', #8603, #239, #3009, .T. ) ;
#7509 = VECTOR ( 'NONE', #2956, 1000.000000000000000 ) ;
#7510 = EDGE_LOOP ( 'NONE', ( #5786, #8507, #4007, #7218 ) ) ;
#7511 = DIRECTION ( 'NONE',  ( 0.000000000000000000, -1.000000000000000000, 0.000000000000000000 ) ) ;
#7512 = LINE ( 'NONE', #4461, #1829 ) ;
#7513 = DIRECTION ( 'NONE',  ( 0.000000000000000000, 1.000000000000000000, 0.000000000000000000 ) ) ;
#7514 = DIRECTION ( 'NONE',  ( -1.000000000000000000, 0.000000000000000000, 1.084202172485504434E-16 ) ) ;
#7515 = VERTEX_POINT ( 'NONE', #3248 ) ;
#7516 = EDGE_LOOP ( 'NONE', ( #3832, #4001, #7001, #2436 ) ) ;
#7517 = CARTESIAN_POINT ( 'NONE',  ( 0.7500000000000006661, 0.04999999999999999584, 1.720000000000000862 ) ) ;
#7518 = DIRECTION ( 'NONE',  ( 0.000000000000000000, 0.000000000000000000, 1.000000000000000000 ) ) ;
#7519 = DIRECTION ( 'NONE',  ( -1.000000000000000000, 0.000000000000000000, -0.000000000000000000 ) ) ;
#7520 = LINE ( 'NONE', #952, #1622 ) ;
#7521 = DIRECTION ( 'NONE',  ( 0.000000000000000000, -0.000000000000000000, 1.000000000000000000 ) ) ;
#7522 = PRESENTATION_LAYER_ASSIGNMENT (  '', '', ( #5647 ) ) ;
#7523 = EDGE_LOOP ( 'NONE', ( #3076, #1642, #1482, #7106 ) ) ;
#7524 = EDGE_CURVE ( 'NONE', #5684, #2090, #258, .T. ) ;
#7525 = AXIS2_PLACEMENT_3D ( 'NONE', #8367, #4778, #1709 ) ;
#7526 = FACE_OUTER_BOUND ( 'NONE', #6746, .T. ) ;
#7527 = ORIENTED_EDGE ( 'NONE', *, *, #2532, .F. ) ;
#7528 = ORIENTED_EDGE ( 'NONE', *, *, #1931, .T. ) ;
#7529 = CARTESIAN_POINT ( 'NONE',  ( -1.369999999999999218, 0.1999999999999999833, 2.000000000000000888 ) ) ;
#7530 = CARTESIAN_POINT ( 'NONE',  ( -1.999999999999999112, 0.000000000000000000, 0.3700000000000001066 ) ) ;
#7531 = DIRECTION ( 'NONE',  ( 7.744301232039308793E-16, 0.000000000000000000, 1.000000000000000000 ) ) ;
#7532 = ADVANCED_FACE ( 'NONE', ( #3273 ), #6887, .F. ) ;
#7533 = CIRCLE ( 'NONE', #7322, 0.1199999999999998845 ) ;
#7534 = AXIS2_PLACEMENT_3D ( 'NONE', #935, #3620, #4851 ) ;
#7535 = CARTESIAN_POINT ( 'NONE',  ( -1.369999999999999218, 0.1999999999999999833, 2.000000000000000888 ) ) ;
#7536 = CARTESIAN_POINT ( 'NONE',  ( -1.249999999999999334, 0.04999999999999999584, 1.720000000000000862 ) ) ;
#7537 = AXIS2_PLACEMENT_3D ( 'NONE', #4566, #2402, #1902 ) ;
#7538 = CARTESIAN_POINT ( 'NONE',  ( -1.636363636363635132, 0.9000000000000000222, -1.469696971363636973 ) ) ;
#7539 = CARTESIAN_POINT ( 'NONE',  ( 1.719999999999998863, 0.6664761515876242992, -0.7500000000000002220 ) ) ;
#7540 = LINE ( 'NONE', #720, #1752 ) ;
#7541 = ORIENTED_EDGE ( 'NONE', *, *, #6597, .F. ) ;
#7542 = EDGE_CURVE ( 'NONE', #2918, #7940, #3036, .T. ) ;
#7543 = LINE ( 'NONE', #6328, #7470 ) ;
#7544 = ORIENTED_EDGE ( 'NONE', *, *, #5678, .T. ) ;
#7545 = ORIENTED_EDGE ( 'NONE', *, *, #6834, .T. ) ;
#7546 = VECTOR ( 'NONE', #8085, 1000.000000000000000 ) ;
#7547 = EDGE_CURVE ( 'NONE', #8600, #2768, #5949, .T. ) ;
#7548 = CARTESIAN_POINT ( 'NONE',  ( 0.6300000000000007816, 0.2000000000000000111, 1.720000000000000862 ) ) ;
#7549 = ADVANCED_FACE ( 'NONE', ( #6144 ), #8368, .F. ) ;
#7550 = DIRECTION ( 'NONE',  ( 0.000000000000000000, 0.000000000000000000, 1.000000000000000000 ) ) ;
#7551 = DIRECTION ( 'NONE',  ( 0.000000000000000000, -0.000000000000000000, 1.000000000000000000 ) ) ;
#7552 = DIRECTION ( 'NONE',  ( 0.000000000000000000, 0.000000000000000000, -1.000000000000000000 ) ) ;
#7553 = EDGE_LOOP ( 'NONE', ( #8592, #3176, #516, #2803 ) ) ;
#7554 = CARTESIAN_POINT ( 'NONE',  ( 1.370000000000000551, 0.2000000000000000111, 1.720000000000000862 ) ) ;
#7555 = LINE ( 'NONE', #535, #4536 ) ;
#7556 = ORIENTED_EDGE ( 'NONE', *, *, #5614, .F. ) ;
#7557 = ORIENTED_EDGE ( 'NONE', *, *, #2602, .T. ) ;
#7558 = CARTESIAN_POINT ( 'NONE',  ( -1.719999999999998863, 0.1999999999999999833, 0.8700000000000001066 ) ) ;
#7559 = LINE ( 'NONE', #1030, #4828 ) ;
#7560 = LINE ( 'NONE', #7441, #7640 ) ;
#7561 = EDGE_CURVE ( 'NONE', #7149, #3825, #3158, .T. ) ;
#7562 = EDGE_LOOP ( 'NONE', ( #7545, #4734, #4419, #7338 ) ) ;
#7563 = DIRECTION ( 'NONE',  ( 0.000000000000000000, 0.000000000000000000, -1.000000000000000000 ) ) ;
#7564 = DIRECTION ( 'NONE',  ( 0.000000000000000000, 0.000000000000000000, -1.000000000000000000 ) ) ;
#7565 = LINE ( 'NONE', #1813, #4773 ) ;
#7566 = CARTESIAN_POINT ( 'NONE',  ( -1.999999999999999112, 0.04999999999999969746, -1.129999999999999893 ) ) ;
#7567 = VERTEX_POINT ( 'NONE', #5635 ) ;
#7568 = ORIENTED_EDGE ( 'NONE', *, *, #3291, .F. ) ;
#7569 = CARTESIAN_POINT ( 'NONE',  ( -0.6299999999999994493, 0.04999999999999969746, 2.000000000000000888 ) ) ;
#7570 = CARTESIAN_POINT ( 'NONE',  ( 0.3700000000000005507, 0.6664761515876238551, 2.000000000000000888 ) ) ;
#7571 = CARTESIAN_POINT ( 'NONE',  ( -1.999999999999999112, 0.04999999999999969746, -0.1299999999999998934 ) ) ;
#7572 = VECTOR ( 'NONE', #5137, 1000.000000000000000 ) ;
#7573 = DIRECTION ( 'NONE',  ( -0.000000000000000000, -1.000000000000000000, -0.000000000000000000 ) ) ;
#7574 = EDGE_CURVE ( 'NONE', #4557, #4222, #5981, .T. ) ;
#7575 = EDGE_CURVE ( 'NONE', #5318, #7911, #162, .T. ) ;
#7576 = VECTOR ( 'NONE', #8026, 1000.000000000000000 ) ;
#7577 = ORIENTED_EDGE ( 'NONE', *, *, #8038, .T. ) ;
#7578 = VECTOR ( 'NONE', #3532, 1000.000000000000000 ) ;
#7579 = VERTEX_POINT ( 'NONE', #3644 ) ;
#7580 = EDGE_LOOP ( 'NONE', ( #7006, #2152, #5408, #8377 ) ) ;
#7581 = DIRECTION ( 'NONE',  ( -7.744301232039308793E-16, 0.000000000000000000, 1.000000000000000000 ) ) ;
#7582 = SURFACE_SIDE_STYLE ('',( #3077 ) ) ;
#7583 = LINE ( 'NONE', #6018, #1581 ) ;
#7584 = CARTESIAN_POINT ( 'NONE',  ( 1.370000000000000551, 0.1999999999999999833, 2.000000000000000888 ) ) ;
#7585 = CARTESIAN_POINT ( 'NONE',  ( 2.000000000000000888, 1.000000000000000000, 1.999999999999999112 ) ) ;
#7586 = CARTESIAN_POINT ( 'NONE',  ( -1.249999999999999778, 0.2000000000000000111, -1.720000000000000862 ) ) ;
#7587 = COLOUR_RGB ( '',0.7921568627450980005, 0.8196078431372548767, 0.9333333333333333481 ) ;
#7588 = ORIENTED_EDGE ( 'NONE', *, *, #5909, .F. ) ;
#7589 = EDGE_CURVE ( 'NONE', #6627, #6199, #3238, .T. ) ;
#7590 = ORIENTED_EDGE ( 'NONE', *, *, #7652, .T. ) ;
#7591 = ORIENTED_EDGE ( 'NONE', *, *, #6232, .F. ) ;
#7592 = AXIS2_PLACEMENT_3D ( 'NONE', #4798, #5476, #4958 ) ;
#7593 = ADVANCED_FACE ( 'NONE', ( #3168 ), #3854, .T. ) ;
#7594 = CIRCLE ( 'NONE', #5835, 0.1199999999999998845 ) ;
#7595 = CARTESIAN_POINT ( 'NONE',  ( -1.999999999999999112, 0.6664761515876242992, 0.1300000000000005596 ) ) ;
#7596 = CARTESIAN_POINT ( 'NONE',  ( 1.370000000000000551, 0.2000000000000000111, 2.000000000000000888 ) ) ;
#7597 = SURFACE_SIDE_STYLE ('',( #7840 ) ) ;
#7598 = CARTESIAN_POINT ( 'NONE',  ( 1.370000000000000551, 0.000000000000000000, 2.000000000000000888 ) ) ;
#7599 = DIRECTION ( 'NONE',  ( 0.000000000000000000, 0.000000000000000000, 1.000000000000000000 ) ) ;
#7600 = VECTOR ( 'NONE', #8211, 1000.000000000000000 ) ;
#7601 = VERTEX_POINT ( 'NONE', #1917 ) ;
#7602 = DIRECTION ( 'NONE',  ( 0.000000000000000000, 0.000000000000000000, 1.000000000000000000 ) ) ;
#7603 = DIRECTION ( 'NONE',  ( -0.000000000000000000, -1.000000000000000000, -0.000000000000000000 ) ) ;
#7604 = EDGE_CURVE ( 'NONE', #4043, #4924, #418, .T. ) ;
#7605 = VERTEX_POINT ( 'NONE', #7963 ) ;
#7606 = ORIENTED_EDGE ( 'NONE', *, *, #2986, .T. ) ;
#7607 = FILL_AREA_STYLE ('',( #4311 ) ) ;
#7608 = ORIENTED_EDGE ( 'NONE', *, *, #6998, .T. ) ;
#7609 = LINE ( 'NONE', #7208, #1800 ) ;
#7610 = ADVANCED_FACE ( 'NONE', ( #6163 ), #5893, .F. ) ;
#7611 = VECTOR ( 'NONE', #7248, 1000.000000000000000 ) ;
#7612 = ORIENTED_EDGE ( 'NONE', *, *, #3588, .F. ) ;
#7613 = DIRECTION ( 'NONE',  ( -0.000000000000000000, -1.000000000000000000, -0.000000000000000000 ) ) ;
#7614 = LINE ( 'NONE', #4406, #7647 ) ;
#7615 = DIRECTION ( 'NONE',  ( 1.000000000000000000, -0.000000000000000000, 0.000000000000000000 ) ) ;
#7616 = FILL_AREA_STYLE_COLOUR ( '', #6519 ) ;
#7617 = ORIENTED_EDGE ( 'NONE', *, *, #6003, .F. ) ;
#7618 = ORIENTED_EDGE ( 'NONE', *, *, #8611, .T. ) ;
#7619 = DIRECTION ( 'NONE',  ( 0.000000000000000000, 0.000000000000000000, 1.000000000000000000 ) ) ;
#7620 = VERTEX_POINT ( 'NONE', #2539 ) ;
#7621 = PLANE ( 'NONE',  #5310 ) ;
#7622 = DIRECTION ( 'NONE',  ( 7.744301232039308793E-16, 0.000000000000000000, 1.000000000000000000 ) ) ;
#7623 = VECTOR ( 'NONE', #3816, 1000.000000000000000 ) ;
#7624 = AXIS2_PLACEMENT_3D ( 'NONE', #6430, #1545, #5062 ) ;
#7625 = ORIENTED_EDGE ( 'NONE', *, *, #8604, .F. ) ;
#7626 = ADVANCED_FACE ( 'NONE', ( #216 ), #2420, .F. ) ;
#7627 = VECTOR ( 'NONE', #3895, 1000.000000000000000 ) ;
#7628 = EDGE_CURVE ( 'NONE', #4360, #5609, #3280, .T. ) ;
#7629 = ORIENTED_EDGE ( 'NONE', *, *, #1019, .T. ) ;
#7630 = ORIENTED_EDGE ( 'NONE', *, *, #5409, .F. ) ;
#7631 = DIRECTION ( 'NONE',  ( 1.000000000000000000, -0.000000000000000000, -0.000000000000000000 ) ) ;
#7632 = DIRECTION ( 'NONE',  ( 1.000000000000000000, 0.000000000000000000, -0.000000000000000000 ) ) ;
#7633 = LINE ( 'NONE', #5483, #4842 ) ;
#7634 = EDGE_CURVE ( 'NONE', #2795, #6489, #6028, .T. ) ;
#7635 = FILL_AREA_STYLE_COLOUR ( '', #581 ) ;
#7636 = ORIENTED_EDGE ( 'NONE', *, *, #3757, .T. ) ;
#7637 = AXIS2_PLACEMENT_3D ( 'NONE', #6768, #6831, #1429 ) ;
#7638 = ORIENTED_EDGE ( 'NONE', *, *, #8525, .F. ) ;
#7639 = ORIENTED_EDGE ( 'NONE', *, *, #2524, .T. ) ;
#7640 = VECTOR ( 'NONE', #6138, 1000.000000000000000 ) ;
#7641 = CARTESIAN_POINT ( 'NONE',  ( 1.370000000000000107, 0.2000000000000000111, -1.720000000000000862 ) ) ;
#7642 = CARTESIAN_POINT ( 'NONE',  ( 1.999999999999999112, 0.6664761515876242992, 0.6300000000000005596 ) ) ;
#7643 = PLANE ( 'NONE',  #7592 ) ;
#7644 = CARTESIAN_POINT ( 'NONE',  ( 1.719999999999998863, 0.1999999999999999833, 1.370000000000000107 ) ) ;
#7645 = ORIENTED_EDGE ( 'NONE', *, *, #1915, .F. ) ;
#7646 = PLANE ( 'NONE',  #4722 ) ;
#7647 = VECTOR ( 'NONE', #8304, 1000.000000000000000 ) ;
#7648 = VERTEX_POINT ( 'NONE', #4587 ) ;
#7649 = ORIENTED_EDGE ( 'NONE', *, *, #605, .F. ) ;
#7650 = DIRECTION ( 'NONE',  ( 0.000000000000000000, 0.000000000000000000, 1.000000000000000000 ) ) ;
#7651 = CARTESIAN_POINT ( 'NONE',  ( -1.719999999999998863, 0.6664761515876242992, 1.130000000000000560 ) ) ;
#7652 = EDGE_CURVE ( 'NONE', #2767, #6375, #3129, .T. ) ;
#7653 = ADVANCED_FACE ( 'NONE', ( #343 ), #3286, .F. ) ;
#7654 = ORIENTED_EDGE ( 'NONE', *, *, #7256, .F. ) ;
#7655 = CARTESIAN_POINT ( 'NONE',  ( -1.719999999999998863, 0.6664761515876242992, 0.6300000000000003375 ) ) ;
#7656 = DIRECTION ( 'NONE',  ( 0.000000000000000000, 0.000000000000000000, 1.000000000000000000 ) ) ;
#7657 = LINE ( 'NONE', #8484, #4657 ) ;
#7658 = CARTESIAN_POINT ( 'NONE',  ( -0.6299999999999998934, 0.6664761515876238551, -2.000000000000000888 ) ) ;
#7659 = DIRECTION ( 'NONE',  ( 0.000000000000000000, 1.000000000000000000, 0.000000000000000000 ) ) ;
#7660 = ORIENTED_EDGE ( 'NONE', *, *, #3559, .T. ) ;
#7661 = ORIENTED_EDGE ( 'NONE', *, *, #282, .T. ) ;
#7662 = CARTESIAN_POINT ( 'NONE',  ( -1.719999999999998863, 0.1999999999999999833, 0.1300000000000003375 ) ) ;
#7663 = EDGE_CURVE ( 'NONE', #2157, #5330, #294, .T. ) ;
#7664 = CARTESIAN_POINT ( 'NONE',  ( -1.719999999999998863, 0.000000000000000000, -0.2499999999999995837 ) ) ;
#7665 = DIRECTION ( 'NONE',  ( 0.000000000000000000, 0.000000000000000000, 1.000000000000000000 ) ) ;
#7667 = EDGE_CURVE ( 'NONE', #1515, #18, #306, .T. ) ;
#7666 = CARTESIAN_POINT ( 'NONE',  ( -1.249999999999999334, 0.000000000000000000, 1.720000000000000862 ) ) ;
#7668 = CARTESIAN_POINT ( 'NONE',  ( -1.249999999999999334, 0.6664761515876238551, 1.720000000000000862 ) ) ;
#7669 = CARTESIAN_POINT ( 'NONE',  ( -1.249999999999999778, 0.2000000000000000111, -1.720000000000000862 ) ) ;
#7670 = CARTESIAN_POINT ( 'NONE',  ( 0.3700000000000005507, 0.1999999999999999833, 2.000000000000000888 ) ) ;
#7671 = ADVANCED_FACE ( 'NONE', ( #330 ), #3754, .F. ) ;
#7672 = AXIS2_PLACEMENT_3D ( 'NONE', #597, #4526, #2671 ) ;
#7673 = ORIENTED_EDGE ( 'NONE', *, *, #4094, .T. ) ;
#7674 = ORIENTED_EDGE ( 'NONE', *, *, #7628, .F. ) ;
#7675 = ORIENTED_EDGE ( 'NONE', *, *, #2780, .T. ) ;
#7676 = CARTESIAN_POINT ( 'NONE',  ( -1.719999999999998863, 0.1999999999999999833, 0.6300000000000005596 ) ) ;
#7677 = DIRECTION ( 'NONE',  ( -0.000000000000000000, -1.000000000000000000, -0.000000000000000000 ) ) ;
#7678 = PLANE ( 'NONE',  #8356 ) ;
#7679 =( NAMED_UNIT ( * ) SI_UNIT ( $, .STERADIAN. ) SOLID_ANGLE_UNIT ( ) );
#7680 = EDGE_CURVE ( 'NONE', #8454, #8128, #3194, .T. ) ;
#7681 = MANIFOLD_SOLID_BREP ( 'LPattern3[5]', #351 ) ;
#7682 = DIRECTION ( 'NONE',  ( -0.000000000000000000, 0.000000000000000000, 1.000000000000000000 ) ) ;
#7683 = AXIS2_PLACEMENT_3D ( 'NONE', #299, #912, #4298 ) ;
#7684 = ORIENTED_EDGE ( 'NONE', *, *, #1248, .F. ) ;
#7685 = DIRECTION ( 'NONE',  ( 0.000000000000000000, 1.000000000000000000, 0.000000000000000000 ) ) ;
#7686 = LINE ( 'NONE', #3656, #7751 ) ;
#7687 = ORIENTED_EDGE ( 'NONE', *, *, #4227, .F. ) ;
#7688 = ORIENTED_EDGE ( 'NONE', *, *, #4756, .F. ) ;
#7689 = AXIS2_PLACEMENT_3D ( 'NONE', #2447, #3774, #7153 ) ;
#7690 = FACE_OUTER_BOUND ( 'NONE', #5394, .T. ) ;
#7691 = DIRECTION ( 'NONE',  ( -0.000000000000000000, -1.000000000000000000, -0.000000000000000000 ) ) ;
#7692 = FACE_OUTER_BOUND ( 'NONE', #3087, .T. ) ;
#7693 = EDGE_CURVE ( 'NONE', #4460, #2673, #495, .T. ) ;
#7694 = CARTESIAN_POINT ( 'NONE',  ( -0.8699999999999996625, 0.2000000000000000111, -1.720000000000000862 ) ) ;
#7695 = CARTESIAN_POINT ( 'NONE',  ( -0.1299999999999994771, 0.04999999999999969746, 2.000000000000000888 ) ) ;
#7696 = DIRECTION ( 'NONE',  ( -1.000000000000000000, -0.000000000000000000, -7.744301232039308793E-16 ) ) ;
#7697 = DIRECTION ( 'NONE',  ( 0.000000000000000000, -1.000000000000000000, 0.000000000000000000 ) ) ;
#7698 = AXIS2_PLACEMENT_3D ( 'NONE', #598, #7965, #759 ) ;
#7699 = ORIENTED_EDGE ( 'NONE', *, *, #1756, .F. ) ;
#7700 = DIRECTION ( 'NONE',  ( 0.000000000000000000, 1.000000000000000000, 0.000000000000000000 ) ) ;
#7701 = CARTESIAN_POINT ( 'NONE',  ( -1.636363636363635132, 0.9000000000000000222, -1.636363636363636909 ) ) ;
#7702 = MECHANICAL_DESIGN_GEOMETRIC_PRESENTATION_REPRESENTATION (  '', ( #4889 ), #6147 ) ;
#7703 = ORIENTED_EDGE ( 'NONE', *, *, #2897, .F. ) ;
#7704 = ORIENTED_EDGE ( 'NONE', *, *, #3761, .F. ) ;
#7705 = CARTESIAN_POINT ( 'NONE',  ( -0.1299999999999998934, 0.04999999999999999584, -1.720000000000000862 ) ) ;
#7706 = AXIS2_PLACEMENT_3D ( 'NONE', #4165, #5771, #8445 ) ;
#7707 = AXIS2_PLACEMENT_3D ( 'NONE', #6950, #7128, #8418 ) ;
#7708 = CIRCLE ( 'NONE', #5542, 0.1199999999999998845 ) ;
#7709 = ORIENTED_EDGE ( 'NONE', *, *, #5195, .F. ) ;
#7710 = DIRECTION ( 'NONE',  ( 0.000000000000000000, 1.000000000000000000, 0.000000000000000000 ) ) ;
#7711 = CARTESIAN_POINT ( 'NONE',  ( 1.999999999999999112, 0.000000000000000000, 0.3700000000000001066 ) ) ;
#7712 = VERTEX_POINT ( 'NONE', #7644 ) ;
#7713 = VERTEX_POINT ( 'NONE', #755 ) ;
#7714 = AXIS2_PLACEMENT_3D ( 'NONE', #7960, #5532, #43 ) ;
#7715 = DIRECTION ( 'NONE',  ( 1.000000000000000000, -0.000000000000000000, 0.000000000000000000 ) ) ;
#7716 = ADVANCED_FACE ( 'NONE', ( #3330 ), #681, .F. ) ;
#7717 = DIRECTION ( 'NONE',  ( 0.000000000000000000, 0.000000000000000000, -1.000000000000000000 ) ) ;
#7718 = CARTESIAN_POINT ( 'NONE',  ( 0.8700000000000001066, 0.6664761515876238551, -2.000000000000000888 ) ) ;
#7719 = LINE ( 'NONE', #6196, #4855 ) ;
#7720 = VECTOR ( 'NONE', #1780, 1000.000000000000000 ) ;
#7721 = EDGE_CURVE ( 'NONE', #2812, #5982, #3589, .T. ) ;
#7722 = ORIENTED_EDGE ( 'NONE', *, *, #8043, .F. ) ;
#7723 = EDGE_LOOP ( 'NONE', ( #4241, #2373, #4052, #4132 ) ) ;
#7724 = ORIENTED_EDGE ( 'NONE', *, *, #4452, .T. ) ;
#7725 = CARTESIAN_POINT ( 'NONE',  ( -1.999999999999999112, 0.000000000000000000, 0.6300000000000005596 ) ) ;
#7726 = MANIFOLD_SOLID_BREP ( 'LPattern4[8]', #298 ) ;
#7727 = CARTESIAN_POINT ( 'NONE',  ( -0.2499999999999993616, 0.6664761515876238551, 1.720000000000000862 ) ) ;
#7728 = DIRECTION ( 'NONE',  ( 0.000000000000000000, 0.000000000000000000, -1.000000000000000000 ) ) ;
#7729 = CARTESIAN_POINT ( 'NONE',  ( -0.7499999999999993339, 0.2000000000000000111, 1.600000000000000977 ) ) ;
#7730 = VECTOR ( 'NONE', #3731, 1000.000000000000000 ) ;
#7731 = ADVANCED_FACE ( 'NONE', ( #3566 ), #813, .F. ) ;
#7732 = AXIS2_PLACEMENT_3D ( 'NONE', #2943, #2175, #3573 ) ;
#7733 = EDGE_CURVE ( 'NONE', #8366, #5876, #6567, .T. ) ;
#7734 = CARTESIAN_POINT ( 'NONE',  ( -1.719999999999998863, 0.1999999999999999833, -0.2499999999999995837 ) ) ;
#7735 = CIRCLE ( 'NONE', #1343, 0.1199999999999998845 ) ;
#7736 = ORIENTED_EDGE ( 'NONE', *, *, #1551, .T. ) ;
#7737 = CARTESIAN_POINT ( 'NONE',  ( -1.719999999999998863, 0.1999999999999999833, 0.1300000000000005596 ) ) ;
#7738 = LINE ( 'NONE', #7435, #1775 ) ;
#7739 = ORIENTED_EDGE ( 'NONE', *, *, #5614, .T. ) ;
#7740 = ORIENTED_EDGE ( 'NONE', *, *, #7972, .T. ) ;
#7741 = CARTESIAN_POINT ( 'NONE',  ( -0.7499999999999993339, 0.6664761515876238551, 1.600000000000000977 ) ) ;
#7742 = EDGE_CURVE ( 'NONE', #3309, #2341, #3693, .T. ) ;
#7743 = LINE ( 'NONE', #5254, #5041 ) ;
#7744 = DIRECTION ( 'NONE',  ( -0.000000000000000000, -1.000000000000000000, -0.000000000000000000 ) ) ;
#7745 = EDGE_CURVE ( 'NONE', #8454, #4844, #3666, .T. ) ;
#7746 = CARTESIAN_POINT ( 'NONE',  ( 0.3700000000000001066, 0.6664761515876238551, -1.720000000000000862 ) ) ;
#7747 = LINE ( 'NONE', #8588, #1967 ) ;
#7748 = EDGE_LOOP ( 'NONE', ( #6540, #7285, #5616, #7391 ) ) ;
#7749 = PLANE ( 'NONE',  #5450 ) ;
#7750 = EDGE_CURVE ( 'NONE', #1442, #5812, #465, .T. ) ;
#7751 = VECTOR ( 'NONE', #4229, 1000.000000000000000 ) ;
#7752 = EDGE_LOOP ( 'NONE', ( #6145, #7216, #4535, #7168 ) ) ;
#7753 = VERTEX_POINT ( 'NONE', #6193 ) ;
#7754 = PLANE ( 'NONE',  #7689 ) ;
#7755 = FACE_OUTER_BOUND ( 'NONE', #4308, .T. ) ;
#7756 = EDGE_CURVE ( 'NONE', #3007, #160, #693, .T. ) ;
#7757 = CIRCLE ( 'NONE', #3529, 0.1199999999999998845 ) ;
#7758 = ORIENTED_EDGE ( 'NONE', *, *, #6791, .T. ) ;
#7759 = EDGE_CURVE ( 'NONE', #1054, #2691, #6458, .T. ) ;
#7760 = DIRECTION ( 'NONE',  ( -0.000000000000000000, -0.000000000000000000, -1.000000000000000000 ) ) ;
#7761 = FACE_OUTER_BOUND ( 'NONE', #1647, .T. ) ;
#7762 = DIRECTION ( 'NONE',  ( 0.000000000000000000, 0.000000000000000000, -1.000000000000000000 ) ) ;
#7763 = ORIENTED_EDGE ( 'NONE', *, *, #859, .T. ) ;
#7764 = VERTEX_POINT ( 'NONE', #1568 ) ;
#7765 = UNCERTAINTY_MEASURE_WITH_UNIT (LENGTH_MEASURE( 1.000000000000000082E-05 ), #6849, 'distance_accuracy_value', 'NONE');
#7766 =( LENGTH_UNIT ( ) NAMED_UNIT ( * ) SI_UNIT ( .MILLI., .METRE. ) );
#7767 = AXIS2_PLACEMENT_3D ( 'NONE', #1801, #4448, #2462 ) ;
#7768 = DIRECTION ( 'NONE',  ( 0.000000000000000000, 0.000000000000000000, -1.000000000000000000 ) ) ;
#7769 = DIRECTION ( 'NONE',  ( 7.744301232039308793E-16, -0.000000000000000000, 1.000000000000000000 ) ) ;
#7770 = CARTESIAN_POINT ( 'NONE',  ( -0.2499999999999993616, 0.04999999999999999584, 1.600000000000000977 ) ) ;
#7771 = VECTOR ( 'NONE', #4255, 1000.000000000000000 ) ;
#7772 = VECTOR ( 'NONE', #1353, 1000.000000000000000 ) ;
#7773 = ORIENTED_EDGE ( 'NONE', *, *, #71, .T. ) ;
#7774 = CIRCLE ( 'NONE', #982, 0.1199999999999998845 ) ;
#7775 = EDGE_CURVE ( 'NONE', #6204, #2307, #508, .T. ) ;
#7776 = FACE_OUTER_BOUND ( 'NONE', #4220, .T. ) ;
#7777 = ORIENTED_EDGE ( 'NONE', *, *, #5683, .F. ) ;
#7778 = DIRECTION ( 'NONE',  ( 1.000000000000000000, 0.000000000000000000, 7.744301232039308793E-16 ) ) ;
#7779 = DIRECTION ( 'NONE',  ( 0.000000000000000000, 1.000000000000000000, 0.000000000000000000 ) ) ;
#7780 = ADVANCED_FACE ( 'NONE', ( #3616 ), #6417, .F. ) ;
#7781 = DIRECTION ( 'NONE',  ( -0.000000000000000000, 0.000000000000000000, 1.000000000000000000 ) ) ;
#7782 = CARTESIAN_POINT ( 'NONE',  ( 1.719999999999998863, 0.1999999999999999833, -0.3699999999999996625 ) ) ;
#7783 = LINE ( 'NONE', #4480, #5070 ) ;
#7784 = DIRECTION ( 'NONE',  ( 0.000000000000000000, -0.000000000000000000, 1.000000000000000000 ) ) ;
#7785 = ADVANCED_FACE ( 'NONE', ( #6488 ), #8325, .F. ) ;
#7786 = AXIS2_PLACEMENT_3D ( 'NONE', #7378, #819, #5977 ) ;
#7787 = EDGE_LOOP ( 'NONE', ( #1018, #5524, #8285, #2014 ) ) ;
#7788 = DIRECTION ( 'NONE',  ( -0.000000000000000000, -1.000000000000000000, -0.000000000000000000 ) ) ;
#7789 = LINE ( 'NONE', #7595, #5004 ) ;
#7790 = LINE ( 'NONE', #8489, #7611 ) ;
#7791 = ORIENTED_EDGE ( 'NONE', *, *, #8082, .T. ) ;
#7792 = VERTEX_POINT ( 'NONE', #3401 ) ;
#7793 = EDGE_CURVE ( 'NONE', #4459, #7314, #6305, .T. ) ;
#7794 = AXIS2_PLACEMENT_3D ( 'NONE', #5337, #8000, #679 ) ;
#7795 = PLANE ( 'NONE',  #4974 ) ;
#7796 = FACE_OUTER_BOUND ( 'NONE', #2009, .T. ) ;
#7797 = ADVANCED_FACE ( 'NONE', ( #3424 ), #6083, .T. ) ;
#7798 = CARTESIAN_POINT ( 'NONE',  ( -0.1299999999999994771, 0.6664761515876238551, 2.000000000000000888 ) ) ;
#7799 = DIRECTION ( 'NONE',  ( -1.000000000000000000, 0.000000000000000000, -7.744301232039308793E-16 ) ) ;
#7800 = DIRECTION ( 'NONE',  ( 0.000000000000000000, 0.000000000000000000, 1.000000000000000000 ) ) ;
#7801 = CARTESIAN_POINT ( 'NONE',  ( 1.149999999999999911, 0.05000000000000000278, 1.250000000000000222 ) ) ;
#7802 = AXIS2_PLACEMENT_3D ( 'NONE', #2888, #5573, #3533 ) ;
#7803 = VECTOR ( 'NONE', #3078, 1000.000000000000000 ) ;
#7804 = MECHANICAL_DESIGN_GEOMETRIC_PRESENTATION_REPRESENTATION (  '', ( #5547 ), #338 ) ;
#7805 = ORIENTED_EDGE ( 'NONE', *, *, #2297, .T. ) ;
#7806 = VERTEX_POINT ( 'NONE', #4603 ) ;
#7807 = CARTESIAN_POINT ( 'NONE',  ( -1.719999999999998863, 0.000000000000000000, 0.7500000000000004441 ) ) ;
#7808 = EDGE_CURVE ( 'NONE', #4054, #8036, #3387, .T. ) ;
#7809 = CYLINDRICAL_SURFACE ( 'NONE', #1774, 0.1199999999999998845 ) ;
#7810 = LINE ( 'NONE', #4724, #5230 ) ;
#7811 = EDGE_LOOP ( 'NONE', ( #7831, #6009, #3057, #5078 ) ) ;
#7812 = PLANE ( 'NONE',  #5760 ) ;
#7813 = DIRECTION ( 'NONE',  ( 0.000000000000000000, 0.000000000000000000, -1.000000000000000000 ) ) ;
#7814 = DIRECTION ( 'NONE',  ( 0.000000000000000000, 0.000000000000000000, 1.000000000000000000 ) ) ;
#7815 = DIRECTION ( 'NONE',  ( 0.000000000000000000, 0.000000000000000000, 1.000000000000000000 ) ) ;
#7816 = DIRECTION ( 'NONE',  ( 1.000000000000000000, -0.000000000000000000, 0.000000000000000000 ) ) ;
#7817 = ORIENTED_EDGE ( 'NONE', *, *, #5160, .T. ) ;
#7818 = EDGE_LOOP ( 'NONE', ( #2037, #4106, #2469, #1377 ) ) ;
#7819 = SURFACE_STYLE_USAGE ( .BOTH. , #6808 ) ;
#7820 = EDGE_CURVE ( 'NONE', #5012, #3640, #6252, .T. ) ;
#7821 = DIRECTION ( 'NONE',  ( -1.000000000000000000, 0.000000000000000000, 1.084202172485504434E-16 ) ) ;
#7822 = DIRECTION ( 'NONE',  ( -0.000000000000000000, -1.000000000000000000, -0.000000000000000000 ) ) ;
#7823 = DIRECTION ( 'NONE',  ( -0.000000000000000000, 0.000000000000000000, 1.000000000000000000 ) ) ;
#7824 = LINE ( 'NONE', #2989, #2053 ) ;
#7825 = EDGE_CURVE ( 'NONE', #5527, #600, #707, .T. ) ;
#7826 = LINE ( 'NONE', #3892, #5085 ) ;
#7827 = EDGE_LOOP ( 'NONE', ( #1422, #5452, #6576, #2580 ) ) ;
#7828 = LINE ( 'NONE', #6910, #2089 ) ;
#7829 = EDGE_LOOP ( 'NONE', ( #7975, #7703, #8239, #1201 ) ) ;
#7830 = ORIENTED_EDGE ( 'NONE', *, *, #4050, .F. ) ;
#7831 = ORIENTED_EDGE ( 'NONE', *, *, #1183, .F. ) ;
#7832 = EDGE_CURVE ( 'NONE', #7712, #7239, #6500, .T. ) ;
#7833 = CARTESIAN_POINT ( 'NONE',  ( -1.999999999999999112, 0.6664761515876242992, 0.6300000000000005596 ) ) ;
#7834 = LINE ( 'NONE', #8508, #1964 ) ;
#7835 = CARTESIAN_POINT ( 'NONE',  ( -1.999999999999999112, 0.04999999999999969746, 0.3700000000000001066 ) ) ;
#7836 = CARTESIAN_POINT ( 'NONE',  ( 1.250000000000000666, 0.2000000000000000111, 1.600000000000000977 ) ) ;
#7837 = LINE ( 'NONE', #5396, #5099 ) ;
#7838 = ORIENTED_EDGE ( 'NONE', *, *, #4686, .T. ) ;
#7839 = DIRECTION ( 'NONE',  ( 0.000000000000000000, -1.000000000000000000, 0.000000000000000000 ) ) ;
#7840 = SURFACE_STYLE_FILL_AREA ( #304 ) ;
#7841 = EDGE_LOOP ( 'NONE', ( #2683, #4570, #7275, #4774 ) ) ;
#7842 = VECTOR ( 'NONE', #5263, 1000.000000000000000 ) ;
#7843 = ORIENTED_EDGE ( 'NONE', *, *, #571, .T. ) ;
#7844 = ADVANCED_FACE ( 'NONE', ( #6289 ), #2167, .F. ) ;
#7845 = EDGE_CURVE ( 'NONE', #4295, #5527, #3556, .T. ) ;
#7846 = EDGE_CURVE ( 'NONE', #3742, #6092, #733, .T. ) ;
#7847 = DIRECTION ( 'NONE',  ( 0.000000000000000000, 0.000000000000000000, -1.000000000000000000 ) ) ;
#7848 = VECTOR ( 'NONE', #318, 1000.000000000000000 ) ;
#7849 = CARTESIAN_POINT ( 'NONE',  ( -1.719999999999998863, 0.1999999999999999833, -0.6299999999999998934 ) ) ;
#7850 = DIRECTION ( 'NONE',  ( 1.000000000000000000, -0.000000000000000000, -0.000000000000000000 ) ) ;
#7851 = CARTESIAN_POINT ( 'NONE',  ( 1.999999999999999112, 0.6664761515876242992, -0.8699999999999994404 ) ) ;
#7852 = ORIENTED_EDGE ( 'NONE', *, *, #285, .T. ) ;
#7853 = CARTESIAN_POINT ( 'NONE',  ( 1.999999999999999112, 0.6664761515876242992, -0.1299999999999998934 ) ) ;
#7854 = DIRECTION ( 'NONE',  ( 0.000000000000000000, 1.000000000000000000, 0.000000000000000000 ) ) ;
#7855 = DIRECTION ( 'NONE',  ( -0.000000000000000000, -1.000000000000000000, -0.000000000000000000 ) ) ;
#7856 = VECTOR ( 'NONE', #7456, 1000.000000000000000 ) ;
#7857 = VECTOR ( 'NONE', #1616, 1000.000000000000000 ) ;
#7858 = EDGE_LOOP ( 'NONE', ( #6522, #6508, #3912, #5820 ) ) ;
#7859 = ORIENTED_EDGE ( 'NONE', *, *, #4645, .T. ) ;
#7860 = LINE ( 'NONE', #724, #2093 ) ;
#7861 = EDGE_LOOP ( 'NONE', ( #4315, #4580, #1714, #6958 ) ) ;
#7862 = EDGE_CURVE ( 'NONE', #3750, #4682, #3634, .T. ) ;
#7863 = VECTOR ( 'NONE', #6929, 1000.000000000000000 ) ;
#7864 = ADVANCED_FACE ( 'NONE', ( #767 ), #1465, .T. ) ;
#7865 = UNCERTAINTY_MEASURE_WITH_UNIT (LENGTH_MEASURE( 1.000000000000000082E-05 ), #3024, 'distance_accuracy_value', 'NONE');
#7866 = PRESENTATION_STYLE_ASSIGNMENT (( #3891 ) ) ;
#7867 = PRESENTATION_LAYER_ASSIGNMENT (  '', '', ( #4776 ) ) ;
#7868 = ORIENTED_EDGE ( 'NONE', *, *, #7808, .F. ) ;
#7869 = CARTESIAN_POINT ( 'NONE',  ( -1.249999999999999334, 0.2000000000000000111, 1.720000000000000862 ) ) ;
#7870 = CARTESIAN_POINT ( 'NONE',  ( -1.999999999999999112, 0.04999999999999969746, 1.130000000000000560 ) ) ;
#7871 = DIRECTION ( 'NONE',  ( 1.000000000000000000, -0.000000000000000000, 0.000000000000000000 ) ) ;
#7872 = LINE ( 'NONE', #7091, #5406 ) ;
#7873 = DIRECTION ( 'NONE',  ( -1.000000000000000000, 0.000000000000000000, 0.000000000000000000 ) ) ;
#7874 = DIRECTION ( 'NONE',  ( 0.000000000000000000, 0.000000000000000000, 1.000000000000000000 ) ) ;
#7875 = ORIENTED_EDGE ( 'NONE', *, *, #3564, .F. ) ;
#7876 = ORIENTED_EDGE ( 'NONE', *, *, #4968, .T. ) ;
#7877 = CIRCLE ( 'NONE', #7220, 0.1199999999999998845 ) ;
#7878 = ORIENTED_EDGE ( 'NONE', *, *, #1807, .F. ) ;
#7879 = CARTESIAN_POINT ( 'NONE',  ( 0.1300000000000003375, 0.2000000000000000111, -1.720000000000000862 ) ) ;
#7880 = CARTESIAN_POINT ( 'NONE',  ( -0.6299999999999998934, 0.2000000000000000111, -2.000000000000000888 ) ) ;
#7881 = CARTESIAN_POINT ( 'NONE',  ( 1.250000000000000666, 0.1999999999999999833, 1.720000000000000862 ) ) ;
#7882 = CARTESIAN_POINT ( 'NONE',  ( 1.370000000000000551, 0.04999999999999999584, 1.720000000000000862 ) ) ;
#7883 = LINE ( 'NONE', #26, #1952 ) ;
#7884 = EDGE_CURVE ( 'NONE', #2307, #2529, #3650, .T. ) ;
#7885 = VECTOR ( 'NONE', #8526, 1000.000000000000000 ) ;
#7886 = AXIS2_PLACEMENT_3D ( 'NONE', #6188, #7691, #2140 ) ;
#7887 = VECTOR ( 'NONE', #2754, 1000.000000000000000 ) ;
#7888 = ORIENTED_EDGE ( 'NONE', *, *, #2668, .T. ) ;
#7889 = ORIENTED_EDGE ( 'NONE', *, *, #2015, .T. ) ;
#7890 = CARTESIAN_POINT ( 'NONE',  ( 1.999999999999999112, 0.1999999999999999833, 0.3700000000000001066 ) ) ;
#7891 = ORIENTED_EDGE ( 'NONE', *, *, #2547, .T. ) ;
#7892 = CARTESIAN_POINT ( 'NONE',  ( 1.719999999999998863, 0.05000000000000002359, 1.129999999999999893 ) ) ;
#7893 = STYLED_ITEM ( 'NONE', ( #4619 ), #6011 ) ;
#7894 = DIRECTION ( 'NONE',  ( -1.000000000000000000, 0.000000000000000000, 0.000000000000000000 ) ) ;
#7895 = CARTESIAN_POINT ( 'NONE',  ( 1.719999999999998863, 0.1999999999999999833, 1.130000000000000338 ) ) ;
#7896 = CARTESIAN_POINT ( 'NONE',  ( -1.719999999999998863, 0.6664761515876242992, -0.2499999999999995837 ) ) ;
#7897 = CARTESIAN_POINT ( 'NONE',  ( 2.000000000000000888, 0.05000000000000000278, -2.000000000000000888 ) ) ;
#7898 = VECTOR ( 'NONE', #6397, 1000.000000000000000 ) ;
#7899 = CARTESIAN_POINT ( 'NONE',  ( -1.719999999999998863, 0.6664761515876242992, 0.6300000000000005596 ) ) ;
#7900 = DIRECTION ( 'NONE',  ( 0.000000000000000000, -1.000000000000000000, 0.000000000000000000 ) ) ;
#7901 = VECTOR ( 'NONE', #7226, 1000.000000000000000 ) ;
#7902 = ORIENTED_EDGE ( 'NONE', *, *, #3294, .F. ) ;
#7903 = DIRECTION ( 'NONE',  ( 0.000000000000000000, 0.000000000000000000, -1.000000000000000000 ) ) ;
#7904 = AXIS2_PLACEMENT_3D ( 'NONE', #6064, #6703, #8071 ) ;
#7905 = EDGE_CURVE ( 'NONE', #6635, #1452, #6551, .T. ) ;
#7906 = VECTOR ( 'NONE', #2086, 1000.000000000000000 ) ;
#7907 = ORIENTED_EDGE ( 'NONE', *, *, #4542, .F. ) ;
#7908 = ORIENTED_EDGE ( 'NONE', *, *, #7561, .F. ) ;
#7909 = AXIS2_PLACEMENT_3D ( 'NONE', #7655, #8337, #4813 ) ;
#7910 = VECTOR ( 'NONE', #6937, 1000.000000000000000 ) ;
#7911 = VERTEX_POINT ( 'NONE', #1276 ) ;
#7912 = AXIS2_PLACEMENT_3D ( 'NONE', #4921, #375, #4980 ) ;
#7913 = CARTESIAN_POINT ( 'NONE',  ( -0.8699999999999992184, 0.2000000000000000111, 2.000000000000000888 ) ) ;
#7914 = FACE_OUTER_BOUND ( 'NONE', #489, .T. ) ;
#7915 = AXIS2_PLACEMENT_3D ( 'NONE', #1949, #2647, #3323 ) ;
#7916 = DIRECTION ( 'NONE',  ( 0.000000000000000000, 1.000000000000000000, 0.000000000000000000 ) ) ;
#7917 = DIRECTION ( 'NONE',  ( -0.000000000000000000, -1.000000000000000000, -0.000000000000000000 ) ) ;
#7918 = LINE ( 'NONE', #5210, #5146 ) ;
#7919 = ORIENTED_EDGE ( 'NONE', *, *, #6791, .F. ) ;
#7920 = CARTESIAN_POINT ( 'NONE',  ( 1.250000000000000000, 0.05000000000000012768, -1.149999999999999689 ) ) ;
#7921 = DIRECTION ( 'NONE',  ( -0.000000000000000000, -1.000000000000000000, -0.000000000000000000 ) ) ;
#7922 = DIRECTION ( 'NONE',  ( -1.000000000000000000, 0.000000000000000000, -0.000000000000000000 ) ) ;
#7923 = CARTESIAN_POINT ( 'NONE',  ( -1.129999999999999893, 0.1999999999999999833, -1.720000000000000862 ) ) ;
#7924 = FACE_OUTER_BOUND ( 'NONE', #1142, .T. ) ;
#7925 = FACE_OUTER_BOUND ( 'NONE', #632, .T. ) ;
#7926 = ORIENTED_EDGE ( 'NONE', *, *, #7049, .T. ) ;
#7927 = ORIENTED_EDGE ( 'NONE', *, *, #3980, .T. ) ;
#7928 = EDGE_CURVE ( 'NONE', #7331, #277, #434, .T. ) ;
#7929 = CARTESIAN_POINT ( 'NONE',  ( -0.3699999999999996625, 0.2000000000000000111, -1.720000000000000862 ) ) ;
#7930 = FACE_OUTER_BOUND ( 'NONE', #4739, .T. ) ;
#7931 = ORIENTED_EDGE ( 'NONE', *, *, #2281, .F. ) ;
#7932 = ADVANCED_FACE ( 'NONE', ( #6203 ), #5988, .F. ) ;
#7933 = LINE ( 'NONE', #6736, #7771 ) ;
#7934 = AXIS2_PLACEMENT_3D ( 'NONE', #2484, #5185, #6556 ) ;
#7935 = VECTOR ( 'NONE', #7760, 1000.000000000000000 ) ;
#7936 = ORIENTED_EDGE ( 'NONE', *, *, #1209, .F. ) ;
#7937 = CARTESIAN_POINT ( 'NONE',  ( 1.719999999999998863, 0.05000000000000002359, 0.7499999999999997780 ) ) ;
#7938 = CARTESIAN_POINT ( 'NONE',  ( 0.8700000000000005507, 0.000000000000000000, 2.000000000000000888 ) ) ;
#7939 = CARTESIAN_POINT ( 'NONE',  ( 1.149999999999999911, 0.05000000000000012768, 1.150000000000000133 ) ) ;
#7940 = VERTEX_POINT ( 'NONE', #2104 ) ;
#7941 = ORIENTED_EDGE ( 'NONE', *, *, #4368, .F. ) ;
#7942 = DIRECTION ( 'NONE',  ( 0.000000000000000000, -0.000000000000000000, 1.000000000000000000 ) ) ;
#7943 = EDGE_LOOP ( 'NONE', ( #978, #2378, #5327, #6925 ) ) ;
#7944 = DIRECTION ( 'NONE',  ( 0.000000000000000000, 0.000000000000000000, -1.000000000000000000 ) ) ;
#7945 = DIRECTION ( 'NONE',  ( -1.000000000000000000, 0.000000000000000000, 0.000000000000000000 ) ) ;
#7946 = CARTESIAN_POINT ( 'NONE',  ( -1.999999999999999112, 0.1999999999999999833, -0.6299999999999998934 ) ) ;
#7947 = VECTOR ( 'NONE', #662, 1000.000000000000000 ) ;
#7948 = ADVANCED_FACE ( 'NONE', ( #447 ), #4985, .F. ) ;
#7949 = LINE ( 'NONE', #2001, #2036 ) ;
#7950 = ORIENTED_EDGE ( 'NONE', *, *, #1325, .T. ) ;
#7951 = EDGE_CURVE ( 'NONE', #2980, #5872, #6721, .T. ) ;
#7952 = PRESENTATION_STYLE_ASSIGNMENT (( #2200 ) ) ;
#7953 = LINE ( 'NONE', #5706, #8137 ) ;
#7954 = ORIENTED_EDGE ( 'NONE', *, *, #6684, .T. ) ;
#7955 = VERTEX_POINT ( 'NONE', #3363 ) ;
#7956 = LINE ( 'NONE', #3033, #8069 ) ;
#7957 = CARTESIAN_POINT ( 'NONE',  ( 0.000000000000000000, 0.05000000000000000278, 0.3700000000000001066 ) ) ;
#7958 = ORIENTED_EDGE ( 'NONE', *, *, #5688, .T. ) ;
#7959 = DIRECTION ( 'NONE',  ( 1.000000000000000000, 0.000000000000000000, 0.000000000000000000 ) ) ;
#7960 = CARTESIAN_POINT ( 'NONE',  ( 0.2500000000000006661, 0.000000000000000000, 1.720000000000000862 ) ) ;
#7961 = DIRECTION ( 'NONE',  ( -0.000000000000000000, 0.000000000000000000, 1.000000000000000000 ) ) ;
#7962 = PLANE ( 'NONE',  #2021 ) ;
#7963 = CARTESIAN_POINT ( 'NONE',  ( -1.719999999999998863, 0.1999999999999999833, 0.8700000000000001066 ) ) ;
#7964 = FACE_OUTER_BOUND ( 'NONE', #7516, .T. ) ;
#7965 = DIRECTION ( 'NONE',  ( 0.000000000000000000, 1.000000000000000000, 0.000000000000000000 ) ) ;
#7966 = EDGE_CURVE ( 'NONE', #1275, #4185, #6691, .T. ) ;
#7967 = CARTESIAN_POINT ( 'NONE',  ( 0.000000000000000000, 0.05000000000000000278, -0.1299999999999998934 ) ) ;
#7968 = FACE_OUTER_BOUND ( 'NONE', #4278, .T. ) ;
#7969 = ORIENTED_EDGE ( 'NONE', *, *, #2015, .F. ) ;
#7970 = DIRECTION ( 'NONE',  ( -0.000000000000000000, -1.000000000000000000, -0.000000000000000000 ) ) ;
#7971 = EDGE_CURVE ( 'NONE', #6375, #51, #951, .T. ) ;
#7972 = EDGE_CURVE ( 'NONE', #6582, #2805, #1045, .T. ) ;
#7973 = VECTOR ( 'NONE', #702, 1000.000000000000000 ) ;
#7974 = ORIENTED_EDGE ( 'NONE', *, *, #2153, .T. ) ;
#7975 = ORIENTED_EDGE ( 'NONE', *, *, #6818, .F. ) ;
#7976 = FACE_OUTER_BOUND ( 'NONE', #3884, .T. ) ;
#7977 = ORIENTED_EDGE ( 'NONE', *, *, #8496, .T. ) ;
#7978 = DIRECTION ( 'NONE',  ( 0.000000000000000000, -1.000000000000000000, 0.000000000000000000 ) ) ;
#7979 = DIRECTION ( 'NONE',  ( 0.000000000000000000, -1.000000000000000000, 0.000000000000000000 ) ) ;
#7980 = DIRECTION ( 'NONE',  ( 0.000000000000000000, -1.000000000000000000, 0.000000000000000000 ) ) ;
#7981 = SURFACE_STYLE_FILL_AREA ( #1168 ) ;
#7982 = FACE_OUTER_BOUND ( 'NONE', #4032, .T. ) ;
#7983 = ORIENTED_EDGE ( 'NONE', *, *, #8509, .F. ) ;
#7984 = CARTESIAN_POINT ( 'NONE',  ( 1.999999999999999112, 0.1999999999999999833, -0.6299999999999998934 ) ) ;
#7985 = DIRECTION ( 'NONE',  ( 0.000000000000000000, 0.000000000000000000, -1.000000000000000000 ) ) ;
#7986 = PLANE ( 'NONE',  #1827 ) ;
#7987 = ADVANCED_FACE ( 'NONE', ( #6770 ), #3781, .T. ) ;
#7988 = EDGE_CURVE ( 'NONE', #2457, #7314, #856, .T. ) ;
#7989 = FACE_OUTER_BOUND ( 'NONE', #3112, .T. ) ;
#7990 = VERTEX_POINT ( 'NONE', #8469 ) ;
#7991 = ORIENTED_EDGE ( 'NONE', *, *, #2564, .T. ) ;
#7992 = DIRECTION ( 'NONE',  ( 1.000000000000000000, 0.000000000000000000, -7.744301232039308793E-16 ) ) ;
#7993 = LINE ( 'NONE', #1591, #2228 ) ;
#7994 = UNCERTAINTY_MEASURE_WITH_UNIT (LENGTH_MEASURE( 1.000000000000000082E-05 ), #6486, 'distance_accuracy_value', 'NONE');
#7995 = ORIENTED_EDGE ( 'NONE', *, *, #5991, .T. ) ;
#7996 = AXIS2_PLACEMENT_3D ( 'NONE', #6103, #2172, #4923 ) ;
#7997 = EDGE_LOOP ( 'NONE', ( #8562, #339, #5913, #6401 ) ) ;
#7998 = CARTESIAN_POINT ( 'NONE',  ( 1.149999999999999911, 0.05000000000000012768, -1.149999999999999689 ) ) ;
#7999 = DIRECTION ( 'NONE',  ( 1.000000000000000000, 0.000000000000000000, -0.000000000000000000 ) ) ;
#8000 = DIRECTION ( 'NONE',  ( -0.000000000000000000, -1.000000000000000000, -0.000000000000000000 ) ) ;
#8001 = CIRCLE ( 'NONE', #5850, 0.1199999999999998845 ) ;
#8002 = CARTESIAN_POINT ( 'NONE',  ( 1.719999999999998863, 0.6664761515876242992, 0.6300000000000003375 ) ) ;
#8003 = VECTOR ( 'NONE', #3402, 1000.000000000000000 ) ;
#8004 = CARTESIAN_POINT ( 'NONE',  ( -1.129999999999999449, 0.6664761515876238551, 2.000000000000000888 ) ) ;
#8005 = ORIENTED_EDGE ( 'NONE', *, *, #3559, .F. ) ;
#8006 = CARTESIAN_POINT ( 'NONE',  ( 2.000000000000000888, 0.05000000000000000278, -2.000000000000000888 ) ) ;
#8007 = EDGE_CURVE ( 'NONE', #6183, #3155, #1010, .T. ) ;
#8008 = FACE_OUTER_BOUND ( 'NONE', #2223, .T. ) ;
#8009 = EDGE_LOOP ( 'NONE', ( #1118, #1556, #3909, #6384 ) ) ;
#8010 = ADVANCED_FACE ( 'NONE', ( #3807 ), #6528, .F. ) ;
#8011 = CARTESIAN_POINT ( 'NONE',  ( 1.250000000000000666, 0.2000000000000000111, 1.720000000000000862 ) ) ;
#8012 = CARTESIAN_POINT ( 'NONE',  ( -1.129999999999999893, 0.000000000000000000, -1.720000000000000862 ) ) ;
#8013 = AXIS2_PLACEMENT_3D ( 'NONE', #889, #2173, #5620 ) ;
#8014 = AXIS2_PLACEMENT_3D ( 'NONE', #1729, #3447, #4097 ) ;
#8015 = COLOUR_RGB ( '',0.7921568627450980005, 0.8196078431372548767, 0.9333333333333333481 ) ;
#8016 = ORIENTED_EDGE ( 'NONE', *, *, #4452, .F. ) ;
#8017 = AXIS2_PLACEMENT_3D ( 'NONE', #7746, #2260, #1672 ) ;
#8018 = VECTOR ( 'NONE', #490, 1000.000000000000000 ) ;
#8019 = ORIENTED_EDGE ( 'NONE', *, *, #3859, .F. ) ;
#8020 = ORIENTED_EDGE ( 'NONE', *, *, #296, .F. ) ;
#8021 = VECTOR ( 'NONE', #5776, 1000.000000000000000 ) ;
#8022 = CARTESIAN_POINT ( 'NONE',  ( -1.249999999999999778, 0.2000000000000000111, -1.720000000000000862 ) ) ;
#8023 = EDGE_LOOP ( 'NONE', ( #6891, #4830, #845, #5372 ) ) ;
#8024 =( NAMED_UNIT ( * ) SI_UNIT ( $, .STERADIAN. ) SOLID_ANGLE_UNIT ( ) );
#8025 = DIRECTION ( 'NONE',  ( 0.000000000000000000, -1.000000000000000000, 0.000000000000000000 ) ) ;
#8026 = DIRECTION ( 'NONE',  ( 0.000000000000000000, -1.000000000000000000, 0.000000000000000000 ) ) ;
#8027 = DIRECTION ( 'NONE',  ( 0.000000000000000000, 1.000000000000000000, 0.000000000000000000 ) ) ;
#8028 = DIRECTION ( 'NONE',  ( 0.000000000000000000, 0.000000000000000000, 1.000000000000000000 ) ) ;
#8029 = AXIS2_PLACEMENT_3D ( 'NONE', #3450, #5478, #2500 ) ;
#8030 = CARTESIAN_POINT ( 'NONE',  ( 0.2500000000000002220, 0.6664761515876238551, -1.720000000000000862 ) ) ;
#8031 = AXIS2_PLACEMENT_3D ( 'NONE', #2362, #4407, #3115 ) ;
#8032 = DIRECTION ( 'NONE',  ( 0.000000000000000000, 0.000000000000000000, -1.000000000000000000 ) ) ;
#8033 = LINE ( 'NONE', #7411, #7885 ) ;
#8034 = ORIENTED_EDGE ( 'NONE', *, *, #5248, .T. ) ;
#8035 = AXIS2_PLACEMENT_3D ( 'NONE', #7439, #148, #2088 ) ;
#8036 = VERTEX_POINT ( 'NONE', #7231 ) ;
#8037 = ORIENTED_EDGE ( 'NONE', *, *, #3765, .F. ) ;
#8038 = EDGE_CURVE ( 'NONE', #3189, #2980, #6617, .T. ) ;
#8039 = LINE ( 'NONE', #3143, #8021 ) ;
#8040 = ORIENTED_EDGE ( 'NONE', *, *, #2189, .T. ) ;
#8041 = FACE_OUTER_BOUND ( 'NONE', #7307, .T. ) ;
#8042 = DIRECTION ( 'NONE',  ( 0.000000000000000000, 0.000000000000000000, 1.000000000000000000 ) ) ;
#8043 = EDGE_CURVE ( 'NONE', #1684, #3945, #3986, .T. ) ;
#8044 = DIRECTION ( 'NONE',  ( 0.000000000000000000, 1.000000000000000000, 0.000000000000000000 ) ) ;
#8045 = VECTOR ( 'NONE', #7961, 1000.000000000000000 ) ;
#8046 = ORIENTED_EDGE ( 'NONE', *, *, #3489, .T. ) ;
#8047 = MANIFOLD_SOLID_BREP ( 'LPattern4[10]', #3524 ) ;
#8048 = DIRECTION ( 'NONE',  ( 0.000000000000000000, 0.000000000000000000, -1.000000000000000000 ) ) ;
#8049 = CARTESIAN_POINT ( 'NONE',  ( 0.1300000000000003375, 0.1999999999999999833, -1.720000000000000862 ) ) ;
#8050 = CYLINDRICAL_SURFACE ( 'NONE', #5740, 0.1199999999999998845 ) ;
#8051 = VECTOR ( 'NONE', #1471, 1000.000000000000000 ) ;
#8052 = ORIENTED_EDGE ( 'NONE', *, *, #5699, .F. ) ;
#8053 = ORIENTED_EDGE ( 'NONE', *, *, #4636, .T. ) ;
#8054 = DIRECTION ( 'NONE',  ( 0.000000000000000000, 0.000000000000000000, 1.000000000000000000 ) ) ;
#8055 = AXIS2_PLACEMENT_3D ( 'NONE', #6008, #1906, #3331 ) ;
#8056 = VERTEX_POINT ( 'NONE', #7170 ) ;
#8057 = VERTEX_POINT ( 'NONE', #8535 ) ;
#8058 = DIRECTION ( 'NONE',  ( 0.000000000000000000, -1.000000000000000000, 0.000000000000000000 ) ) ;
#8059 =( LENGTH_UNIT ( ) NAMED_UNIT ( * ) SI_UNIT ( .MILLI., .METRE. ) );
#8060 = CIRCLE ( 'NONE', #900, 0.1199999999999998845 ) ;
#8061 =( NAMED_UNIT ( * ) SI_UNIT ( $, .STERADIAN. ) SOLID_ANGLE_UNIT ( ) );
#8062 = ADVANCED_FACE ( 'NONE', ( #6651 ), #843, .T. ) ;
#8063 = FACE_OUTER_BOUND ( 'NONE', #266, .T. ) ;
#8064 = CARTESIAN_POINT ( 'NONE',  ( -1.999999999999999112, 0.05000000000000000278, 1.999999999999999556 ) ) ;
#8065 = VERTEX_POINT ( 'NONE', #8129 ) ;
#8066 = ORIENTED_EDGE ( 'NONE', *, *, #7156, .F. ) ;
#8067 = EDGE_CURVE ( 'NONE', #5876, #8504, #6801, .T. ) ;
#8068 = DIRECTION ( 'NONE',  ( 0.000000000000000000, -0.000000000000000000, 1.000000000000000000 ) ) ;
#8069 = VECTOR ( 'NONE', #3670, 1000.000000000000000 ) ;
#8070 = ORIENTED_EDGE ( 'NONE', *, *, #7443, .F. ) ;
#8072 = EDGE_CURVE ( 'NONE', #1365, #172, #6581, .T. ) ;
#8071 = DIRECTION ( 'NONE',  ( 0.000000000000000000, 0.000000000000000000, 1.000000000000000000 ) ) ;
#8073 = CARTESIAN_POINT ( 'NONE',  ( 1.370000000000000551, 0.2000000000000000111, 2.000000000000000888 ) ) ;
#8074 = EDGE_CURVE ( 'NONE', #2030, #6263, #3845, .T. ) ;
#8075 = FACE_OUTER_BOUND ( 'NONE', #2932, .T. ) ;
#8076 = VERTEX_POINT ( 'NONE', #684 ) ;
#8077 = PRESENTATION_STYLE_ASSIGNMENT (( #6782 ) ) ;
#8078 = VECTOR ( 'NONE', #5183, 1000.000000000000000 ) ;
#8079 = ORIENTED_EDGE ( 'NONE', *, *, #4055, .T. ) ;
#8080 = ORIENTED_EDGE ( 'NONE', *, *, #6325, .T. ) ;
#8081 = CARTESIAN_POINT ( 'NONE',  ( 1.719999999999998863, 0.000000000000000000, -0.1299999999999998934 ) ) ;
#8082 = EDGE_CURVE ( 'NONE', #137, #7210, #898, .T. ) ;
#8083 = ORIENTED_EDGE ( 'NONE', *, *, #7756, .F. ) ;
#8084 = ADVANCED_FACE ( 'NONE', ( #6676 ), #2006, .F. ) ;
#8085 = DIRECTION ( 'NONE',  ( 0.000000000000000000, -1.000000000000000000, 0.000000000000000000 ) ) ;
#8086 = DIRECTION ( 'NONE',  ( -1.000000000000000000, 0.000000000000000000, -0.000000000000000000 ) ) ;
#8087 = EDGE_CURVE ( 'NONE', #625, #402, #977, .T. ) ;
#8088 = CARTESIAN_POINT ( 'NONE',  ( 1.999999999999999112, 0.6664761515876242992, 0.8700000000000001066 ) ) ;
#8089 = DIRECTION ( 'NONE',  ( 1.000000000000000000, -0.000000000000000000, 0.000000000000000000 ) ) ;
#8090 = DIRECTION ( 'NONE',  ( 0.000000000000000000, 1.000000000000000000, 0.000000000000000000 ) ) ;
#8091 = DIRECTION ( 'NONE',  ( 1.000000000000000000, -0.000000000000000000, -0.000000000000000000 ) ) ;
#8092 = CARTESIAN_POINT ( 'NONE',  ( 1.719999999999998863, 0.1999999999999999833, 0.3700000000000001066 ) ) ;
#8093 = LINE ( 'NONE', #4498, #2468 ) ;
#8094 = AXIS2_PLACEMENT_3D ( 'NONE', #5298, #7372, #6549 ) ;
#8095 = EDGE_LOOP ( 'NONE', ( #6104, #1285, #1414, #7140 ) ) ;
#8096 = DIRECTION ( 'NONE',  ( 0.000000000000000000, 1.000000000000000000, 0.000000000000000000 ) ) ;
#8097 = LINE ( 'NONE', #2876, #2265 ) ;
#8098 = ORIENTED_EDGE ( 'NONE', *, *, #4759, .F. ) ;
#8099 = ORIENTED_EDGE ( 'NONE', *, *, #5716, .F. ) ;
#8100 = EDGE_LOOP ( 'NONE', ( #5777, #5997, #5649, #6089 ) ) ;
#8101 = EDGE_CURVE ( 'NONE', #3866, #8189, #926, .T. ) ;
#8102 = DIRECTION ( 'NONE',  ( 0.000000000000000000, 0.000000000000000000, 1.000000000000000000 ) ) ;
#8103 = DIRECTION ( 'NONE',  ( 0.000000000000000000, 0.000000000000000000, 1.000000000000000000 ) ) ;
#8104 = DIRECTION ( 'NONE',  ( 0.000000000000000000, 0.000000000000000000, -1.000000000000000000 ) ) ;
#8105 = LINE ( 'NONE', #4465, #5340 ) ;
#8106 = CARTESIAN_POINT ( 'NONE',  ( 1.250000000000000000, 0.000000000000000000, -1.249999999999999778 ) ) ;
#8107 = CARTESIAN_POINT ( 'NONE',  ( 1.719999999999998863, 0.6664761515876242992, -0.2500000000000002220 ) ) ;
#8108 = DIRECTION ( 'NONE',  ( 0.000000000000000000, 0.000000000000000000, -1.000000000000000000 ) ) ;
#8109 = MECHANICAL_DESIGN_GEOMETRIC_PRESENTATION_REPRESENTATION (  '', ( #7074 ), #4128 ) ;
#8110 = VECTOR ( 'NONE', #6398, 1000.000000000000000 ) ;
#8111 = DIRECTION ( 'NONE',  ( 0.000000000000000000, 0.000000000000000000, 1.000000000000000000 ) ) ;
#8112 = FACE_OUTER_BOUND ( 'NONE', #3093, .T. ) ;
#8113 = ORIENTED_EDGE ( 'NONE', *, *, #8525, .T. ) ;
#8114 = EDGE_LOOP ( 'NONE', ( #4891, #8563, #7630, #6927 ) ) ;
#8115 = DIRECTION ( 'NONE',  ( 0.000000000000000000, 0.000000000000000000, 1.000000000000000000 ) ) ;
#8116 = ORIENTED_EDGE ( 'NONE', *, *, #3214, .F. ) ;
#8117 =( GEOMETRIC_REPRESENTATION_CONTEXT ( 3 ) GLOBAL_UNCERTAINTY_ASSIGNED_CONTEXT ( ( #2423 ) ) GLOBAL_UNIT_ASSIGNED_CONTEXT ( ( #6974, #4492, #5145 ) ) REPRESENTATION_CONTEXT ( 'NONE', 'WORKASPACE' ) );
#8118 = EDGE_CURVE ( 'NONE', #228, #2898, #3862, .T. ) ;
#8119 = FACE_OUTER_BOUND ( 'NONE', #2271, .T. ) ;
#8120 = EDGE_CURVE ( 'NONE', #4992, #8587, #3793, .T. ) ;
#8121 = CARTESIAN_POINT ( 'NONE',  ( 1.719999999999998863, 0.1999999999999999833, -0.2500000000000002220 ) ) ;
#8122 = LINE ( 'NONE', #3815, #2263 ) ;
#8123 =( NAMED_UNIT ( * ) PLANE_ANGLE_UNIT ( ) SI_UNIT ( $, .RADIAN. ) );
#8124 = FACE_OUTER_BOUND ( 'NONE', #649, .T. ) ;
#8125 = ORIENTED_EDGE ( 'NONE', *, *, #8261, .F. ) ;
#8126 = VERTEX_POINT ( 'NONE', #3541 ) ;
#8127 = AXIS2_PLACEMENT_3D ( 'NONE', #123, #1485, #7415 ) ;
#8128 = VERTEX_POINT ( 'NONE', #1552 ) ;
#8129 = CARTESIAN_POINT ( 'NONE',  ( 1.999999999999999112, 0.1999999999999999833, -0.3699999999999994404 ) ) ;
#8130 = MANIFOLD_SOLID_BREP ( 'Boss-Extrude2[2]', #1493 ) ;
#8131 = CARTESIAN_POINT ( 'NONE',  ( 0.3700000000000001066, 0.2000000000000000111, -1.720000000000000862 ) ) ;
#8132 = MECHANICAL_DESIGN_GEOMETRIC_PRESENTATION_REPRESENTATION (  '', ( #2272 ), #6149 ) ;
#8133 = AXIS2_PLACEMENT_3D ( 'NONE', #2737, #309, #1623 ) ;
#8134 = LINE ( 'NONE', #3530, #5265 ) ;
#8135 = ORIENTED_EDGE ( 'NONE', *, *, #7820, .F. ) ;
#8136 = ADVANCED_FACE ( 'NONE', ( #7016 ), #4063, .F. ) ;
#8137 = VECTOR ( 'NONE', #4552, 1000.000000000000000 ) ;
#8138 = ORIENTED_EDGE ( 'NONE', *, *, #4338, .F. ) ;
#8139 = ORIENTED_EDGE ( 'NONE', *, *, #2432, .F. ) ;
#8140 = EDGE_CURVE ( 'NONE', #3882, #4078, #4313, .T. ) ;
#8141 = FACE_OUTER_BOUND ( 'NONE', #328, .T. ) ;
#8142 = ORIENTED_EDGE ( 'NONE', *, *, #1551, .F. ) ;
#8143 = CARTESIAN_POINT ( 'NONE',  ( 1.370000000000000107, 0.000000000000000000, -1.720000000000000862 ) ) ;
#8144 = CARTESIAN_POINT ( 'NONE',  ( -1.369999999999999662, 0.2000000000000000111, -1.720000000000000862 ) ) ;
#8145 = CARTESIAN_POINT ( 'NONE',  ( 0.8700000000000001066, 0.2000000000000000111, -2.000000000000000888 ) ) ;
#8146 = CARTESIAN_POINT ( 'NONE',  ( 0.6300000000000003375, 0.05000000000000000278, 0.000000000000000000 ) ) ;
#8147 = CARTESIAN_POINT ( 'NONE',  ( 1.719999999999998863, 0.1999999999999999833, -0.2500000000000002220 ) ) ;
#8148 = DIRECTION ( 'NONE',  ( -7.744301232039308793E-16, 0.000000000000000000, 1.000000000000000000 ) ) ;
#8149 = CARTESIAN_POINT ( 'NONE',  ( -1.129999999999999893, 0.1999999999999999833, -2.000000000000000888 ) ) ;
#8150 = EDGE_CURVE ( 'NONE', #86, #3211, #7161, .T. ) ;
#8151 = DIRECTION ( 'NONE',  ( 1.000000000000000000, -0.000000000000000000, -0.000000000000000000 ) ) ;
#8152 = FACE_OUTER_BOUND ( 'NONE', #5390, .T. ) ;
#8153 = ORIENTED_EDGE ( 'NONE', *, *, #2133, .T. ) ;
#8154 = FACE_OUTER_BOUND ( 'NONE', #1470, .T. ) ;
#8155 = ORIENTED_EDGE ( 'NONE', *, *, #5888, .F. ) ;
#8156 = VERTEX_POINT ( 'NONE', #2304 ) ;
#8157 = LINE ( 'NONE', #6474, #2521 ) ;
#8158 = EDGE_CURVE ( 'NONE', #4304, #3965, #1190, .T. ) ;
#8159 = ORIENTED_EDGE ( 'NONE', *, *, #2213, .T. ) ;
#8160 = ADVANCED_FACE ( 'NONE', ( #4141 ), #3856, .F. ) ;
#8161 = VECTOR ( 'NONE', #1679, 1000.000000000000000 ) ;
#8162 = CARTESIAN_POINT ( 'NONE',  ( -1.999999999999999112, 0.6664761515876242992, -0.1299999999999998934 ) ) ;
#8163 = CARTESIAN_POINT ( 'NONE',  ( 1.999999999999999112, 0.1999999999999999833, 0.3700000000000001066 ) ) ;
#8164 = DIRECTION ( 'NONE',  ( -0.000000000000000000, -1.000000000000000000, -0.000000000000000000 ) ) ;
#8165 = CARTESIAN_POINT ( 'NONE',  ( 1.719999999999998863, 0.000000000000000000, 0.6300000000000003375 ) ) ;
#8166 = FACE_OUTER_BOUND ( 'NONE', #5410, .T. ) ;
#8167 = PRESENTATION_LAYER_ASSIGNMENT (  '', '', ( #2843 ) ) ;
#8168 = CARTESIAN_POINT ( 'NONE',  ( 1.130000000000000782, 0.2000000000000000111, 2.000000000000000888 ) ) ;
#8169 = ORIENTED_EDGE ( 'NONE', *, *, #7141, .F. ) ;
#8170 = CARTESIAN_POINT ( 'NONE',  ( 1.130000000000000338, 0.04999999999999999584, -1.720000000000000862 ) ) ;
#8171 = DIRECTION ( 'NONE',  ( 0.000000000000000000, -0.000000000000000000, 1.000000000000000000 ) ) ;
#8172 = LINE ( 'NONE', #2556, #2194 ) ;
#8173 = CARTESIAN_POINT ( 'NONE',  ( -1.719999999999998863, 0.1999999999999999833, 0.8700000000000001066 ) ) ;
#8174 = LINE ( 'NONE', #8235, #2444 ) ;
#8175 = EDGE_LOOP ( 'NONE', ( #1922, #7704, #6326, #2697 ) ) ;
#8176 = ORIENTED_EDGE ( 'NONE', *, *, #7547, .T. ) ;
#8177 = DIRECTION ( 'NONE',  ( -1.000000000000000000, 0.000000000000000000, -0.000000000000000000 ) ) ;
#8178 = LINE ( 'NONE', #227, #5303 ) ;
#8179 = ORIENTED_EDGE ( 'NONE', *, *, #4914, .F. ) ;
#8180 = PRODUCT_DEFINITION_FORMATION_WITH_SPECIFIED_SOURCE ( 'ANY', '', #876, .NOT_KNOWN. ) ;
#8181 = EDGE_CURVE ( 'NONE', #4538, #2063, #1374, .T. ) ;
#8182 = FACE_OUTER_BOUND ( 'NONE', #2493, .T. ) ;
#8183 = ORIENTED_EDGE ( 'NONE', *, *, #7414, .T. ) ;
#8184 = FACE_OUTER_BOUND ( 'NONE', #3160, .T. ) ;
#8185 = CARTESIAN_POINT ( 'NONE',  ( -0.8699999999999992184, 0.2000000000000000111, 2.000000000000000888 ) ) ;
#8186 = DIRECTION ( 'NONE',  ( 0.000000000000000000, 0.000000000000000000, 1.000000000000000000 ) ) ;
#8187 = LINE ( 'NONE', #5027, #5150 ) ;
#8188 = CARTESIAN_POINT ( 'NONE',  ( 0.000000000000000000, 0.05000000000000000278, -0.6299999999999998934 ) ) ;
#8189 = VERTEX_POINT ( 'NONE', #5302 ) ;
#8190 = CARTESIAN_POINT ( 'NONE',  ( 1.999999999999999112, 0.000000000000000000, -0.8699999999999994404 ) ) ;
#8191 = EDGE_LOOP ( 'NONE', ( #4912, #1832, #4632, #5650 ) ) ;
#8192 = CARTESIAN_POINT ( 'NONE',  ( -1.999999999999999112, 0.6664761515876242992, -1.129999999999999893 ) ) ;
#8193 = DIRECTION ( 'NONE',  ( 0.000000000000000000, 1.000000000000000000, 0.000000000000000000 ) ) ;
#8194 = FILL_AREA_STYLE ('',( #7635 ) ) ;
#8195 = LINE ( 'NONE', #6111, #2377 ) ;
#8196 = ORIENTED_EDGE ( 'NONE', *, *, #4767, .T. ) ;
#8197 = EDGE_CURVE ( 'NONE', #8432, #7911, #7123, .T. ) ;
#8198 = VECTOR ( 'NONE', #3290, 1000.000000000000000 ) ;
#8199 = FACE_OUTER_BOUND ( 'NONE', #714, .T. ) ;
#8200 = EDGE_CURVE ( 'NONE', #2612, #2421, #1329, .T. ) ;
#8201 = FACE_OUTER_BOUND ( 'NONE', #7232, .T. ) ;
#8202 = EDGE_LOOP ( 'NONE', ( #5270, #8320, #2489, #2445 ) ) ;
#8203 = EDGE_LOOP ( 'NONE', ( #4340, #6836, #4118, #7063 ) ) ;
#8204 = VECTOR ( 'NONE', #3628, 1000.000000000000000 ) ;
#8205 = CARTESIAN_POINT ( 'NONE',  ( -1.636363636363635132, 1.000000000000000000, -1.469696971363636973 ) ) ;
#8206 = ORIENTED_EDGE ( 'NONE', *, *, #6031, .T. ) ;
#8207 = DIRECTION ( 'NONE',  ( -1.734723475976807094E-16, 0.000000000000000000, 1.000000000000000000 ) ) ;
#8208 = CARTESIAN_POINT ( 'NONE',  ( 0.3700000000000005507, 0.1999999999999999833, 2.000000000000000888 ) ) ;
#8209 = AXIS2_PLACEMENT_3D ( 'NONE', #6470, #3739, #2523 ) ;
#8210 = DIRECTION ( 'NONE',  ( 0.000000000000000000, 1.000000000000000000, 0.000000000000000000 ) ) ;
#8211 = DIRECTION ( 'NONE',  ( 0.000000000000000000, 0.000000000000000000, -1.000000000000000000 ) ) ;
#8212 = PLANE ( 'NONE',  #245 ) ;
#8213 = DIRECTION ( 'NONE',  ( 0.000000000000000000, 1.000000000000000000, 0.000000000000000000 ) ) ;
#8214 = CARTESIAN_POINT ( 'NONE',  ( -1.719999999999998863, 0.6664761515876242992, -1.369999999999999440 ) ) ;
#8215 = DIRECTION ( 'NONE',  ( 0.000000000000000000, 0.000000000000000000, -1.000000000000000000 ) ) ;
#8216 = PLANE ( 'NONE',  #3538 ) ;
#8217 = ORIENTED_EDGE ( 'NONE', *, *, #3056, .F. ) ;
#8218 = DIRECTION ( 'NONE',  ( 1.000000000000000000, -0.000000000000000000, 0.000000000000000000 ) ) ;
#8219 = FACE_OUTER_BOUND ( 'NONE', #3611, .T. ) ;
#8220 = ADVANCED_FACE ( 'NONE', ( #1207 ), #6943, .F. ) ;
#8221 = VECTOR ( 'NONE', #6871, 1000.000000000000000 ) ;
#8222 = ORIENTED_EDGE ( 'NONE', *, *, #5912, .T. ) ;
#8223 = ORIENTED_EDGE ( 'NONE', *, *, #8568, .F. ) ;
#8224 = EDGE_CURVE ( 'NONE', #8057, #6637, #4224, .T. ) ;
#8225 = CYLINDRICAL_SURFACE ( 'NONE', #7013, 0.1199999999999998845 ) ;
#8226 = ORIENTED_EDGE ( 'NONE', *, *, #9, .F. ) ;
#8227 = CARTESIAN_POINT ( 'NONE',  ( -1.999999999999999112, 0.6664761515876242992, 1.370000000000000107 ) ) ;
#8228 = DIRECTION ( 'NONE',  ( 0.000000000000000000, 0.000000000000000000, 1.000000000000000000 ) ) ;
#8229 = CYLINDRICAL_SURFACE ( 'NONE', #3336, 0.1199999999999998845 ) ;
#8230 = DIRECTION ( 'NONE',  ( -0.000000000000000000, -1.000000000000000000, -0.000000000000000000 ) ) ;
#8231 = ORIENTED_EDGE ( 'NONE', *, *, #7222, .F. ) ;
#8232 = DIRECTION ( 'NONE',  ( -1.000000000000000000, 0.000000000000000000, 7.744301232039308793E-16 ) ) ;
#8233 = CARTESIAN_POINT ( 'NONE',  ( 1.719999999999998863, 0.1999999999999999833, -0.1299999999999998934 ) ) ;
#8234 = AXIS2_PLACEMENT_3D ( 'NONE', #7668, #6529, #7717 ) ;
#8235 = CARTESIAN_POINT ( 'NONE',  ( 1.719999999999998863, 0.1999999999999999833, 0.6300000000000003375 ) ) ;
#8236 =( LENGTH_UNIT ( ) NAMED_UNIT ( * ) SI_UNIT ( .MILLI., .METRE. ) );
#8237 = LINE ( 'NONE', #6509, #2221 ) ;
#8238 = EDGE_LOOP ( 'NONE', ( #5914, #6981, #2733, #1844 ) ) ;
#8239 = ORIENTED_EDGE ( 'NONE', *, *, #781, .F. ) ;
#8240 = CARTESIAN_POINT ( 'NONE',  ( 1.250000000000000000, 0.2000000000000000944, -1.149999999999999689 ) ) ;
#8241 = LINE ( 'NONE', #5166, #8309 ) ;
#8242 = ORIENTED_EDGE ( 'NONE', *, *, #1779, .F. ) ;
#8243 = ADVANCED_FACE ( 'NONE', ( #4111 ), #1117, .T. ) ;
#8244 = AXIS2_PLACEMENT_3D ( 'NONE', #1381, #4101, #7437 ) ;
#8245 = EDGE_CURVE ( 'NONE', #1125, #8603, #4028, .T. ) ;
#8246 = AXIS2_PLACEMENT_3D ( 'NONE', #2806, #3568, #4916 ) ;
#8247 = EDGE_LOOP ( 'NONE', ( #7163, #5698, #1664, #7983 ) ) ;
#8248 = VECTOR ( 'NONE', #425, 1000.000000000000000 ) ;
#8249 = DIRECTION ( 'NONE',  ( 0.000000000000000000, -1.000000000000000000, 0.000000000000000000 ) ) ;
#8250 = SURFACE_STYLE_FILL_AREA ( #4302 ) ;
#8251 = DIRECTION ( 'NONE',  ( 0.000000000000000000, 0.000000000000000000, 1.000000000000000000 ) ) ;
#8252 = AXIS2_PLACEMENT_3D ( 'NONE', #7436, #6785, #3284 ) ;
#8253 = CARTESIAN_POINT ( 'NONE',  ( -0.6299999999999998934, 0.6664761515876238551, -2.000000000000000888 ) ) ;
#8254 = ORIENTED_EDGE ( 'NONE', *, *, #6205, .T. ) ;
#8255 = ORIENTED_EDGE ( 'NONE', *, *, #4827, .F. ) ;
#8256 = CARTESIAN_POINT ( 'NONE',  ( 1.719999999999998863, 0.000000000000000000, 0.3700000000000001066 ) ) ;
#8257 = AXIS2_PLACEMENT_3D ( 'NONE', #4153, #188, #244 ) ;
#8258 = DIRECTION ( 'NONE',  ( 0.000000000000000000, -1.000000000000000000, 0.000000000000000000 ) ) ;
#8259 = VERTEX_POINT ( 'NONE', #2541 ) ;
#8260 = CARTESIAN_POINT ( 'NONE',  ( 0.3700000000000005507, 0.2000000000000000111, 2.000000000000000888 ) ) ;
#8261 = EDGE_CURVE ( 'NONE', #3072, #7713, #7197, .T. ) ;
#8262 = VECTOR ( 'NONE', #2641, 1000.000000000000000 ) ;
#8263 = ORIENTED_EDGE ( 'NONE', *, *, #3381, .T. ) ;
#8264 = LINE ( 'NONE', #5793, #2639 ) ;
#8265 = FACE_OUTER_BOUND ( 'NONE', #5550, .T. ) ;
#8266 = ORIENTED_EDGE ( 'NONE', *, *, #5668, .F. ) ;
#8267 = ORIENTED_EDGE ( 'NONE', *, *, #5716, .T. ) ;
#8268 = AXIS2_PLACEMENT_3D ( 'NONE', #2540, #3227, #3600 ) ;
#8269 = FACE_OUTER_BOUND ( 'NONE', #1993, .T. ) ;
#8270 =( NAMED_UNIT ( * ) SI_UNIT ( $, .STERADIAN. ) SOLID_ANGLE_UNIT ( ) );
#8271 = DIRECTION ( 'NONE',  ( 0.000000000000000000, -1.000000000000000000, 0.000000000000000000 ) ) ;
#8272 = DIRECTION ( 'NONE',  ( 0.000000000000000000, -1.000000000000000000, 0.000000000000000000 ) ) ;
#8273 = DIRECTION ( 'NONE',  ( 0.000000000000000000, 1.000000000000000000, 0.000000000000000000 ) ) ;
#8274 = CARTESIAN_POINT ( 'NONE',  ( -1.249999999999999334, 0.2000000000000000111, 1.720000000000000862 ) ) ;
#8275 = DIRECTION ( 'NONE',  ( 1.000000000000000000, 0.000000000000000000, 7.744301232039308793E-16 ) ) ;
#8276 = CARTESIAN_POINT ( 'NONE',  ( -1.719999999999998863, 0.1999999999999999833, 0.1300000000000005596 ) ) ;
#8277 = PLANE ( 'NONE',  #8133 ) ;
#8278 = LINE ( 'NONE', #1071, #2497 ) ;
#8279 = PLANE ( 'NONE',  #1001 ) ;
#8280 = VERTEX_POINT ( 'NONE', #6789 ) ;
#8281 = EDGE_CURVE ( 'NONE', #5066, #7175, #1147, .T. ) ;
#8282 = CARTESIAN_POINT ( 'NONE',  ( -1.369999999999999662, 0.000000000000000000, -2.000000000000000888 ) ) ;
#8283 = VECTOR ( 'NONE', #5220, 1000.000000000000000 ) ;
#8284 = FACE_OUTER_BOUND ( 'NONE', #4217, .T. ) ;
#8285 = ORIENTED_EDGE ( 'NONE', *, *, #4018, .F. ) ;
#8286 = ORIENTED_EDGE ( 'NONE', *, *, #7215, .T. ) ;
#8287 = LINE ( 'NONE', #342, #2492 ) ;
#8288 = EDGE_LOOP ( 'NONE', ( #5247, #2292, #8263, #1364 ) ) ;
#8289 = EDGE_CURVE ( 'NONE', #7142, #7350, #7047, .T. ) ;
#8290 = CARTESIAN_POINT ( 'NONE',  ( -1.129999999999999449, 0.6664761515876238551, 2.000000000000000888 ) ) ;
#8291 = CARTESIAN_POINT ( 'NONE',  ( -1.719999999999998863, 0.1999999999999999833, 0.7500000000000004441 ) ) ;
#8292 = LINE ( 'NONE', #441, #2510 ) ;
#8293 = CARTESIAN_POINT ( 'NONE',  ( 0.2500000000000002220, 0.000000000000000000, -1.720000000000000862 ) ) ;
#8294 = VERTEX_POINT ( 'NONE', #96 ) ;
#8295 = ADVANCED_FACE ( 'NONE', ( #4000 ), #3920, .T. ) ;
#8296 = FACE_OUTER_BOUND ( 'NONE', #28, .T. ) ;
#8297 = VERTEX_POINT ( 'NONE', #3451 ) ;
#8298 = ORIENTED_EDGE ( 'NONE', *, *, #5355, .F. ) ;
#8299 = DIRECTION ( 'NONE',  ( -1.000000000000000000, 0.000000000000000000, 7.744301232039308793E-16 ) ) ;
#8300 = VECTOR ( 'NONE', #4738, 1000.000000000000000 ) ;
#8301 = EDGE_CURVE ( 'NONE', #4011, #1828, #4160, .T. ) ;
#8302 = ORIENTED_EDGE ( 'NONE', *, *, #571, .F. ) ;
#8303 = ORIENTED_EDGE ( 'NONE', *, *, #5678, .F. ) ;
#8304 = DIRECTION ( 'NONE',  ( 0.000000000000000000, -0.000000000000000000, 1.000000000000000000 ) ) ;
#8305 = FACE_OUTER_BOUND ( 'NONE', #4290, .T. ) ;
#8306 = CARTESIAN_POINT ( 'NONE',  ( 1.999999999999999112, 0.04999999999999969746, 0.1300000000000005596 ) ) ;
#8307 = ORIENTED_EDGE ( 'NONE', *, *, #2232, .T. ) ;
#8308 = CARTESIAN_POINT ( 'NONE',  ( -1.129999999999999893, 0.2000000000000000111, -2.000000000000000888 ) ) ;
#8309 = VECTOR ( 'NONE', #5344, 1000.000000000000000 ) ;
#8310 = ORIENTED_EDGE ( 'NONE', *, *, #2664, .F. ) ;
#8311 = ADVANCED_FACE ( 'NONE', ( #7209 ), #6668, .F. ) ;
#8312 = DIRECTION ( 'NONE',  ( 0.000000000000000000, 0.000000000000000000, 1.000000000000000000 ) ) ;
#8313 = EDGE_CURVE ( 'NONE', #4659, #6996, #1165, .T. ) ;
#8314 = LINE ( 'NONE', #2666, #2528 ) ;
#8315 = EDGE_LOOP ( 'NONE', ( #4252, #4337, #5685, #8503 ) ) ;
#8316 = PRESENTATION_LAYER_ASSIGNMENT (  '', '', ( #5619 ) ) ;
#8317 = LINE ( 'NONE', #2407, #5446 ) ;
#8318 = FACE_OUTER_BOUND ( 'NONE', #8203, .T. ) ;
#8319 = EDGE_LOOP ( 'NONE', ( #8467, #5964, #242, #31 ) ) ;
#8320 = ORIENTED_EDGE ( 'NONE', *, *, #5160, .F. ) ;
#8321 =( LENGTH_UNIT ( ) NAMED_UNIT ( * ) SI_UNIT ( .MILLI., .METRE. ) );
#8322 = EDGE_LOOP ( 'NONE', ( #5921, #8550, #2736, #6012 ) ) ;
#8323 = DIRECTION ( 'NONE',  ( 0.000000000000000000, -0.000000000000000000, 1.000000000000000000 ) ) ;
#8324 = DIRECTION ( 'NONE',  ( 0.000000000000000000, -1.000000000000000000, 0.000000000000000000 ) ) ;
#8325 = PLANE ( 'NONE',  #4993 ) ;
#8326 = DIRECTION ( 'NONE',  ( 0.000000000000000000, 0.000000000000000000, 1.000000000000000000 ) ) ;
#8327 = EDGE_CURVE ( 'NONE', #4957, #2090, #7136, .T. ) ;
#8328 = CARTESIAN_POINT ( 'NONE',  ( 1.719999999999998863, 0.6664761515876242992, 0.8700000000000001066 ) ) ;
#8329 = ORIENTED_EDGE ( 'NONE', *, *, #3385, .F. ) ;
#8330 = CARTESIAN_POINT ( 'NONE',  ( -0.1299999999999998934, 0.2000000000000000111, -1.720000000000000862 ) ) ;
#8331 = FACE_OUTER_BOUND ( 'NONE', #3032, .T. ) ;
#8332 = VECTOR ( 'NONE', #3517, 1000.000000000000000 ) ;
#8333 = ORIENTED_EDGE ( 'NONE', *, *, #8370, .F. ) ;
#8334 = ORIENTED_EDGE ( 'NONE', *, *, #6729, .T. ) ;
#8335 = EDGE_LOOP ( 'NONE', ( #559, #7763, #4943, #7172 ) ) ;
#8336 = AXIS2_PLACEMENT_3D ( 'NONE', #1514, #6853, #261 ) ;
#8337 = DIRECTION ( 'NONE',  ( 7.744301232039308793E-16, 0.000000000000000000, 1.000000000000000000 ) ) ;
#8338 = CARTESIAN_POINT ( 'NONE',  ( -1.999999999999999112, 0.05000000000000000278, 1.999999999999999556 ) ) ;
#8339 = DIRECTION ( 'NONE',  ( 1.000000000000000000, 0.000000000000000000, -0.000000000000000000 ) ) ;
#8340 = VECTOR ( 'NONE', #5860, 1000.000000000000000 ) ;
#8341 = CARTESIAN_POINT ( 'NONE',  ( -1.249999999999999334, 0.2000000000000000111, 1.720000000000000862 ) ) ;
#8342 = DIRECTION ( 'NONE',  ( 0.000000000000000000, 1.000000000000000000, 0.000000000000000000 ) ) ;
#8343 = DIRECTION ( 'NONE',  ( 0.000000000000000000, 1.000000000000000000, 0.000000000000000000 ) ) ;
#8344 = CARTESIAN_POINT ( 'NONE',  ( 0.8700000000000001066, 0.1999999999999999833, -1.720000000000000862 ) ) ;
#8345 = DIRECTION ( 'NONE',  ( 0.000000000000000000, -0.000000000000000000, 1.000000000000000000 ) ) ;
#8346 = COLOUR_RGB ( '',0.7921568627450980005, 0.8196078431372548767, 0.9333333333333333481 ) ;
#8347 = MECHANICAL_DESIGN_GEOMETRIC_PRESENTATION_REPRESENTATION (  '', ( #4801 ), #1230 ) ;
#8348 = ORIENTED_EDGE ( 'NONE', *, *, #2336, .T. ) ;
#8349 = VERTEX_POINT ( 'NONE', #1196 ) ;
#8350 = EDGE_CURVE ( 'NONE', #3368, #2837, #1409, .T. ) ;
#8351 = DIRECTION ( 'NONE',  ( 1.000000000000000000, -0.000000000000000000, 0.000000000000000000 ) ) ;
#8352 = AXIS2_PLACEMENT_3D ( 'NONE', #7798, #3991, #1333 ) ;
#8353 = VECTOR ( 'NONE', #5794, 1000.000000000000000 ) ;
#8354 = VERTEX_POINT ( 'NONE', #1571 ) ;
#8355 = AXIS2_PLACEMENT_3D ( 'NONE', #2343, #5435, #8103 ) ;
#8356 = AXIS2_PLACEMENT_3D ( 'NONE', #6331, #5003, #4583 ) ;
#8357 = LINE ( 'NONE', #4750, #8045 ) ;
#8358 = ORIENTED_EDGE ( 'NONE', *, *, #2495, .T. ) ;
#8359 = CIRCLE ( 'NONE', #4693, 0.1199999999999998845 ) ;
#8360 = CARTESIAN_POINT ( 'NONE',  ( -0.2499999999999993616, 0.1999999999999999833, 1.600000000000000977 ) ) ;
#8361 = DIRECTION ( 'NONE',  ( 0.000000000000000000, 0.000000000000000000, 1.000000000000000000 ) ) ;
#8362 = ADVANCED_FACE ( 'NONE', ( #1426 ), #1735, .F. ) ;
#8363 = LINE ( 'NONE', #1529, #5566 ) ;
#8364 = CARTESIAN_POINT ( 'NONE',  ( 0.1300000000000007816, 0.2000000000000000111, 2.000000000000000888 ) ) ;
#8365 = ORIENTED_EDGE ( 'NONE', *, *, #1164, .T. ) ;
#8366 = VERTEX_POINT ( 'NONE', #921 ) ;
#8367 = CARTESIAN_POINT ( 'NONE',  ( 1.719999999999998863, 0.6664761515876242992, 1.130000000000000338 ) ) ;
#8368 = PLANE ( 'NONE',  #6899 ) ;
#8369 = CIRCLE ( 'NONE', #3369, 0.1199999999999998845 ) ;
#8370 = EDGE_CURVE ( 'NONE', #1016, #1577, #6913, .T. ) ;
#8371 = ORIENTED_EDGE ( 'NONE', *, *, #7351, .T. ) ;
#8372 = CARTESIAN_POINT ( 'NONE',  ( 0.8700000000000005507, 0.2000000000000000111, 2.000000000000000888 ) ) ;
#8373 = ADVANCED_FACE ( 'NONE', ( #4265 ), #2327, .T. ) ;
#8374 = DIRECTION ( 'NONE',  ( 0.000000000000000000, -0.000000000000000000, 1.000000000000000000 ) ) ;
#8375 = ORIENTED_EDGE ( 'NONE', *, *, #8038, .F. ) ;
#8376 = ORIENTED_EDGE ( 'NONE', *, *, #7759, .T. ) ;
#8377 = ORIENTED_EDGE ( 'NONE', *, *, #644, .F. ) ;
#8378 = EDGE_LOOP ( 'NONE', ( #3037, #4688, #6227, #2204 ) ) ;
#8379 = LINE ( 'NONE', #378, #2403 ) ;
#8380 = DIRECTION ( 'NONE',  ( 0.000000000000000000, 0.000000000000000000, -1.000000000000000000 ) ) ;
#8381 = VERTEX_POINT ( 'NONE', #2150 ) ;
#8382 = DIRECTION ( 'NONE',  ( 0.000000000000000000, 0.000000000000000000, -1.000000000000000000 ) ) ;
#8383 = EDGE_CURVE ( 'NONE', #6323, #532, #1129, .T. ) ;
#8384 = DIRECTION ( 'NONE',  ( 0.000000000000000000, -0.000000000000000000, 1.000000000000000000 ) ) ;
#8385 = CARTESIAN_POINT ( 'NONE',  ( -1.719999999999998863, 0.000000000000000000, -0.8699999999999994404 ) ) ;
#8386 = DIRECTION ( 'NONE',  ( 0.000000000000000000, 0.000000000000000000, -1.000000000000000000 ) ) ;
#8387 = DIRECTION ( 'NONE',  ( 0.000000000000000000, -1.000000000000000000, 0.000000000000000000 ) ) ;
#8388 = ORIENTED_EDGE ( 'NONE', *, *, #4994, .F. ) ;
#8389 = VERTEX_POINT ( 'NONE', #816 ) ;
#8390 = CARTESIAN_POINT ( 'NONE',  ( 1.149999999999999911, 0.2000000000000000944, -1.149999999999999689 ) ) ;
#8391 = EDGE_CURVE ( 'NONE', #4185, #1260, #4276, .T. ) ;
#8392 = CIRCLE ( 'NONE', #905, 0.1000000000000000472 ) ;
#8393 = EDGE_CURVE ( 'NONE', #974, #2761, #1392, .T. ) ;
#8394 = FACE_OUTER_BOUND ( 'NONE', #4989, .T. ) ;
#8395 = VERTEX_POINT ( 'NONE', #2977 ) ;
#8396 = VERTEX_POINT ( 'NONE', #3501 ) ;
#8397 = VECTOR ( 'NONE', #2408, 1000.000000000000000 ) ;
#8398 = VERTEX_POINT ( 'NONE', #6916 ) ;
#8399 = PLANE ( 'NONE',  #2061 ) ;
#8400 = DIRECTION ( 'NONE',  ( 1.000000000000000000, -0.000000000000000000, -1.084202172485504434E-16 ) ) ;
#8401 = DIRECTION ( 'NONE',  ( -0.000000000000000000, -1.000000000000000000, -0.000000000000000000 ) ) ;
#8402 = ORIENTED_EDGE ( 'NONE', *, *, #5498, .F. ) ;
#8403 = DIRECTION ( 'NONE',  ( 0.000000000000000000, 1.000000000000000000, 0.000000000000000000 ) ) ;
#8404 = ORIENTED_EDGE ( 'NONE', *, *, #586, .T. ) ;
#8405 = EDGE_CURVE ( 'NONE', #3868, #4720, #4293, .T. ) ;
#8406 = EDGE_CURVE ( 'NONE', #7764, #4126, #6926, .T. ) ;
#8407 = ORIENTED_EDGE ( 'NONE', *, *, #8406, .F. ) ;
#8408 = ORIENTED_EDGE ( 'NONE', *, *, #3865, .T. ) ;
#8409 = CARTESIAN_POINT ( 'NONE',  ( -1.249999999999999334, 0.2000000000000000111, 1.720000000000000862 ) ) ;
#8410 = EDGE_CURVE ( 'NONE', #1701, #239, #4198, .T. ) ;
#8411 = CIRCLE ( 'NONE', #4528, 0.1199999999999998845 ) ;
#8412 = ORIENTED_EDGE ( 'NONE', *, *, #2744, .F. ) ;
#8413 = ORIENTED_EDGE ( 'NONE', *, *, #1144, .T. ) ;
#8414 = VERTEX_POINT ( 'NONE', #7554 ) ;
#8415 = LINE ( 'NONE', #3050, #8248 ) ;
#8416 = CARTESIAN_POINT ( 'NONE',  ( -1.719999999999998863, 0.05000000000000002359, 0.8700000000000001066 ) ) ;
#8417 = CARTESIAN_POINT ( 'NONE',  ( -1.719999999999998863, 0.6664761515876242992, -1.249999999999999556 ) ) ;
#8418 = DIRECTION ( 'NONE',  ( 0.000000000000000000, 0.000000000000000000, 1.000000000000000000 ) ) ;
#8419 = VERTEX_POINT ( 'NONE', #4175 ) ;
#8420 = ORIENTED_EDGE ( 'NONE', *, *, #6093, .T. ) ;
#8421 = DIRECTION ( 'NONE',  ( 0.000000000000000000, 0.000000000000000000, -1.000000000000000000 ) ) ;
#8422 = SURFACE_SIDE_STYLE ('',( #4473 ) ) ;
#8423 = EDGE_CURVE ( 'NONE', #5684, #4538, #4048, .T. ) ;
#8424 = CARTESIAN_POINT ( 'NONE',  ( -0.6299999999999998934, 0.6664761515876238551, -1.720000000000000862 ) ) ;
#8425 = FACE_OUTER_BOUND ( 'NONE', #1312, .T. ) ;
#8426 = ORIENTED_EDGE ( 'NONE', *, *, #6276, .F. ) ;
#8427 = DIRECTION ( 'NONE',  ( -0.000000000000000000, -1.000000000000000000, -0.000000000000000000 ) ) ;
#8428 = DIRECTION ( 'NONE',  ( 0.000000000000000000, 1.000000000000000000, 0.000000000000000000 ) ) ;
#8429 = AXIS2_PLACEMENT_3D ( 'NONE', #1270, #4477, #6100 ) ;
#8430 = DIRECTION ( 'NONE',  ( 0.000000000000000000, 0.000000000000000000, -1.000000000000000000 ) ) ;
#8431 = ORIENTED_EDGE ( 'NONE', *, *, #5469, .T. ) ;
#8432 = VERTEX_POINT ( 'NONE', #6400 ) ;
#8433 = UNCERTAINTY_MEASURE_WITH_UNIT (LENGTH_MEASURE( 1.000000000000000082E-05 ), #5531, 'distance_accuracy_value', 'NONE');
#8434 = FACE_OUTER_BOUND ( 'NONE', #3371, .T. ) ;
#8435 = ADVANCED_FACE ( 'NONE', ( #1181 ), #7084, .T. ) ;
#8436 = VECTOR ( 'NONE', #2494, 1000.000000000000000 ) ;
#8437 = ORIENTED_EDGE ( 'NONE', *, *, #3395, .T. ) ;
#8438 = ORIENTED_EDGE ( 'NONE', *, *, #1497, .F. ) ;
#8439 = DIRECTION ( 'NONE',  ( -1.000000000000000000, -0.000000000000000000, -7.744301232039308793E-16 ) ) ;
#8440 = ORIENTED_EDGE ( 'NONE', *, *, #313, .F. ) ;
#8441 = EDGE_CURVE ( 'NONE', #2414, #5318, #1300, .T. ) ;
#8442 = CARTESIAN_POINT ( 'NONE',  ( -1.636363636363635132, 1.000000000000000000, -1.803030301363636845 ) ) ;
#8443 = ADVANCED_FACE ( 'NONE', ( #7238 ), #1712, .F. ) ;
#8444 = AXIS2_PLACEMENT_3D ( 'NONE', #6852, #2853, #2913 ) ;
#8445 = DIRECTION ( 'NONE',  ( 1.000000000000000000, 0.000000000000000000, 1.734723475976807094E-16 ) ) ;
#8446 = DIRECTION ( 'NONE',  ( -0.000000000000000000, -1.000000000000000000, -0.000000000000000000 ) ) ;
#8447 = CARTESIAN_POINT ( 'NONE',  ( 0.8700000000000001066, 0.6664761515876238551, -1.720000000000000862 ) ) ;
#8448 = AXIS2_PLACEMENT_3D ( 'NONE', #3993, #6037, #932 ) ;
#8449 = ORIENTED_EDGE ( 'NONE', *, *, #2336, .F. ) ;
#8450 = ORIENTED_EDGE ( 'NONE', *, *, #6393, .T. ) ;
#8451 = CARTESIAN_POINT ( 'NONE',  ( -1.999999999999999112, 0.1999999999999999833, 1.130000000000000560 ) ) ;
#8452 = CIRCLE ( 'NONE', #8429, 0.1199999999999998845 ) ;
#8453 = AXIS2_PLACEMENT_3D ( 'NONE', #1972, #5361, #7497 ) ;
#8454 = VERTEX_POINT ( 'NONE', #8149 ) ;
#8455 = VERTEX_POINT ( 'NONE', #4366 ) ;
#8456 = AXIS2_PLACEMENT_3D ( 'NONE', #7474, #1191, #3799 ) ;
#8457 = FACE_OUTER_BOUND ( 'NONE', #3567, .T. ) ;
#8458 = ORIENTED_EDGE ( 'NONE', *, *, #5368, .T. ) ;
#8459 = ADVANCED_FACE ( 'NONE', ( #1478 ), #5082, .F. ) ;
#8460 = CARTESIAN_POINT ( 'NONE',  ( -1.999999999999999112, 0.000000000000000000, 0.8700000000000001066 ) ) ;
#8461 = CARTESIAN_POINT ( 'NONE',  ( -1.719999999999998863, 0.000000000000000000, -0.7499999999999995559 ) ) ;
#8462 = SURFACE_STYLE_USAGE ( .BOTH. , #5097 ) ;
#8463 = VERTEX_POINT ( 'NONE', #8276 ) ;
#8464 = VERTEX_POINT ( 'NONE', #5711 ) ;
#8465 = STYLED_ITEM ( 'NONE', ( #7866 ), #1539 ) ;
#8466 = CARTESIAN_POINT ( 'NONE',  ( -1.249999999999999334, 0.2000000000000000111, 1.720000000000000862 ) ) ;
#8467 = ORIENTED_EDGE ( 'NONE', *, *, #1870, .F. ) ;
#8468 = APPLICATION_CONTEXT ( 'automotive_design' ) ;
#8469 = CARTESIAN_POINT ( 'NONE',  ( -0.6299999999999998934, 0.000000000000000000, -1.720000000000000862 ) ) ;
#8471 = CIRCLE ( 'NONE', #6837, 0.1199999999999998845 ) ;
#8470 = DIRECTION ( 'NONE',  ( 0.000000000000000000, -0.000000000000000000, 1.000000000000000000 ) ) ;
#8472 = VERTEX_POINT ( 'NONE', #4961 ) ;
#8473 = VERTEX_POINT ( 'NONE', #3669 ) ;
#8474 = CARTESIAN_POINT ( 'NONE',  ( 1.719999999999998863, 0.05000000000000002359, -0.7500000000000002220 ) ) ;
#8475 = CARTESIAN_POINT ( 'NONE',  ( -1.999999999999999112, 0.1999999999999999833, -0.3699999999999994404 ) ) ;
#8476 = AXIS2_PLACEMENT_3D ( 'NONE', #7151, #8512, #509 ) ;
#8477 = LINE ( 'NONE', #5935, #8491 ) ;
#8478 = ORIENTED_EDGE ( 'NONE', *, *, #7002, .F. ) ;
#8479 = EDGE_CURVE ( 'NONE', #7350, #86, #1668, .T. ) ;
#8480 = ORIENTED_EDGE ( 'NONE', *, *, #1788, .F. ) ;
#8481 = ORIENTED_EDGE ( 'NONE', *, *, #7279, .F. ) ;
#8482 = EDGE_CURVE ( 'NONE', #582, #3005, #4386, .T. ) ;
#8483 = EDGE_LOOP ( 'NONE', ( #754, #6727, #7041, #8159 ) ) ;
#8484 = CARTESIAN_POINT ( 'NONE',  ( -1.129999999999999449, 0.000000000000000000, 2.000000000000000888 ) ) ;
#8485 = FACE_OUTER_BOUND ( 'NONE', #265, .T. ) ;
#8486 = CARTESIAN_POINT ( 'NONE',  ( 1.370000000000000551, 0.6664761515876238551, 2.000000000000000888 ) ) ;
#8487 = ORIENTED_EDGE ( 'NONE', *, *, #1911, .F. ) ;
#8488 = ORIENTED_EDGE ( 'NONE', *, *, #6391, .T. ) ;
#8489 = CARTESIAN_POINT ( 'NONE',  ( 0.1300000000000003375, 0.1999999999999999833, -1.720000000000000862 ) ) ;
#8490 = CARTESIAN_POINT ( 'NONE',  ( 1.999999999999999112, 0.6664761515876242992, 0.3700000000000001066 ) ) ;
#8491 = VECTOR ( 'NONE', #1095, 1000.000000000000000 ) ;
#8492 = ORIENTED_EDGE ( 'NONE', *, *, #1097, .F. ) ;
#8493 = CARTESIAN_POINT ( 'NONE',  ( 0.1300000000000007816, 0.6664761515876238551, 1.720000000000000862 ) ) ;
#8494 =( GEOMETRIC_REPRESENTATION_CONTEXT ( 3 ) GLOBAL_UNCERTAINTY_ASSIGNED_CONTEXT ( ( #2763 ) ) GLOBAL_UNIT_ASSIGNED_CONTEXT ( ( #3172, #493, #3857 ) ) REPRESENTATION_CONTEXT ( 'NONE', 'WORKASPACE' ) );
#8495 = SURFACE_SIDE_STYLE ('',( #2722 ) ) ;
#8496 = EDGE_CURVE ( 'NONE', #7753, #3950, #7348, .T. ) ;
#8497 = CARTESIAN_POINT ( 'NONE',  ( -1.999999999999999112, 0.1999999999999999833, -1.129999999999999893 ) ) ;
#8498 = CARTESIAN_POINT ( 'NONE',  ( -0.7499999999999993339, 0.2000000000000000111, 1.720000000000000862 ) ) ;
#8499 = ORIENTED_EDGE ( 'NONE', *, *, #1998, .F. ) ;
#8500 = ORIENTED_EDGE ( 'NONE', *, *, #7561, .T. ) ;
#8501 = ORIENTED_EDGE ( 'NONE', *, *, #7021, .T. ) ;
#8502 = VECTOR ( 'NONE', #7503, 1000.000000000000000 ) ;
#8503 = ORIENTED_EDGE ( 'NONE', *, *, #6670, .F. ) ;
#8504 = VERTEX_POINT ( 'NONE', #4963 ) ;
#8505 = CIRCLE ( 'NONE', #4194, 0.1199999999999998845 ) ;
#8506 = DIRECTION ( 'NONE',  ( -1.000000000000000000, 0.000000000000000000, -0.000000000000000000 ) ) ;
#8507 = ORIENTED_EDGE ( 'NONE', *, *, #2218, .T. ) ;
#8508 = CARTESIAN_POINT ( 'NONE',  ( -0.1299999999999994771, 0.2000000000000000111, 2.000000000000000888 ) ) ;
#8509 = EDGE_CURVE ( 'NONE', #2675, #2355, #7381, .T. ) ;
#8510 = CARTESIAN_POINT ( 'NONE',  ( -0.8699999999999996625, 0.1999999999999996503, -2.000000000000000444 ) ) ;
#8511 = CARTESIAN_POINT ( 'NONE',  ( -0.6299999999999994493, 0.05000000000000000278, 0.000000000000000000 ) ) ;
#8512 = DIRECTION ( 'NONE',  ( -0.000000000000000000, -1.000000000000000000, -0.000000000000000000 ) ) ;
#8513 = DIRECTION ( 'NONE',  ( 0.000000000000000000, 0.000000000000000000, -1.000000000000000000 ) ) ;
#8514 = EDGE_CURVE ( 'NONE', #4949, #5269, #4630, .T. ) ;
#8515 = ORIENTED_EDGE ( 'NONE', *, *, #5630, .T. ) ;
#8516 = ORIENTED_EDGE ( 'NONE', *, *, #5683, .T. ) ;
#8517 = DIRECTION ( 'NONE',  ( 0.000000000000000000, 1.000000000000000000, 0.000000000000000000 ) ) ;
#8518 = CYLINDRICAL_SURFACE ( 'NONE', #799, 0.1666666649999999361 ) ;
#8519 = ORIENTED_EDGE ( 'NONE', *, *, #2664, .T. ) ;
#8520 = ORIENTED_EDGE ( 'NONE', *, *, #4227, .T. ) ;
#8521 = VECTOR ( 'NONE', #8513, 1000.000000000000000 ) ;
#8522 = ORIENTED_EDGE ( 'NONE', *, *, #4438, .T. ) ;
#8523 = EDGE_CURVE ( 'NONE', #1198, #1260, #4449, .T. ) ;
#8524 = ADVANCED_FACE ( 'NONE', ( #1645 ), #8279, .F. ) ;
#8525 = EDGE_CURVE ( 'NONE', #660, #228, #1540, .T. ) ;
#8526 = DIRECTION ( 'NONE',  ( 0.000000000000000000, 0.000000000000000000, 1.000000000000000000 ) ) ;
#8527 = DIRECTION ( 'NONE',  ( 0.000000000000000000, 1.000000000000000000, 0.000000000000000000 ) ) ;
#8528 = CARTESIAN_POINT ( 'NONE',  ( 1.719999999999998863, 0.1999999999999999833, 0.3700000000000001066 ) ) ;
#8529 = FILL_AREA_STYLE ('',( #6362 ) ) ;
#8530 = ORIENTED_EDGE ( 'NONE', *, *, #1144, .F. ) ;
#8531 = VECTOR ( 'NONE', #3560, 1000.000000000000000 ) ;
#8532 = ORIENTED_EDGE ( 'NONE', *, *, #1802, .F. ) ;
#8533 = DIRECTION ( 'NONE',  ( 0.000000000000000000, 0.000000000000000000, -1.000000000000000000 ) ) ;
#8534 = AXIS2_PLACEMENT_3D ( 'NONE', #3367, #4716, #6686 ) ;
#8535 = CARTESIAN_POINT ( 'NONE',  ( -0.1299999999999998934, 0.04999999999999969746, -2.000000000000000888 ) ) ;
#8536 = DIRECTION ( 'NONE',  ( 0.000000000000000000, 1.000000000000000000, 0.000000000000000000 ) ) ;
#8537 = ORIENTED_EDGE ( 'NONE', *, *, #3196, .T. ) ;
#8538 = ORIENTED_EDGE ( 'NONE', *, *, #7344, .F. ) ;
#8539 = PLANE ( 'NONE',  #6363 ) ;
#8540 = CARTESIAN_POINT ( 'NONE',  ( 0.6300000000000007816, 0.04999999999999999584, 1.720000000000000862 ) ) ;
#8541 = FACE_OUTER_BOUND ( 'NONE', #1449, .T. ) ;
#8542 = EDGE_LOOP ( 'NONE', ( #5928, #180, #2571, #7446 ) ) ;
#8543 = ADVANCED_FACE ( 'NONE', ( #4613 ), #1404, .T. ) ;
#8544 = EDGE_CURVE ( 'NONE', #248, #6204, #4556, .T. ) ;
#8545 = EDGE_LOOP ( 'NONE', ( #5851, #3647, #2777, #3204 ) ) ;
#8546 = LINE ( 'NONE', #7507, #8606 ) ;
#8547 = ORIENTED_EDGE ( 'NONE', *, *, #2449, .T. ) ;
#8548 = EDGE_LOOP ( 'NONE', ( #5072, #1580, #6753, #4247 ) ) ;
#8549 = CARTESIAN_POINT ( 'NONE',  ( -1.149999999999999911, 0.000000000000000000, -1.150000000000000133 ) ) ;
#8550 = ORIENTED_EDGE ( 'NONE', *, *, #7742, .F. ) ;
#8551 = ORIENTED_EDGE ( 'NONE', *, *, #5668, .T. ) ;
#8552 = PLANE ( 'NONE',  #3929 ) ;
#8553 = CARTESIAN_POINT ( 'NONE',  ( 0.2500000000000006661, 0.2000000000000000111, 1.720000000000000862 ) ) ;
#8554 = FACE_OUTER_BOUND ( 'NONE', #1187, .T. ) ;
#8555 = EDGE_LOOP ( 'NONE', ( #2535, #6585 ) ) ;
#8556 = CARTESIAN_POINT ( 'NONE',  ( 0.3700000000000005507, 0.2000000000000000111, 1.720000000000000862 ) ) ;
#8557 = CARTESIAN_POINT ( 'NONE',  ( 1.999999999999999112, 0.000000000000000000, -1.129999999999999893 ) ) ;
#8558 = CARTESIAN_POINT ( 'NONE',  ( 1.370000000000000107, 0.6664761515876238551, -1.720000000000000862 ) ) ;
#8559 = CARTESIAN_POINT ( 'NONE',  ( 2.000000000000000888, 0.05000000000000000278, 1.999999999999999112 ) ) ;
#8560 = AXIS2_PLACEMENT_3D ( 'NONE', #2797, #4859, #3352 ) ;
#8561 = CARTESIAN_POINT ( 'NONE',  ( 1.250000000000000000, 0.05000000000000000278, -1.149999999999999689 ) ) ;
#8562 = ORIENTED_EDGE ( 'NONE', *, *, #5597, .F. ) ;
#8563 = ORIENTED_EDGE ( 'NONE', *, *, #2880, .F. ) ;
#8564 = VERTEX_POINT ( 'NONE', #2051 ) ;
#8565 = AXIS2_PLACEMENT_3D ( 'NONE', #4451, #5282, #5101 ) ;
#8566 = ORIENTED_EDGE ( 'NONE', *, *, #7862, .T. ) ;
#8567 = ORIENTED_EDGE ( 'NONE', *, *, #3604, .T. ) ;
#8568 = EDGE_CURVE ( 'NONE', #1111, #3219, #4579, .T. ) ;
#8569 = AXIS2_PLACEMENT_3D ( 'NONE', #8461, #6361, #5213 ) ;
#8570 = VECTOR ( 'NONE', #5918, 1000.000000000000000 ) ;
#8571 = DIRECTION ( 'NONE',  ( 0.000000000000000000, 1.000000000000000000, 0.000000000000000000 ) ) ;
#8572 = ORIENTED_EDGE ( 'NONE', *, *, #1073, .T. ) ;
#8573 = DIRECTION ( 'NONE',  ( 0.000000000000000000, 1.000000000000000000, 0.000000000000000000 ) ) ;
#8574 = DIRECTION ( 'NONE',  ( 0.000000000000000000, 1.000000000000000000, 0.000000000000000000 ) ) ;
#8575 = DIRECTION ( 'NONE',  ( -0.000000000000000000, -1.000000000000000000, -0.000000000000000000 ) ) ;
#8576 = CARTESIAN_POINT ( 'NONE',  ( -1.719999999999998863, 0.000000000000000000, -1.249999999999999556 ) ) ;
#8577 = DIRECTION ( 'NONE',  ( 0.000000000000000000, 0.000000000000000000, -1.000000000000000000 ) ) ;
#8578 = PRESENTATION_LAYER_ASSIGNMENT (  '', '', ( #2272 ) ) ;
#8579 = EDGE_LOOP ( 'NONE', ( #6997, #6445, #3603, #7282 ) ) ;
#8580 = ORIENTED_EDGE ( 'NONE', *, *, #5611, .F. ) ;
#8581 = DIRECTION ( 'NONE',  ( 0.000000000000000000, 1.000000000000000000, 0.000000000000000000 ) ) ;
#8582 = ORIENTED_EDGE ( 'NONE', *, *, #7138, .T. ) ;
#8583 = ORIENTED_EDGE ( 'NONE', *, *, #2416, .T. ) ;
#8584 = ORIENTED_EDGE ( 'NONE', *, *, #2217, .F. ) ;
#8585 = VECTOR ( 'NONE', #3586, 1000.000000000000000 ) ;
#8586 = EDGE_CURVE ( 'NONE', #5134, #3773, #7445, .T. ) ;
#8587 = VERTEX_POINT ( 'NONE', #4984 ) ;
#8588 = CARTESIAN_POINT ( 'NONE',  ( -1.636363636363635132, 0.9000000000000000222, -1.803030301363636845 ) ) ;
#8589 = CARTESIAN_POINT ( 'NONE',  ( -0.6299999999999994493, 0.000000000000000000, 2.000000000000000888 ) ) ;
#8590 = CARTESIAN_POINT ( 'NONE',  ( -1.719999999999998863, 0.1999999999999999833, 0.7500000000000004441 ) ) ;
#8591 = CARTESIAN_POINT ( 'NONE',  ( 1.999999999999999112, 0.6664761515876242992, -0.6299999999999998934 ) ) ;
#8592 = ORIENTED_EDGE ( 'NONE', *, *, #3685, .F. ) ;
#8593 = AXIS2_PLACEMENT_3D ( 'NONE', #6723, #545, #3287 ) ;
#8594 = CIRCLE ( 'NONE', #1751, 0.1199999999999998845 ) ;
#8595 = CARTESIAN_POINT ( 'NONE',  ( -0.6299999999999994493, 0.000000000000000000, 2.000000000000000888 ) ) ;
#8596 = EDGE_CURVE ( 'NONE', #1722, #600, #1505, .T. ) ;
#8597 = VERTEX_POINT ( 'NONE', #5679 ) ;
#8598 = ADVANCED_FACE ( 'NONE', ( #1563 ), #7621, .T. ) ;
#8599 = EDGE_LOOP ( 'NONE', ( #2029, #8125, #2250, #7674 ) ) ;
#8600 = VERTEX_POINT ( 'NONE', #8173 ) ;
#8601 = DIRECTION ( 'NONE',  ( 0.000000000000000000, 1.000000000000000000, 0.000000000000000000 ) ) ;
#8602 = FACE_OUTER_BOUND ( 'NONE', #2505, .T. ) ;
#8603 = VERTEX_POINT ( 'NONE', #8344 ) ;
#8604 = EDGE_CURVE ( 'NONE', #3378, #5626, #4658, .T. ) ;
#8605 = VERTEX_POINT ( 'NONE', #7571 ) ;
#8606 = VECTOR ( 'NONE', #6142, 1000.000000000000000 ) ;
#8607 = ORIENTED_EDGE ( 'NONE', *, *, #5912, .F. ) ;
#8608 = ORIENTED_EDGE ( 'NONE', *, *, #4539, .F. ) ;
#8609 =( GEOMETRIC_REPRESENTATION_CONTEXT ( 3 ) GLOBAL_UNCERTAINTY_ASSIGNED_CONTEXT ( ( #5334 ) ) GLOBAL_UNIT_ASSIGNED_CONTEXT ( ( #6994, #4926, #2289 ) ) REPRESENTATION_CONTEXT ( 'NONE', 'WORKASPACE' ) );
#8610 = PLANE ( 'NONE',  #4253 ) ;
#8611 = EDGE_CURVE ( 'NONE', #4014, #5281, #7337, .T. ) ;
#8612 = CARTESIAN_POINT ( 'NONE',  ( -1.719999999999998863, 0.1999999999999999833, 0.8700000000000001066 ) ) ;
#8613 = ORIENTED_EDGE ( 'NONE', *, *, #1990, .F. ) ;
#8614 = CARTESIAN_POINT ( 'NONE',  ( 1.999999999999999112, 0.1999999999999999833, 0.3700000000000001066 ) ) ;
#8615 = CARTESIAN_POINT ( 'NONE',  ( -1.719999999999998863, 0.6664761515876242992, 0.1300000000000003375 ) ) ;
#8616 = DIRECTION ( 'NONE',  ( 0.000000000000000000, -1.000000000000000000, 0.000000000000000000 ) ) ;
ENDSEC;
END-ISO-10303-21;
